<?xml version="1.0" encoding="utf-8" ?><kml xmlns="http://www.opengis.net/kml/2.2">
<Document id="root_doc">
<Schema name="postes" id="postes">
<SimpleField name="ID" type="string"></SimpleField>
</Schema><Folder><name>postes</name>
<Placemark>
<name> Columna 1</name>
<Point>
<coordinates>-58.21320066899796,-32.21088175003392</coordinates>
</Point>
</Placemark>
<Placemark>
<name> Columna 2</name>
<Point>
<coordinates>-58.212805367084506,-32.211703900258</coordinates>
</Point>
</Placemark>
<Placemark>
<name> Columna 3</name>
<Point>
<coordinates>-58.218497467469795,-32.210374837211134</coordinates>
</Point>
</Placemark>
<Placemark>
<name> Columna 4</name>
<Point>
<coordinates>-58.21815414471589,-32.211068370271406</coordinates>
</Point>
</Placemark>
<Placemark>
<name> Columna 5</name>
<Point>
<coordinates>-58.218140733670815,-32.21117864416404</coordinates>
</Point>
</Placemark>
<Placemark>
<name> Columna 6</name>
<Point>
<coordinates>-58.21759624524079,-32.21091906732918</coordinates>
</Point>
</Placemark>
<Placemark>
<name> Columna 7</name>
<Point>
<coordinates>-58.218030763101204,-32.211334755947696</coordinates>
</Point>
</Placemark>
<Placemark>
<name> Columna 8</name>
<Point>
<coordinates>-58.21769012255631,-32.21217774541081</coordinates>
</Point>
</Placemark>
<Placemark>
<name> Columna 9</name>
<Point>
<coordinates>-58.2175613765236,-32.21251169135906</coordinates>
</Point>
</Placemark>
<Placemark>
<name> Columna 10</name>
<Point>
<coordinates>-58.21731193108521,-32.21308356696319</coordinates>
</Point>
</Placemark>
<Placemark>
<name> Columna 11</name>
<Point>
<coordinates>-58.217505050134285,-32.212631652846895</coordinates>
</Point>
</Placemark>
<Placemark>
<name> Columna 12</name>
<Point>
<coordinates>-58.217620385121926,-32.2126932395595</coordinates>
</Point>
</Placemark>
<Placemark>
<name> Columna 13</name>
<Point>
<coordinates>-58.21757478756867,-32.21280670700074</coordinates>
</Point>
</Placemark>
<Placemark>
<name> Columna 14</name>
<Point>
<coordinates>-58.21843309445344,-32.213097183005175</coordinates>
</Point>
</Placemark>
<Placemark>
<name> Columna 15</name>
<Point>
<coordinates>-58.21865840001069,-32.21315701646784</coordinates>
</Point>
</Placemark>
<Placemark>
<name> Columna 16</name>
<Point>
<coordinates>-58.21857793374024,-32.21019919683446</coordinates>
</Point>
</Placemark>
<Placemark>
<name> Columna 17</name>
<Point>
<coordinates>-58.21865303559266,-32.210260463562534</coordinates>
</Point>
</Placemark>
<Placemark>
<name> Columna 18</name>
<Point>
<coordinates>-58.21885151905976,-32.209536518589154</coordinates>
</Point>
</Placemark>
<Placemark>
<name> Columna 19</name>
<Point>
<coordinates>-58.218729478549584,-32.20943325951052</coordinates>
</Point>
</Placemark>
<Placemark>
<name> Columna 20</name>
<Point>
<coordinates>-58.218771052789315,-32.20934815578614</coordinates>
</Point>
</Placemark>
<Placemark>
<name> Columna 21</name>
<Point>
<coordinates>-58.21901513380967,-32.20939124050032</coordinates>
</Point>
</Placemark>
<Placemark>
<name> Columna 22</name>
<Point>
<coordinates>-58.21897221846543,-32.20948205227657</coordinates>
</Point>
</Placemark>
<Placemark>
<name> Columna 23</name>
<Point>
<coordinates>-58.21994049591981,-32.20985196867471</coordinates>
</Point>
</Placemark>
<Placemark>
<name> Columna 24</name>
<Point>
<coordinates>-58.21986002964936,-32.20999721151173</coordinates>
</Point>
</Placemark>
<Placemark>
<name> Columna 25</name>
<Point>
<coordinates>-58.21931285901032,-32.20873377104981</coordinates>
</Point>
</Placemark>
<Placemark>
<name> Columna 26</name>
<Point>
<coordinates>-58.219406736325844,-32.20853342543456</coordinates>
</Point>
</Placemark>
<Placemark>
<name> Columna 27</name>
<Point>
<coordinates>-58.218902481031044,-32.20840627933645</coordinates>
</Point>
</Placemark>
<Placemark>
<name> Columna 28</name>
<Point>
<coordinates>-58.21880323929749,-32.208585622862515</coordinates>
</Point>
</Placemark>
<Placemark>
<name> Columna 29</name>
<Point>
<coordinates>-58.220015597772225,-32.20960687086133</coordinates>
</Point>
</Placemark>
<Placemark>
<name> Columna 30</name>
<Point>
<coordinates>-58.22014434380494,-32.20967949250451</coordinates>
</Point>
</Placemark>
<Placemark>
<name> Columna 31</name>
<Point>
<coordinates>-58.219495249223336,-32.210809659353664</coordinates>
</Point>
</Placemark>
<Placemark>
<name> Columna 32</name>
<Point>
<coordinates>-58.21917338414155,-32.21140423948775</coordinates>
</Point>
</Placemark>
<Placemark>
<name> Columna 33</name>
<Point>
<coordinates>-58.21926592035256,-32.21146853382896</coordinates>
</Point>
</Placemark>
<Placemark>
<name> Columna 34</name>
<Point>
<coordinates>-58.22084708256684,-32.210124298803834</coordinates>
</Point>
</Placemark>
<Placemark>
<name> Columna 35</name>
<Point>
<coordinates>-58.22113139672242,-32.21021961415639</coordinates>
</Point>
</Placemark>
<Placemark>
<name> Columna 36</name>
<Point>
<coordinates>-58.22119040532075,-32.210109598325204</coordinates>
</Point>
</Placemark>
<Placemark>
<name> Columna 37</name>
<Point>
<coordinates>-58.22070760769807,-32.20800010217136</coordinates>
</Point>
</Placemark>
<Placemark>
<name> Columna 38</name>
<Point>
<coordinates>-58.22059495491944,-32.20817258152626</coordinates>
</Point>
</Placemark>
<Placemark>
<name> Columna 39</name>
<Point>
<coordinates>-58.22067005677186,-32.20786847296998</coordinates>
</Point>
</Placemark>
<Placemark>
<name> Columna 40</name>
<Point>
<coordinates>-58.221732211541756,-32.20836995730235</coordinates>
</Point>
</Placemark>
<Placemark>
<name> Columna 41</name>
<Point>
<coordinates>-58.22164101643525,-32.20835413838866</coordinates>
</Point>
</Placemark>
<Placemark>
<name> Columna 42</name>
<Point>
<coordinates>-58.22170002503358,-32.20820228375474</coordinates>
</Point>
</Placemark>
<Placemark>
<name> Columna 43</name>
<Point>
<coordinates>-58.222678664528424,-32.20865411832562</coordinates>
</Point>
</Placemark>
<Placemark>
<name> Columna 44</name>
<Point>
<coordinates>-58.222729993295296,-32.20856292833232</coordinates>
</Point>
</Placemark>
<Placemark>
<name> Columna 45</name>
<Point>
<coordinates>-58.2213620666977,-32.209184756412085</coordinates>
</Point>
</Placemark>
<Placemark>
<name> Columna 46</name>
<Point>
<coordinates>-58.220525217485054,-32.208903345690956</coordinates>
</Point>
</Placemark>
<Placemark>
<name> Columna 47</name>
<Point>
<coordinates>-58.221244049501045,-32.20930730597015</coordinates>
</Point>
</Placemark>
<Placemark>
<name> Columna 48</name>
<Point>
<coordinates>-58.22234375519715,-32.20949793828774</coordinates>
</Point>
</Placemark>
<Placemark>
<name> Columna 49</name>
<Point>
<coordinates>-58.22108848137818,-32.20715213853643</coordinates>
</Point>
</Placemark>
<Placemark>
<name> Columna 50</name>
<Point>
<coordinates>-58.2211635832306,-32.207296564572665</coordinates>
</Point>
</Placemark>
<Placemark>
<name> Columna 51</name>
<Point>
<coordinates>-58.22129232926331,-32.20695943462527</coordinates>
</Point>
</Placemark>
<Placemark>
<name> Columna 52</name>
<Point>
<coordinates>-58.21968836827241,-32.20669741858528</coordinates>
</Point>
</Placemark>
<Placemark>
<name> Columna 53</name>
<Point>
<coordinates>-58.221249413919075,-32.206809794219424</coordinates>
</Point>
</Placemark>
<Placemark>
<name> Columna 54</name>
<Point>
<coordinates>-58.22119845194779,-32.207172877561405</coordinates>
</Point>
</Placemark>
<Placemark>
<name> Columna 55</name>
<Point>
<coordinates>-58.221600783300026,-32.20632521984819</coordinates>
</Point>
</Placemark>
<Placemark>
<name> Columna 56</name>
<Point>
<coordinates>-58.22164839251004,-32.20620777267455</coordinates>
</Point>
</Placemark>
<Placemark>
<name> Columna 57</name>
<Point>
<coordinates>-58.22016580147706,-32.20571245031718</coordinates>
</Point>
</Placemark>
<Placemark>
<name> Columna 58</name>
<Point>
<coordinates>-58.22200847907029,-32.2053459213839</coordinates>
</Point>
</Placemark>
<Placemark>
<name> Columna 59</name>
<Point>
<coordinates>-58.22183949990235,-32.20530748115093</coordinates>
</Point>
</Placemark>
<Placemark>
<name> Columna 60</name>
<Point>
<coordinates>-58.22186095757447,-32.205212018804716</coordinates>
</Point>
</Placemark>
<Placemark>
<name> Columna 61</name>
<Point>
<coordinates>-58.2230733160492,-32.20572152841442</coordinates>
</Point>
</Placemark>
<Placemark>
<name> Columna 62</name>
<Point>
<coordinates>-58.222861421537026,-32.205630747401145</coordinates>
</Point>
</Placemark>
<Placemark>
<name> Columna 63</name>
<Point>
<coordinates>-58.22290165467225,-32.20553996629727</coordinates>
</Point>
</Placemark>
<Placemark>
<name> Columna 64</name>
<Point>
<coordinates>-58.22311220807992,-32.20560124355229</coordinates>
</Point>
</Placemark>
<Placemark>
<name> Columna 65</name>
<Point>
<coordinates>-58.22341127438508,-32.20485740795149</coordinates>
</Point>
</Placemark>
<Placemark>
<name> Columna 66</name>
<Point>
<coordinates>-58.22468264145814,-32.2062480565048</coordinates>
</Point>
</Placemark>
<Placemark>
<name> Columna 67</name>
<Point>
<coordinates>-58.22558285991646,-32.20653855345694</coordinates>
</Point>
</Placemark>
<Placemark>
<name> Columna 68</name>
<Point>
<coordinates>-58.22566969437562,-32.20643415622158</coordinates>
</Point>
</Placemark>
<Placemark>
<name> Columna 69</name>
<Point>
<coordinates>-58.225020599794014,-32.205259679067346</coordinates>
</Point>
</Placemark>
<Placemark>
<name> Columna 70</name>
<Point>
<coordinates>-58.224988413285836,-32.20541741166333</coordinates>
</Point>
</Placemark>
<Placemark>
<name> Columna 71</name>
<Point>
<coordinates>-58.22462363285981,-32.20510341925857</coordinates>
</Point>
</Placemark>
<Placemark>
<name> Columna 72</name>
<Point>
<coordinates>-58.22591645760499,-32.20550819288952</coordinates>
</Point>
</Placemark>
<Placemark>
<name> Columna 73</name>
<Point>
<coordinates>-58.22243446548,-32.204374212433116</coordinates>
</Point>
</Placemark>
<Placemark>
<name> Columna 74</name>
<Point>
<coordinates>-58.22234375519715,-32.204585112922</coordinates>
</Point>
</Placemark>
<Placemark>
<name> Columna 75</name>
<Point>
<coordinates>-58.22255296750031,-32.204409733968596</coordinates>
</Point>
</Placemark>
<Placemark>
<name> Columna 76</name>
<Point>
<coordinates>-58.22196824593507,-32.204232840826855</coordinates>
</Point>
</Placemark>
<Placemark>
<name> Columna 77</name>
<Point>
<coordinates>-58.2209114555832,-32.20400692598974</coordinates>
</Point>
</Placemark>
<Placemark>
<name> Columna 78</name>
<Point>
<coordinates>-58.22182340664826,-32.20433256900037</coordinates>
</Point>
</Placemark>
<Placemark>
<name> Columna 79</name>
<Point>
<coordinates>-58.22277827305755,-32.203673747913996</coordinates>
</Point>
</Placemark>
<Placemark>
<name> Columna 80</name>
<Point>
<coordinates>-58.22358830018006,-32.203921777920435</coordinates>
</Point>
</Placemark>
<Placemark>
<name> Columna 81</name>
<Point>
<coordinates>-58.22369558854066,-32.20381964725359</coordinates>
</Point>
</Placemark>
<Placemark>
<name> Columna 82</name>
<Point>
<coordinates>-58.22135670227967,-32.20320031819142</coordinates>
</Point>
</Placemark>
<Placemark>
<name> Columna 83</name>
<Point>
<coordinates>-58.22134195013009,-32.2030718203213</coordinates>
</Point>
</Placemark>
<Placemark>
<name> Columna 84</name>
<Point>
<coordinates>-58.223286551665886,-32.202448644822695</coordinates>
</Point>
</Placemark>
<Placemark>
<name> Columna 85</name>
<Point>
<coordinates>-58.22321279091798,-32.202666697549574</coordinates>
</Point>
</Placemark>
<Placemark>
<name> Columna 86</name>
<Point>
<coordinates>-58.223360312413796,-32.20233987450298</coordinates>
</Point>
</Placemark>
<Placemark>
<name> Columna 87</name>
<Point>
<coordinates>-58.22695179028474,-32.203551837404724</coordinates>
</Point>
</Placemark>
<Placemark>
<name> Columna 88</name>
<Point>
<coordinates>-58.22605593247376,-32.203243174228085</coordinates>
</Point>
</Placemark>
<Placemark>
<name> Columna 89</name>
<Point>
<coordinates>-58.226796222161894,-32.20389846286374</coordinates>
</Point>
</Placemark>
<Placemark>
<name> Columna 90</name>
<Point>
<coordinates>-58.226485085916146,-32.20460945475903</coordinates>
</Point>
</Placemark>
<Placemark>
<name> Columna 91</name>
<Point>
<coordinates>-58.22745604557954,-32.202414771554885</coordinates>
</Point>
</Placemark>
<Placemark>
<name> Columna 92</name>
<Point>
<coordinates>-58.22761697812043,-32.20202212874879</coordinates>
</Point>
</Placemark>
<Placemark>
<name> Columna 93</name>
<Point>
<coordinates>-58.2280622248169,-32.20110886871668</coordinates>
</Point>
</Placemark>
<Placemark>
<name> Columna 94</name>
<Point>
<coordinates>-58.226742577981575,-32.200719359553986</coordinates>
</Point>
</Placemark>
<Placemark>
<name> Columna 95</name>
<Point>
<coordinates>-58.22394235177003,-32.20103806931485</coordinates>
</Point>
</Placemark>
<Placemark>
<name> Columna 96</name>
<Point>
<coordinates>-58.2224429969307,-32.2005536750266</coordinates>
</Point>
</Placemark>
<Placemark>
<name> Columna 97</name>
<Point>
<coordinates>-58.22395308060609,-32.20116874894482</coordinates>
</Point>
</Placemark>
<Placemark>
<name> Columna 98</name>
<Point>
<coordinates>-58.224532437753304,-32.2013412412528</coordinates>
</Point>
</Placemark>
<Placemark>
<name> Columna 99</name>
<Point>
<coordinates>-58.22463436169587,-32.20123229878054</coordinates>
</Point>
</Placemark>
<Placemark>
<name> Columna 100</name>
<Point>
<coordinates>-58.22506083292924,-32.20137074648325</coordinates>
</Point>
</Placemark>
<Placemark>
<name> Columna 101</name>
<Point>
<coordinates>-58.22433931870423,-32.20010655226201</coordinates>
</Point>
</Placemark>
<Placemark>
<name> Columna 102</name>
<Point>
<coordinates>-58.224221301507576,-32.20004293738737</coordinates>
</Point>
</Placemark>
<Placemark>
<name> Columna 103</name>
<Point>
<coordinates>-58.224406373929604,-32.19983589958255</coordinates>
</Point>
</Placemark>
<Placemark>
<name> Columna 104</name>
<Point>
<coordinates>-58.224100602101906,-32.19974340525237</coordinates>
</Point>
</Placemark>
<Placemark>
<name> Columna 105</name>
<Point>
<coordinates>-58.223628533315285,-32.19957771894777</coordinates>
</Point>
</Placemark>
<Placemark>
<name> Columna 106</name>
<Point>
<coordinates>-58.22399331374131,-32.19969574209976</coordinates>
</Point>
</Placemark>
<Placemark>
<name> Columna 107</name>
<Point>
<coordinates>-58.22431249661408,-32.1989154658304</coordinates>
</Point>
</Placemark>
<Placemark>
<name> Columna 108</name>
<Point>
<coordinates>-58.22333349032365,-32.198596483626304</coordinates>
</Point>
</Placemark>
<Placemark>
<name> Columna 109</name>
<Point>
<coordinates>-58.22331069154702,-32.19849507635225</coordinates>
</Point>
</Placemark>
<Placemark>
<name> Columna 110</name>
<Point>
<coordinates>-58.22554228944741,-32.19930530578002</coordinates>
</Point>
</Placemark>
<Placemark>
<name> Columna 111</name>
<Point>
<coordinates>-58.22571260971986,-32.19924861511901</coordinates>
</Point>
</Placemark>
<Placemark>
<name> Columna 112</name>
<Point>
<coordinates>-58.22474433226548,-32.19809049615625</coordinates>
</Point>
</Placemark>
<Placemark>
<name> Columna 113</name>
<Point>
<coordinates>-58.22516543908082,-32.19826810562125</coordinates>
</Point>
</Placemark>
<Placemark>
<name> Columna 114</name>
<Point>
<coordinates>-58.22421057267152,-32.19791176043135</coordinates>
</Point>
</Placemark>
<Placemark>
<name> Columna 115</name>
<Point>
<coordinates>-58.225272727441414,-32.19816596860755</coordinates>
</Point>
</Placemark>
<Placemark>
<name> Columna 116</name>
<Point>
<coordinates>-58.22419179720841,-32.19779559542704</coordinates>
</Point>
</Placemark>
<Placemark>
<name> Columna 117</name>
<Point>
<coordinates>-58.22518421454392,-32.19713097373527</coordinates>
</Point>
</Placemark>
<Placemark>
<name> Columna 118</name>
<Point>
<coordinates>-58.22631878895722,-32.197500940359575</coordinates>
</Point>
</Placemark>
<Placemark>
<name> Columna 119</name>
<Point>
<coordinates>-58.224242759179695,-32.19681094004318</coordinates>
</Point>
</Placemark>
<Placemark>
<name> Columna 120</name>
<Point>
<coordinates>-58.22633488221131,-32.19763712401424</coordinates>
</Point>
</Placemark>
<Placemark>
<name> Columna 121</name>
<Point>
<coordinates>-58.22403086466752,-32.19686158470223</coordinates>
</Point>
</Placemark>
<Placemark>
<name> Columna 122</name>
<Point>
<coordinates>-58.22510643048249,-32.19703337492711</coordinates>
</Point>
</Placemark>
<Placemark>
<name> Columna 123</name>
<Point>
<coordinates>-58.22587890667878,-32.19524026191771</coordinates>
</Point>
</Placemark>
<Placemark>
<name> Columna 124</name>
<Point>
<coordinates>-58.22532637162171,-32.19651133301347</coordinates>
</Point>
</Placemark>
<Placemark>
<name> Columna 125</name>
<Point>
<coordinates>-58.225524855088814,-32.196477286697714</coordinates>
</Point>
</Placemark>
<Placemark>
<name> Columna 126</name>
<Point>
<coordinates>-58.2249454979416,-32.19494518930274</coordinates>
</Point>
</Placemark>
<Placemark>
<name> Columna 127</name>
<Point>
<coordinates>-58.224838209581,-32.19500193411065</coordinates>
</Point>
</Placemark>
<Placemark>
<name> Columna 128</name>
<Point>
<coordinates>-58.22610421223603,-32.19456926215609</coordinates>
</Point>
</Placemark>
<Placemark>
<name> Columna 129</name>
<Point>
<coordinates>-58.226216865014656,-32.19432553369705</coordinates>
</Point>
</Placemark>
<Placemark>
<name> Columna 130</name>
<Point>
<coordinates>-58.22517080349885,-32.19400549013848</coordinates>
</Point>
</Placemark>
<Placemark>
<name> Columna 131</name>
<Point>
<coordinates>-58.225476575326546,-32.19341533594444</coordinates>
</Point>
</Placemark>
<Placemark>
<name> Columna 132</name>
<Point>
<coordinates>-58.21661992115937,-32.20867640092673</coordinates>
</Point>
</Placemark>
<Placemark>
<name> Columna 133</name>
<Point>
<coordinates>-58.21781618638001,-32.20906220668889</coordinates>
</Point>
</Placemark>
<Placemark>
<name> Columna 134</name>
<Point>
<coordinates>-58.2175613765236,-32.20912348157118</coordinates>
</Point>
</Placemark>
<Placemark>
<name> Columna 135</name>
<Point>
<coordinates>-58.21732265992127,-32.20903951227767</coordinates>
</Point>
</Placemark>
<Placemark>
<name> Columna 136</name>
<Point>
<coordinates>-58.217000794839485,-32.20962956513103</coordinates>
</Point>
</Placemark>
<Placemark>
<name> Columna 137</name>
<Point>
<coordinates>-58.21685595555268,-32.210007055353465</coordinates>
</Point>
</Placemark>
<Placemark>
<name> Columna 138</name>
<Point>
<coordinates>-58.21792749805413,-32.21010387407244</coordinates>
</Point>
</Placemark>
<Placemark>
<name> Columna 139</name>
<Point>
<coordinates>-58.21674598498307,-32.2086886346824</coordinates>
</Point>
</Placemark>
<Placemark>
<name> Columna 140</name>
<Point>
<coordinates>-58.21638925118409,-32.208626473002646</coordinates>
</Point>
</Placemark>
<Placemark>
<name> Columna 141</name>
<Point>
<coordinates>-58.21641070885621,-32.208832992874626</coordinates>
</Point>
</Placemark>
<Placemark>
<name> Columna 142</name>
<Point>
<coordinates>-58.217016888093575,-32.207720108003734</coordinates>
</Point>
</Placemark>
<Placemark>
<name> Columna 143</name>
<Point>
<coordinates>-58.2170034770485,-32.20786271142446</coordinates>
</Point>
</Placemark>
<Placemark>
<name> Columna 144</name>
<Point>
<coordinates>-58.21756942315064,-32.20791386237129</coordinates>
</Point>
</Placemark>
<Placemark>
<name> Columna 145</name>
<Point>
<coordinates>-58.21804685635529,-32.20800464110598</coordinates>
</Point>
</Placemark>
<Placemark>
<name> Columna 146</name>
<Point>
<coordinates>-58.21855379385911,-32.20795244334462</coordinates>
</Point>
</Placemark>
<Placemark>
<name> Columna 147</name>
<Point>
<coordinates>-58.21892662091218,-32.20760521399566</coordinates>
</Point>
</Placemark>
<Placemark>
<name> Columna 148</name>
<Point>
<coordinates>-58.21682913346253,-32.20768010671241</coordinates>
</Point>
</Placemark>
<Placemark>
<name> Columna 149</name>
<Point>
<coordinates>-58.21659578127824,-32.20759386660891</coordinates>
</Point>
</Placemark>
<Placemark>
<name> Columna 150</name>
<Point>
<coordinates>-58.21722341818772,-32.2071143348802</coordinates>
</Point>
</Placemark>
<Placemark>
<name> Columna 151</name>
<Point>
<coordinates>-58.21711881203614,-32.20701093166818</coordinates>
</Point>
</Placemark>
<Placemark>
<name> Columna 152</name>
<Point>
<coordinates>-58.21648849291764,-32.206789325942985</coordinates>
</Point>
</Placemark>
<Placemark>
<name> Columna 153</name>
<Point>
<coordinates>-58.215729427766426,-32.208417683204814</coordinates>
</Point>
</Placemark>
<Placemark>
<name> Columna 154</name>
<Point>
<coordinates>-58.21563152713738,-32.20838931498883</coordinates>
</Point>
</Placemark>
<Placemark>
<name> Columna 155</name>
<Point>
<coordinates>-58.21670575184785,-32.20778677199051</coordinates>
</Point>
</Placemark>
<Placemark>
<name> Columna 156</name>
<Point>
<coordinates>-58.21630878491364,-32.207652873004385</coordinates>
</Point>
</Placemark>
<Placemark>
<name> Columna 157</name>
<Point>
<coordinates>-58.215745521020516,-32.20749698402649</coordinates>
</Point>
</Placemark>
<Placemark>
<name> Columna 158</name>
<Point>
<coordinates>-58.21534318966828,-32.209175678660515</coordinates>
</Point>
</Placemark>
<Placemark>
<name> Columna 159</name>
<Point>
<coordinates>-58.21545852465592,-32.20921425909856</coordinates>
</Point>
</Placemark>
<Placemark>
<name> Columna 160</name>
<Point>
<coordinates>-58.21531368536912,-32.20947751341572</coordinates>
</Point>
</Placemark>
<Placemark>
<name> Columna 161</name>
<Point>
<coordinates>-58.21509106202088,-32.208188467766234</coordinates>
</Point>
</Placemark>
<Placemark>
<name> Columna 162</name>
<Point>
<coordinates>-58.21495963377915,-32.2081453479657</coordinates>
</Point>
</Placemark>
<Placemark>
<name> Columna 163</name>
<Point>
<coordinates>-58.21541292710267,-32.20736915282813</coordinates>
</Point>
</Placemark>
<Placemark>
<name> Columna 164</name>
<Point>
<coordinates>-58.21477724356614,-32.207155915860255</coordinates>
</Point>
</Placemark>
<Placemark>
<name> Columna 165</name>
<Point>
<coordinates>-58.21462972207032,-32.20718309025675</coordinates>
</Point>
</Placemark>
<Placemark>
<name> Columna 166</name>
<Point>
<coordinates>-58.2149864558693,-32.208272437845444</coordinates>
</Point>
</Placemark>
<Placemark>
<name> Columna 167</name>
<Point>
<coordinates>-58.214380276631935,-32.2080886113549</coordinates>
</Point>
</Placemark>
<Placemark>
<name> Columna 168</name>
<Point>
<coordinates>-58.21425153059922,-32.208068186166365</coordinates>
</Point>
</Placemark>
<Placemark>
<name> Columna 169</name>
<Point>
<coordinates>-58.21412010235749,-32.2087535622101</coordinates>
</Point>
</Placemark>
<Placemark>
<name> Columna 170</name>
<Point>
<coordinates>-58.21380896611175,-32.2088787958979</coordinates>
</Point>
</Placemark>
<Placemark>
<name> Columna 171</name>
<Point>
<coordinates>-58.21403293056451,-32.20896008179353</coordinates>
</Point>
</Placemark>
<Placemark>
<name> Columna 172</name>
<Point>
<coordinates>-58.213749957513436,-32.20962956513103</coordinates>
</Point>
</Placemark>
<Placemark>
<name> Columna 173</name>
<Point>
<coordinates>-58.21367753787003,-32.209733958698855</coordinates>
</Point>
</Placemark>
<Placemark>
<name> Columna 174</name>
<Point>
<coordinates>-58.21321888012849,-32.20959537883802</coordinates>
</Point>
</Placemark>
<Placemark>
<name> Columna 175</name>
<Point>
<coordinates>-58.21356488509141,-32.20999494209418</coordinates>
</Point>
</Placemark>
<Placemark>
<name> Columna 176</name>
<Point>
<coordinates>-58.21230692906342,-32.20930503653537</coordinates>
</Point>
</Placemark>
<Placemark>
<name> Columna 177</name>
<Point>
<coordinates>-58.21185631794892,-32.21039249735398</coordinates>
</Point>
</Placemark>
<Placemark>
<name> Columna 178</name>
<Point>
<coordinates>-58.21581794066392,-32.2104112793555</coordinates>
</Point>
</Placemark>
<Placemark>
<name> Columna 179</name>
<Point>
<coordinates>-58.21589036030732,-32.21027408002727</coordinates>
</Point>
</Placemark>
<Placemark>
<name> Columna 180</name>
<Point>
<coordinates>-58.21553362650834,-32.21032663705977</coordinates>
</Point>
</Placemark>
<Placemark>
<name> Columna 181</name>
<Point>
<coordinates>-58.215687853526696,-32.21064285850332</coordinates>
</Point>
</Placemark>
<Placemark>
<name> Columna 182</name>
<Point>
<coordinates>-58.21679962916337,-32.2107370564155</coordinates>
</Point>
</Placemark>
<Placemark>
<name> Columna 183</name>
<Point>
<coordinates>-58.21783764405213,-32.21036712581454</coordinates>
</Point>
</Placemark>
<Placemark>
<name> Columna 184</name>
<Point>
<coordinates>-58.2174715225216,-32.210987806862775</coordinates>
</Point>
</Placemark>
<Placemark>
<name> Columna 185</name>
<Point>
<coordinates>-58.21714026970826,-32.21202150940745</coordinates>
</Point>
</Placemark>
<Placemark>
<name> Columna 186</name>
<Point>
<coordinates>-58.217011523675545,-32.212298371760404</coordinates>
</Point>
</Placemark>
<Placemark>
<name> Columna 187</name>
<Point>
<coordinates>-58.21664674324952,-32.213128953761874</coordinates>
</Point>
</Placemark>
<Placemark>
<name> Columna 188</name>
<Point>
<coordinates>-58.215657008123024,-32.212782299926985</coordinates>
</Point>
</Placemark>
<Placemark>
<name> Columna 189</name>
<Point>
<coordinates>-58.21558995289765,-32.21291109692168</coordinates>
</Point>
</Placemark>
<Placemark>
<name> Columna 190</name>
<Point>
<coordinates>-58.21599630756341,-32.21289294216143</coordinates>
</Point>
</Placemark>
<Placemark>
<name> Columna 191</name>
<Point>
<coordinates>-58.216481787395104,-32.213038180141865</coordinates>
</Point>
</Placemark>
<Placemark>
<name> Columna 192</name>
<Point>
<coordinates>-58.216035199594124,-32.21190123287675</coordinates>
</Point>
</Placemark>
<Placemark>
<name> Columna 193</name>
<Point>
<coordinates>-58.215251994561775,-32.21163840363192</coordinates>
</Point>
</Placemark>
<Placemark>
<name> Columna 194</name>
<Point>
<coordinates>-58.21613712353669,-32.21163571619862</coordinates>
</Point>
</Placemark>
<Placemark>
<name> Columna 195</name>
<Point>
<coordinates>-58.216292691659554,-32.211603944920235</coordinates>
</Point>
</Placemark>
<Placemark>
<name> Columna 196</name>
<Point>
<coordinates>-58.21477590246163,-32.212481055064494</coordinates>
</Point>
</Placemark>
<Placemark>
<name> Columna 197</name>
<Point>
<coordinates>-58.21490330738984,-32.21239822354973</coordinates>
</Point>
</Placemark>
<Placemark>
<name> Columna 198</name>
<Point>
<coordinates>-58.216271233987435,-32.21395952817738</coordinates>
</Point>
</Placemark>
<Placemark>
<name> Columna 199</name>
<Point>
<coordinates>-58.21619613213502,-32.214063916774904</coordinates>
</Point>
</Placemark>
<Placemark>
<name> Columna 200</name>
<Point>
<coordinates>-58.21661992115937,-32.2140729940386</coordinates>
</Point>
</Placemark>
<Placemark>
<name> Columna 201</name>
<Point>
<coordinates>-58.2158689026352,-32.214858173918536</coordinates>
</Point>
</Placemark>
<Placemark>
<name> Columna 202</name>
<Point>
<coordinates>-58.21594266338311,-32.21470840024506</coordinates>
</Point>
</Placemark>
<Placemark>
<name> Columna 203</name>
<Point>
<coordinates>-58.216786218118294,-32.21498071583156</coordinates>
</Point>
</Placemark>
<Placemark>
<name> Columna 204</name>
<Point>
<coordinates>-58.21517152829133,-32.214436083843125</coordinates>
</Point>
</Placemark>
<Placemark>
<name> Columna 205</name>
<Point>
<coordinates>-58.21522785468064,-32.21362100652697</coordinates>
</Point>
</Placemark>
<Placemark>
<name> Columna 206</name>
<Point>
<coordinates>-58.21525065345727,-32.21350452865167</coordinates>
</Point>
</Placemark>
<Placemark>
<name> Columna 207</name>
<Point>
<coordinates>-58.21435345454179,-32.21331730873435</coordinates>
</Point>
</Placemark>
<Placemark>
<name> Columna 208</name>
<Point>
<coordinates>-58.218335193824394,-32.213642957676</coordinates>
</Point>
</Placemark>
<Placemark>
<name> Columna 209</name>
<Point>
<coordinates>-58.21796639008485,-32.21450870163002</coordinates>
</Point>
</Placemark>
<Placemark>
<name> Columna 210</name>
<Point>
<coordinates>-58.2189480785843,-32.21484909673325</coordinates>
</Point>
</Placemark>
<Placemark>
<name> Columna 211</name>
<Point>
<coordinates>-58.21809513611756,-32.21456770353923</coordinates>
</Point>
</Placemark>
<Placemark>
<name> Columna 212</name>
<Point>
<coordinates>-58.21767671151124,-32.214408852158066</coordinates>
</Point>
</Placemark>
<Placemark>
<name> Columna 213</name>
<Point>
<coordinates>-58.21915192646943,-32.21489448265072</coordinates>
</Point>
</Placemark>
<Placemark>
<name> Columna 214</name>
<Point>
<coordinates>-58.219044638108834,-32.21464530489824</coordinates>
</Point>
</Placemark>
<Placemark>
<name> Columna 215</name>
<Point>
<coordinates>-58.218529653977974,-32.2158884285633</coordinates>
</Point>
</Placemark>
<Placemark>
<name> Columna 216</name>
<Point>
<coordinates>-58.21867449326478,-32.21558888436355</coordinates>
</Point>
</Placemark>
<Placemark>
<name> Columna 217</name>
<Point>
<coordinates>-58.21943892283401,-32.21584781449155</coordinates>
</Point>
</Placemark>
<Placemark>
<name> Columna 218</name>
<Point>
<coordinates>-58.21965618176423,-32.21591565980524</coordinates>
</Point>
</Placemark>
<Placemark>
<name> Columna 219</name>
<Point>
<coordinates>-58.21993785628554,-32.2153120790181</coordinates>
</Point>
</Placemark>
<Placemark>
<name> Columna 220</name>
<Point>
<coordinates>-58.219358456563576,-32.213944777605015</coordinates>
</Point>
</Placemark>
<Placemark>
<name> Columna 221</name>
<Point>
<coordinates>-58.219149244260414,-32.21389825655342</coordinates>
</Point>
</Placemark>
<Placemark>
<name> Columna 222</name>
<Point>
<coordinates>-58.220283818673714,-32.21426815498874</coordinates>
</Point>
</Placemark>
<Placemark>
<name> Columna 223</name>
<Point>
<coordinates>-58.22016982479058,-32.21421262733878</coordinates>
</Point>
</Placemark>
<Placemark>
<name> Columna 224</name>
<Point>
<coordinates>-58.21941633932698,-32.21384255294108</coordinates>
</Point>
</Placemark>
<Placemark>
<name> Columna 225</name>
<Point>
<coordinates>-58.21920557064973,-32.213778333206555</coordinates>
</Point>
</Placemark>
<Placemark>
<name> Columna 226</name>
<Point>
<coordinates>-58.22033746285401,-32.21413199623049</coordinates>
</Point>
</Placemark>
<Placemark>
<name> Columna 227</name>
<Point>
<coordinates>-58.22021408123933,-32.214107808994996</coordinates>
</Point>
</Placemark>
<Placemark>
<name> Columna 228</name>
<Point>
<coordinates>-58.22060031933747,-32.21438162046487</coordinates>
</Point>
</Placemark>
<Placemark>
<name> Columna 229</name>
<Point>
<coordinates>-58.22117162985764,-32.21456316493219</coordinates>
</Point>
</Placemark>
<Placemark>
<name> Columna 230</name>
<Point>
<coordinates>-58.22121454520188,-32.21443592566314</coordinates>
</Point>
</Placemark>
<Placemark>
<name> Columna 231</name>
<Point>
<coordinates>-58.220970464181526,-32.214324116283464</coordinates>
</Point>
</Placemark>
<Placemark>
<name> Columna 232</name>
<Point>
<coordinates>-58.21967763943635,-32.2131850048977</coordinates>
</Point>
</Placemark>
<Placemark>
<name> Columna 233</name>
<Point>
<coordinates>-58.21986002964936,-32.21277720547968</coordinates>
</Point>
</Placemark>
<Placemark>
<name> Columna 234</name>
<Point>
<coordinates>-58.22230352206193,-32.21391641111297</coordinates>
</Point>
</Placemark>
<Placemark>
<name> Columna 235</name>
<Point>
<coordinates>-58.222299498748406,-32.21379840641115</coordinates>
</Point>
</Placemark>
<Placemark>
<name> Columna 236</name>
<Point>
<coordinates>-58.22241617484055,-32.21382904226189</coordinates>
</Point>
</Placemark>
<Placemark>
<name> Columna 237</name>
<Point>
<coordinates>-58.222872150373085,-32.212745001872044</coordinates>
</Point>
</Placemark>
<Placemark>
<name> Columna 238</name>
<Point>
<coordinates>-58.22188241524659,-32.212424072947485</coordinates>
</Point>
</Placemark>
<Placemark>
<name> Columna 239</name>
<Point>
<coordinates>-58.22203530116046,-32.21247167406016</coordinates>
</Point>
</Placemark>
<Placemark>
<name> Columna 240</name>
<Point>
<coordinates>-58.221769762467964,-32.212666007352524</coordinates>
</Point>
</Placemark>
<Placemark>
<name> Columna 241</name>
<Point>
<coordinates>-58.22167052073441,-32.21235442361808</coordinates>
</Point>
</Placemark>
<Placemark>
<name> Columna 242</name>
<Point>
<coordinates>-58.22131110472642,-32.21223042398646</coordinates>
</Point>
</Placemark>
<Placemark>
<name> Columna 243</name>
<Point>
<coordinates>-58.220871222447975,-32.21324922866884</coordinates>
</Point>
</Placemark>
<Placemark>
<name> Columna 244</name>
<Point>
<coordinates>-58.22129367036782,-32.212306314520376</coordinates>
</Point>
</Placemark>
<Placemark>
<name> Columna 245</name>
<Point>
<coordinates>-58.221013379525765,-32.21222802157027</coordinates>
</Point>
</Placemark>
<Placemark>
<name> Columna 246</name>
<Point>
<coordinates>-58.22040183587037,-32.21190804098648</coordinates>
</Point>
</Placemark>
<Placemark>
<name> Columna 247</name>
<Point>
<coordinates>-58.22168393177949,-32.21135204367744</coordinates>
</Point>
</Placemark>
<Placemark>
<name> Columna 248</name>
<Point>
<coordinates>-58.221575302314385,-32.21130552129949</coordinates>
</Point>
</Placemark>
<Placemark>
<name> Columna 249</name>
<Point>
<coordinates>-58.22169734282456,-32.211270913173614</coordinates>
</Point>
</Placemark>
<Placemark>
<name> Columna 250</name>
<Point>
<coordinates>-58.22144521517716,-32.21127034582721</coordinates>
</Point>
</Placemark>
<Placemark>
<name> Columna 251</name>
<Point>
<coordinates>-58.22139291210137,-32.211345235526046</coordinates>
</Point>
</Placemark>
<Placemark>
<name> Columna 252</name>
<Point>
<coordinates>-58.22236521286927,-32.21156763487423</coordinates>
</Point>
</Placemark>
<Placemark>
<name> Columna 253</name>
<Point>
<coordinates>-58.22319133324586,-32.21183995986598</coordinates>
</Point>
</Placemark>
<Placemark>
<name> Columna 254</name>
<Point>
<coordinates>-58.22314841790162,-32.21193527342045</coordinates>
</Point>
</Placemark>
<Placemark>
<name> Columna 255</name>
<Point>
<coordinates>-58.22331471486054,-32.21199200763159</coordinates>
</Point>
</Placemark>
<Placemark>
<name> Columna 256</name>
<Point>
<coordinates>-58.22375191492997,-32.21113320946953</coordinates>
</Point>
</Placemark>
<Placemark>
<name> Columna 257</name>
<Point>
<coordinates>-58.22394235177003,-32.21210320658287</coordinates>
</Point>
</Placemark>
<Placemark>
<name> Columna 258</name>
<Point>
<coordinates>-58.224658501577004,-32.21036031758947</coordinates>
</Point>
</Placemark>
<Placemark>
<name> Columna 259</name>
<Point>
<coordinates>-58.22754858179055,-32.21128509683337</coordinates>
</Point>
</Placemark>
<Placemark>
<name> Columna 260</name>
<Point>
<coordinates>-58.22711272282563,-32.21219398113614</coordinates>
</Point>
</Placemark>
<Placemark>
<name> Columna 261</name>
<Point>
<coordinates>-58.22689412279092,-32.212086334454725</coordinates>
</Point>
</Placemark>
<Placemark>
<name> Columna 262</name>
<Point>
<coordinates>-58.22690216941796,-32.21200902788808</coordinates>
</Point>
</Placemark>
<Placemark>
<name> Columna 263</name>
<Point>
<coordinates>-58.22809441132508,-32.21246743893027</coordinates>
</Point>
</Placemark>
<Placemark>
<name> Columna 264</name>
<Point>
<coordinates>-58.22820169968568,-32.212298371760404</coordinates>
</Point>
</Placemark>
<Placemark>
<name> Columna 265</name>
<Point>
<coordinates>-58.228500635597825,-32.211650019960146</coordinates>
</Point>
</Placemark>
<Placemark>
<name> Columna 266</name>
<Point>
<coordinates>-58.228417617511376,-32.21160198724181</coordinates>
</Point>
</Placemark>
<Placemark>
<name> Columna 267</name>
<Point>
<coordinates>-58.229017091226204,-32.2127658587382</coordinates>
</Point>
</Placemark>
<Placemark>
<name> Columna 268</name>
<Point>
<coordinates>-58.22883470101319,-32.21318341789039</coordinates>
</Point>
</Placemark>
<Placemark>
<name> Columna 269</name>
<Point>
<coordinates>-58.228460532855614,-32.21307562427115</coordinates>
</Point>
</Placemark>
<Placemark>
<name> Columna 270</name>
<Point>
<coordinates>-58.22634561104737,-32.21387102470732</coordinates>
</Point>
</Placemark>
<Placemark>
<name> Columna 271</name>
<Point>
<coordinates>-58.22683109087907,-32.21285663263002</coordinates>
</Point>
</Placemark>
<Placemark>
<name> Columna 272</name>
<Point>
<coordinates>-58.2269625191208,-32.21405937814272</coordinates>
</Point>
</Placemark>
<Placemark>
<name> Columna 273</name>
<Point>
<coordinates>-58.227346075009926,-32.21415922799841</coordinates>
</Point>
</Placemark>
<Placemark>
<name> Columna 274</name>
<Point>
<coordinates>-58.22767330450974,-32.213489778005496</coordinates>
</Point>
</Placemark>
<Placemark>
<name> Columna 275</name>
<Point>
<coordinates>-58.22606129689179,-32.21377798250491</coordinates>
</Point>
</Placemark>
<Placemark>
<name> Columna 276</name>
<Point>
<coordinates>-58.22516543908082,-32.213482228754216</coordinates>
</Point>
</Placemark>
<Placemark>
<name> Columna 277</name>
<Point>
<coordinates>-58.224999142121895,-32.21354197258888</coordinates>
</Point>
</Placemark>
<Placemark>
<name> Columna 278</name>
<Point>
<coordinates>-58.22582660360299,-32.21501135128397</coordinates>
</Point>
</Placemark>
<Placemark>
<name> Columna 279</name>
<Point>
<coordinates>-58.22562141461335,-32.21485363532602</coordinates>
</Point>
</Placemark>
<Placemark>
<name> Columna 280</name>
<Point>
<coordinates>-58.2255853748257,-32.21494531380433</coordinates>
</Point>
</Placemark>
<Placemark>
<name> Columna 281</name>
<Point>
<coordinates>-58.22595937294923,-32.21505446782922</coordinates>
</Point>
</Placemark>
<Placemark>
<name> Columna 282</name>
<Point>
<coordinates>-58.22596674902402,-32.214978446538375</coordinates>
</Point>
</Placemark>
<Placemark>
<name> Columna 283</name>
<Point>
<coordinates>-58.226978612374886,-32.2153768934339</coordinates>
</Point>
</Placemark>
<Placemark>
<name> Columna 284</name>
<Point>
<coordinates>-58.22765452904664,-32.21561157714049</coordinates>
</Point>
</Placemark>
<Placemark>
<name> Columna 285</name>
<Point>
<coordinates>-58.22764245910607,-32.215489036077685</coordinates>
</Point>
</Placemark>
<Placemark>
<name> Columna 286</name>
<Point>
<coordinates>-58.218345819117346,-32.21070097136606</coordinates>
</Point>
</Placemark>
<Placemark>
<name> Columna 287</name>
<Point>
<coordinates>-58.21650995058976,-32.20884380822299</coordinates>
</Point>
</Placemark>
<Placemark>
<name> Columna 288</name>
<Point>
<coordinates>-58.21658237023316,-32.20875810110708</coordinates>
</Point>
</Placemark>
<Placemark>
<name> Columna 289</name>
<Point>
<coordinates>-58.21540756268464,-32.205455230810855</coordinates>
</Point>
</Placemark>
<Placemark>
<name> Columna 290</name>
<Point>
<coordinates>-58.214028907250984,-32.20504974677082</coordinates>
</Point>
</Placemark>
<Placemark>
<name> Columna 291</name>
<Point>
<coordinates>-58.21270389599763,-32.20461853296634</coordinates>
</Point>
</Placemark>
<Placemark>
<name> Columna 292</name>
<Point>
<coordinates>-58.21135206265412,-32.20420488069388</coordinates>
</Point>
</Placemark>
<Placemark>
<name> Columna 293</name>
<Point>
<coordinates>-58.21010751767121,-32.20380829939462</coordinates>
</Point>
</Placemark>
<Placemark>
<name> Columna 294</name>
<Point>
<coordinates>-58.21954084677659,-32.206629216658605</coordinates>
</Point>
</Placemark>
<Placemark>
<name> Columna 295</name>
<Point>
<coordinates>-58.219900262784584,-32.205833952615585</coordinates>
</Point>
</Placemark>
<Placemark>
<name> Columna 296</name>
<Point>
<coordinates>-58.22219355149232,-32.20739642185354</coordinates>
</Point>
</Placemark>
<Placemark>
<name> Columna 297</name>
<Point>
<coordinates>-58.22125209612809,-32.20709943434978</coordinates>
</Point>
</Placemark>
<Placemark>
<name> Columna 298</name>
<Point>
<coordinates>-58.22250200552903,-32.20669741858524</coordinates>
</Point>
</Placemark>
<Placemark>
<name> Columna 299</name>
<Point>
<coordinates>-58.22318328661881,-32.207700531988145</coordinates>
</Point>
</Placemark>
<Placemark>
<name> Columna 300</name>
<Point>
<coordinates>-58.22308672709428,-32.20795017387601</coordinates>
</Point>
</Placemark>
<Placemark>
<name> Columna 301</name>
<Point>
<coordinates>-58.22272194666825,-32.206465929305914</coordinates>
</Point>
</Placemark>
<Placemark>
<name> Columna 302</name>
<Point>
<coordinates>-58.22267903132401,-32.206527205937164</coordinates>
</Point>
</Placemark>
<Placemark>
<name> Columna 303</name>
<Point>
<coordinates>-58.22371168179475,-32.206872169905935</coordinates>
</Point>
</Placemark>
<Placemark>
<name> Columna 304</name>
<Point>
<coordinates>-58.22333617253266,-32.2076279087648</coordinates>
</Point>
</Placemark>
<Placemark>
<name> Columna 305</name>
<Point>
<coordinates>-58.22236923618279,-32.20059921442309</coordinates>
</Point>
</Placemark>
<Placemark>
<name> Columna 306</name>
<Point>
<coordinates>-58.220356238317116,-32.21100895695253</coordinates>
</Point>
</Placemark>
<Placemark>
<name> Columna 307</name>
<Point>
<coordinates>-58.2196695928093,-32.210714344619454</coordinates>
</Point>
</Placemark>
<Placemark>
<name> Columna 308</name>
<Point>
<coordinates>-58.21987075848542,-32.210246847095895</coordinates>
</Point>
</Placemark>
<Placemark>
<name> Columna 309</name>
<Point>
<coordinates>-58.22455657763444,-32.2146108202948</coordinates>
</Point>
</Placemark>
<Placemark>
<name> Columna 310</name>
<Point>
<coordinates>-58.21841163678132,-32.21126240297674</coordinates>
</Point>
</Placemark>
<Placemark>
<name> Columna 311</name>
<Point>
<coordinates>-58.218754959535225,-32.21138608442669</coordinates>
</Point>
</Placemark>
<Placemark>
<name> Columna 312</name>
<Point>
<coordinates>-58.21870667977296,-32.21147459031514</coordinates>
</Point>
</Placemark>
<Placemark>
<name> Columna 313</name>
<Point>
<coordinates>-58.217794728707894,-32.21098395515708</coordinates>
</Point>
</Placemark>
<Placemark>
<name> Columna 314</name>
<Point>
<coordinates>-58.22701849863343,-32.212167545689844</coordinates>
</Point>
</Placemark>
<Placemark>
<name> Columna 315</name>
<Point>
<coordinates>-58.227216876121524,-32.21172805235148</coordinates>
</Point>
</Placemark>
<Placemark>
<name> Columna 316</name>
<Point>
<coordinates>-58.224607086750034,-32.2063243790659</coordinates>
</Point>
</Placemark>
<Placemark>
<name> Columna 317</name>
<Point>
<coordinates>-58.2234489729309,-32.204704787701864</coordinates>
</Point>
</Placemark>
<Placemark>
<name> Columna 318</name>
<Point>
<coordinates>-58.22438223404847,-32.20502137750439</coordinates>
</Point>
</Placemark>
<Placemark>
<name> Columna 319</name>
<Point>
<coordinates>-58.22591645760499,-32.2056148607145</coordinates>
</Point>
</Placemark>
<Placemark>
<name> Columna 320</name>
<Point>
<coordinates>-58.22635231656991,-32.2049022264888</coordinates>
</Point>
</Placemark>
<Placemark>
<name> Columna 321</name>
<Point>
<coordinates>-58.19849947699737,-32.189558464307126</coordinates>
</Point>
</Placemark>
<Placemark>
<name> Columna 322</name>
<Point>
<coordinates>-60.73443422326278,-31.48943438347013</coordinates>
</Point>
</Placemark>
<Placemark>
<name> Columna 323</name>
<Point>
<coordinates>-58.257326802598676,-32.49233792133105</coordinates>
</Point>
</Placemark>
<Placemark>
<name> Columna 324</name>
<Point>
<coordinates>-58.257342283584634,-32.49224760804435</coordinates>
</Point>
</Placemark>
<Placemark>
<name> Columna 325</name>
<Point>
<coordinates>-58.2573946449446,-32.49234846299656</coordinates>
</Point>
</Placemark>
<Placemark>
<name> Columna 326</name>
<Point>
<coordinates>-58.25723511179243,-32.49303809041457</coordinates>
</Point>
</Placemark>
<Placemark>
<name> Columna 327</name>
<Point>
<coordinates>-58.257155374357616,-32.49302470783665</coordinates>
</Point>
</Placemark>
<Placemark>
<name> Columna 328</name>
<Point>
<coordinates>-58.256328641712955,-32.49290206821655</coordinates>
</Point>
</Placemark>
<Placemark>
<name> Columna 329</name>
<Point>
<coordinates>-58.256310595085964,-32.492964462776854</coordinates>
</Point>
</Placemark>
<Placemark>
<name> Columna 330</name>
<Point>
<coordinates>-58.257106598894985,-32.493638814798416</coordinates>
</Point>
</Placemark>
<Placemark>
<name> Columna 331</name>
<Point>
<coordinates>-58.25729273542921,-32.49304372235645</coordinates>
</Point>
</Placemark>
<Placemark>
<name> Columna 332</name>
<Point>
<coordinates>-58.25822016747971,-32.49248397513173</coordinates>
</Point>
</Placemark>
<Placemark>
<name> Columna 333</name>
<Point>
<coordinates>-58.25824101288367,-32.49240553927799</coordinates>
</Point>
</Placemark>
<Placemark>
<name> Columna 334</name>
<Point>
<coordinates>-58.25919794923387,-32.49261837982616</coordinates>
</Point>
</Placemark>
<Placemark>
<name> Columna 335</name>
<Point>
<coordinates>-58.25880975776288,-32.4925788684483</coordinates>
</Point>
</Placemark>
<Placemark>
<name> Columna 336</name>
<Point>
<coordinates>-58.25907468418703,-32.493331273471796</coordinates>
</Point>
</Placemark>
<Placemark>
<name> Columna 337</name>
<Point>
<coordinates>-58.258693198238454,-32.49326132901596</coordinates>
</Point>
</Placemark>
<Placemark>
<name> Columna 338</name>
<Point>
<coordinates>-58.25868588044702,-32.49333277256648</coordinates>
</Point>
</Placemark>
<Placemark>
<name> Columna 339</name>
<Point>
<coordinates>-58.259143925920114,-32.49334539576388</coordinates>
</Point>
</Placemark>
<Placemark>
<name> Columna 340</name>
<Point>
<coordinates>-58.25904541302251,-32.49378559626919</coordinates>
</Point>
</Placemark>
<Placemark>
<name> Columna 341</name>
<Point>
<coordinates>-58.25900590872384,-32.49396902345377</coordinates>
</Point>
</Placemark>
<Placemark>
<name> Columna 342</name>
<Point>
<coordinates>-58.25893723540181,-32.493953650481686</coordinates>
</Point>
</Placemark>
<Placemark>
<name> Columna 343</name>
<Point>
<coordinates>-58.259809682167905,-32.4934390872709</coordinates>
</Point>
</Placemark>
<Placemark>
<name> Columna 344</name>
<Point>
<coordinates>-58.259794317749986,-32.493637220231115</coordinates>
</Point>
</Placemark>
<Placemark>
<name> Columna 345</name>
<Point>
<coordinates>-58.259286767977734,-32.492625010247025</coordinates>
</Point>
</Placemark>
<Placemark>
<name> Columna 346</name>
<Point>
<coordinates>-58.2592754268735,-32.492690798533836</coordinates>
</Point>
</Placemark>
<Placemark>
<name> Columna 347</name>
<Point>
<coordinates>-58.25988233494643,-32.492629895954664</coordinates>
</Point>
</Placemark>
<Placemark>
<name> Columna 348</name>
<Point>
<coordinates>-58.259297001112316,-32.492558809710346</coordinates>
</Point>
</Placemark>
<Placemark>
<name> Columna 349</name>
<Point>
<coordinates>-58.25940233609965,-32.49214158767147</coordinates>
</Point>
</Placemark>
<Placemark>
<name> Columna 350</name>
<Point>
<coordinates>-58.2594198287424,-32.49205327171582</coordinates>
</Point>
</Placemark>
<Placemark>
<name> Columna 351</name>
<Point>
<coordinates>-58.25998382147118,-32.49205015205478</coordinates>
</Point>
</Placemark>
<Placemark>
<name> Columna 352</name>
<Point>
<coordinates>-58.25893580658223,-32.49213969550239</coordinates>
</Point>
</Placemark>
<Placemark>
<name> Columna 353</name>
<Point>
<coordinates>-58.2588533869386,-32.49248827727472</coordinates>
</Point>
</Placemark>
<Placemark>
<name> Columna 354</name>
<Point>
<coordinates>-58.258353883793795,-32.49240248880911</coordinates>
</Point>
</Placemark>
<Placemark>
<name> Columna 355</name>
<Point>
<coordinates>-58.2583787525112,-32.49227243117279</coordinates>
</Point>
</Placemark>
<Placemark>
<name> Columna 356</name>
<Point>
<coordinates>-58.25650059393214,-32.49220376540677</coordinates>
</Point>
</Placemark>
<Placemark>
<name> Columna 357</name>
<Point>
<coordinates>-58.25649193503649,-32.4922559799683</coordinates>
</Point>
</Placemark>
<Placemark>
<name> Columna 358</name>
<Point>
<coordinates>-58.255707447182935,-32.49208026288631</coordinates>
</Point>
</Placemark>
<Placemark>
<name> Columna 359</name>
<Point>
<coordinates>-58.2560059012197,-32.49212229695713</coordinates>
</Point>
</Placemark>
<Placemark>
<name> Columna 360</name>
<Point>
<coordinates>-58.25573170363203,-32.49197965709424</coordinates>
</Point>
</Placemark>
<Placemark>
<name> Columna 361</name>
<Point>
<coordinates>-58.25549103365672,-32.49279654371833</coordinates>
</Point>
</Placemark>
<Placemark>
<name> Columna 362</name>
<Point>
<coordinates>-58.25536469284099,-32.492782301842475</coordinates>
</Point>
</Placemark>
<Placemark>
<name> Columna 363</name>
<Point>
<coordinates>-58.2555843569879,-32.49281047871875</coordinates>
</Point>
</Placemark>
<Placemark>
<name> Columna 364</name>
<Point>
<coordinates>-58.254921239092866,-32.49193059124481</coordinates>
</Point>
</Placemark>
<Placemark>
<name> Columna 365</name>
<Point>
<coordinates>-58.25479590410536,-32.49223053339219</coordinates>
</Point>
</Placemark>
<Placemark>
<name> Columna 366</name>
<Point>
<coordinates>-58.25562878828794,-32.491947920069826</coordinates>
</Point>
</Placemark>
<Placemark>
<name> Columna 367</name>
<Point>
<coordinates>-58.25571400670802,-32.49146775752396</coordinates>
</Point>
</Placemark>
<Placemark>
<name> Columna 368</name>
<Point>
<coordinates>-58.255895114100305,-32.491470200541514</coordinates>
</Point>
</Placemark>
<Placemark>
<name> Columna 369</name>
<Point>
<coordinates>-58.25652884426357,-32.491491873673226</coordinates>
</Point>
</Placemark>
<Placemark>
<name> Columna 370</name>
<Point>
<coordinates>-58.256674412386865,-32.4914892263634</coordinates>
</Point>
</Placemark>
<Placemark>
<name> Columna 371</name>
<Point>
<coordinates>-58.25691922224343,-32.49035482321826</coordinates>
</Point>
</Placemark>
<Placemark>
<name> Columna 372</name>
<Point>
<coordinates>-58.257075519201926,-32.48966610216941</coordinates>
</Point>
</Placemark>
<Placemark>
<name> Columna 373</name>
<Point>
<coordinates>-58.25695051949049,-32.48964054808322</coordinates>
</Point>
</Placemark>
<Placemark>
<name> Columna 374</name>
<Point>
<coordinates>-58.25610098806834,-32.490261487979076</coordinates>
</Point>
</Placemark>
<Placemark>
<name> Columna 375</name>
<Point>
<coordinates>-58.25601856842459,-32.49025148797902</coordinates>
</Point>
</Placemark>
<Placemark>
<name> Columna 376</name>
<Point>
<coordinates>-58.256122562308136,-32.490143073631316</coordinates>
</Point>
</Placemark>
<Placemark>
<name> Columna 377</name>
<Point>
<coordinates>-58.256034442970424,-32.49013250803093</coordinates>
</Point>
</Placemark>
<Placemark>
<name> Columna 378</name>
<Point>
<coordinates>-58.255336456357675,-32.4901683249114</coordinates>
</Point>
</Placemark>
<Placemark>
<name> Columna 379</name>
<Point>
<coordinates>-58.2554498379727,-32.48975787928151</coordinates>
</Point>
</Placemark>
<Placemark>
<name> Columna 380</name>
<Point>
<coordinates>-58.25629009823071,-32.48910353640471</coordinates>
</Point>
</Placemark>
<Placemark>
<name> Columna 381</name>
<Point>
<coordinates>-58.25641286757724,-32.48911276702757</coordinates>
</Point>
</Placemark>
<Placemark>
<name> Columna 382</name>
<Point>
<coordinates>-58.25583692147487,-32.491358328962384</coordinates>
</Point>
</Placemark>
<Placemark>
<name> Columna 383</name>
<Point>
<coordinates>-58.25507456184632,-32.49137547739463</coordinates>
</Point>
</Placemark>
<Placemark>
<name> Columna 384</name>
<Point>
<coordinates>-58.25505651521897,-32.491474071055684</coordinates>
</Point>
</Placemark>
<Placemark>
<name> Columna 385</name>
<Point>
<coordinates>-58.25768312668064,-32.49045773020672</coordinates>
</Point>
</Placemark>
<Placemark>
<name> Columna 386</name>
<Point>
<coordinates>-58.25771470092072,-32.490327823331285</coordinates>
</Point>
</Placemark>
<Placemark>
<name> Columna 387</name>
<Point>
<coordinates>-58.2586394507627,-32.490617024656956</coordinates>
</Point>
</Placemark>
<Placemark>
<name> Columna 388</name>
<Point>
<coordinates>-58.257852951253184,-32.490488383763754</coordinates>
</Point>
</Placemark>
<Placemark>
<name> Columna 389</name>
<Point>
<coordinates>-58.257880502179205,-32.49036752650716</coordinates>
</Point>
</Placemark>
<Placemark>
<name> Columna 390</name>
<Point>
<coordinates>-58.25846327037131,-32.491415189785336</coordinates>
</Point>
</Placemark>
<Placemark>
<name> Columna 391</name>
<Point>
<coordinates>-58.258818050797025,-32.49142555109737</coordinates>
</Point>
</Placemark>
<Placemark>
<name> Columna 392</name>
<Point>
<coordinates>-58.25994128410579,-32.49084090778047</coordinates>
</Point>
</Placemark>
<Placemark>
<name> Columna 393</name>
<Point>
<coordinates>-58.259933295762764,-32.49073645325109</coordinates>
</Point>
</Placemark>
<Placemark>
<name> Columna 394</name>
<Point>
<coordinates>-58.258737759378434,-32.4901834791249</coordinates>
</Point>
</Placemark>
<Placemark>
<name> Columna 395</name>
<Point>
<coordinates>-58.25878408576732,-32.48999135579937</coordinates>
</Point>
</Placemark>
<Placemark>
<name> Columna 396</name>
<Point>
<coordinates>-58.25887735081408,-32.4899937990207</coordinates>
</Point>
</Placemark>
<Placemark>
<name> Columna 397</name>
<Point>
<coordinates>-58.258925018307835,-32.48979601928972</coordinates>
</Point>
</Placemark>
<Placemark>
<name> Columna 398</name>
<Point>
<coordinates>-58.25884326921686,-32.48977781805697</coordinates>
</Point>
</Placemark>
<Placemark>
<name> Columna 399</name>
<Point>
<coordinates>-58.25890300665138,-32.48986269325353</coordinates>
</Point>
</Placemark>
<Placemark>
<name> Columna 400</name>
<Point>
<coordinates>-58.25789254268843,-32.48968740919024</coordinates>
</Point>
</Placemark>
<Placemark>
<name> Columna 401</name>
<Point>
<coordinates>-58.257905341464635,-32.48960614319182</coordinates>
</Point>
</Placemark>
<Placemark>
<name> Columna 402</name>
<Point>
<coordinates>-58.25805493290139,-32.48894004080126</coordinates>
</Point>
</Placemark>
<Placemark>
<name> Columna 403</name>
<Point>
<coordinates>-58.25815590929899,-32.48894022173784</coordinates>
</Point>
</Placemark>
<Placemark>
<name> Columna 404</name>
<Point>
<coordinates>-58.2581908363,-32.48885216785078</coordinates>
</Point>
</Placemark>
<Placemark>
<name> Columna 405</name>
<Point>
<coordinates>-58.257070401767834,-32.489565012210036</coordinates>
</Point>
</Placemark>
<Placemark>
<name> Columna 406</name>
<Point>
<coordinates>-58.25717305454663,-32.489226961462734</coordinates>
</Point>
</Placemark>
<Placemark>
<name> Columna 407</name>
<Point>
<coordinates>-58.253799564442325,-32.49170106797775</coordinates>
</Point>
</Placemark>
<Placemark>
<name> Columna 408</name>
<Point>
<coordinates>-58.253660147857026,-32.49252700652373</coordinates>
</Point>
</Placemark>
<Placemark>
<name> Columna 409</name>
<Point>
<coordinates>-58.25375207179957,-32.49187676193011</coordinates>
</Point>
</Placemark>
<Placemark>
<name> Columna 410</name>
<Point>
<coordinates>-58.25391205679632,-32.491889102699524</coordinates>
</Point>
</Placemark>
<Placemark>
<name> Columna 411</name>
<Point>
<coordinates>-58.253062525374325,-32.492433378305535</coordinates>
</Point>
</Placemark>
<Placemark>
<name> Columna 412</name>
<Point>
<coordinates>-58.253029726597376,-32.49256364344359</coordinates>
</Point>
</Placemark>
<Placemark>
<name> Columna 413</name>
<Point>
<coordinates>-58.25450835260027,-32.49267580968955</coordinates>
</Point>
</Placemark>
<Placemark>
<name> Columna 414</name>
<Point>
<coordinates>-58.25450505812254,-32.49275517194117</coordinates>
</Point>
</Placemark>
<Placemark>
<name> Columna 415</name>
<Point>
<coordinates>-58.253642115656255,-32.49262526812726</coordinates>
</Point>
</Placemark>
<Placemark>
<name> Columna 416</name>
<Point>
<coordinates>-58.25396202736482,-32.49268766290959</coordinates>
</Point>
</Placemark>
<Placemark>
<name> Columna 417</name>
<Point>
<coordinates>-58.25368782977703,-32.493916283506074</coordinates>
</Point>
</Placemark>
<Placemark>
<name> Columna 418</name>
<Point>
<coordinates>-58.253830715690846,-32.49396284112321</coordinates>
</Point>
</Placemark>
<Placemark>
<name> Columna 419</name>
<Point>
<coordinates>-58.25398164823189,-32.490819495198465</coordinates>
</Point>
</Placemark>
<Placemark>
<name> Columna 420</name>
<Point>
<coordinates>-58.25381608010914,-32.49165336020269</coordinates>
</Point>
</Placemark>
<Placemark>
<name> Columna 421</name>
<Point>
<coordinates>-58.2539871292175,-32.49172650197938</coordinates>
</Point>
</Placemark>
<Placemark>
<name> Columna 422</name>
<Point>
<coordinates>-58.2549507710894,-32.49103439771192</coordinates>
</Point>
</Placemark>
<Placemark>
<name> Columna 423</name>
<Point>
<coordinates>-58.254934065566474,-32.491125073471025</coordinates>
</Point>
</Placemark>
<Placemark>
<name> Columna 424</name>
<Point>
<coordinates>-58.254213280177055,-32.490886573245945</coordinates>
</Point>
</Placemark>
<Placemark>
<name> Columna 425</name>
<Point>
<coordinates>-58.254472842182984,-32.49000215851215</coordinates>
</Point>
</Placemark>
<Placemark>
<name> Columna 426</name>
<Point>
<coordinates>-58.25427642865646,-32.48995858752635</coordinates>
</Point>
</Placemark>
<Placemark>
<name> Columna 427</name>
<Point>
<coordinates>-58.253589170879735,-32.49076531199705</coordinates>
</Point>
</Placemark>
<Placemark>
<name> Columna 428</name>
<Point>
<coordinates>-58.25356575983493,-32.490850332101694</coordinates>
</Point>
</Placemark>
<Placemark>
<name> Columna 429</name>
<Point>
<coordinates>-58.253160134005306,-32.49069667069844</coordinates>
</Point>
</Placemark>
<Placemark>
<name> Columna 430</name>
<Point>
<coordinates>-58.252362905659126,-32.49052904199184</coordinates>
</Point>
</Placemark>
<Placemark>
<name> Columna 431</name>
<Point>
<coordinates>-58.253007364658636,-32.490637817419085</coordinates>
</Point>
</Placemark>
<Placemark>
<name> Columna 432</name>
<Point>
<coordinates>-58.252538706917456,-32.48967874071199</coordinates>
</Point>
</Placemark>
<Placemark>
<name> Columna 433</name>
<Point>
<coordinates>-58.25231547130033,-32.489596909103525</coordinates>
</Point>
</Placemark>
<Placemark>
<name> Columna 434</name>
<Point>
<coordinates>-58.25227194368731,-32.49051398413499</coordinates>
</Point>
</Placemark>
<Placemark>
<name> Columna 435</name>
<Point>
<coordinates>-58.25210771666865,-32.491491512369024</coordinates>
</Point>
</Placemark>
<Placemark>
<name> Columna 436</name>
<Point>
<coordinates>-58.252277424673,-32.49065008888333</coordinates>
</Point>
</Placemark>
<Placemark>
<name> Columna 437</name>
<Point>
<coordinates>-58.25208101114647,-32.49059710350951</coordinates>
</Point>
</Placemark>
<Placemark>
<name> Columna 438</name>
<Point>
<coordinates>-58.2528434873423,-32.49160743510419</coordinates>
</Point>
</Placemark>
<Placemark>
<name> Columna 439</name>
<Point>
<coordinates>-58.25291663582145,-32.491476398577305</coordinates>
</Point>
</Placemark>
<Placemark>
<name> Columna 440</name>
<Point>
<coordinates>-58.25126244169487,-32.49129672091015</coordinates>
</Point>
</Placemark>
<Placemark>
<name> Columna 441</name>
<Point>
<coordinates>-58.25195786266592,-32.49211926968744</coordinates>
</Point>
</Placemark>
<Placemark>
<name> Columna 442</name>
<Point>
<coordinates>-58.25183588043962,-32.492109269687</coordinates>
</Point>
</Placemark>
<Placemark>
<name> Columna 443</name>
<Point>
<coordinates>-58.25190902891946,-32.49230100409784</coordinates>
</Point>
</Placemark>
<Placemark>
<name> Columna 444</name>
<Point>
<coordinates>-58.252006987831834,-32.492327201627035</coordinates>
</Point>
</Placemark>
<Placemark>
<name> Columna 445</name>
<Point>
<coordinates>-58.25163354851049,-32.49357166338421</coordinates>
</Point>
</Placemark>
<Placemark>
<name> Columna 446</name>
<Point>
<coordinates>-58.25086180114975,-32.49340313881669</coordinates>
</Point>
</Placemark>
<Placemark>
<name> Columna 447</name>
<Point>
<coordinates>-58.25082497905986,-32.49355084002157</coordinates>
</Point>
</Placemark>
<Placemark>
<name> Columna 448</name>
<Point>
<coordinates>-58.25261608241349,-32.493756890805955</coordinates>
</Point>
</Placemark>
<Placemark>
<name> Columna 449</name>
<Point>
<coordinates>-58.25261681124906,-32.49383738313684</coordinates>
</Point>
</Placemark>
<Placemark>
<name> Columna 450</name>
<Point>
<coordinates>-58.25136897178864,-32.4947765002845</coordinates>
</Point>
</Placemark>
<Placemark>
<name> Columna 451</name>
<Point>
<coordinates>-58.25150414635206,-32.4948122272956</coordinates>
</Point>
</Placemark>
<Placemark>
<name> Columna 452</name>
<Point>
<coordinates>-58.2498244712403,-32.49325308936184</coordinates>
</Point>
</Placemark>
<Placemark>
<name> Columna 453</name>
<Point>
<coordinates>-58.25064059161658,-32.49338335322152</coordinates>
</Point>
</Placemark>
<Placemark>
<name> Columna 454</name>
<Point>
<coordinates>-58.25062053333319,-32.49351305129959</coordinates>
</Point>
</Placemark>
<Placemark>
<name> Columna 455</name>
<Point>
<coordinates>-58.249580565071284,-32.494466792558065</coordinates>
</Point>
</Placemark>
<Placemark>
<name> Columna 456</name>
<Point>
<coordinates>-58.249775754060636,-32.49452692356889</coordinates>
</Point>
</Placemark>
<Placemark>
<name> Columna 457</name>
<Point>
<coordinates>-58.24904826314952,-32.493107905657524</coordinates>
</Point>
</Placemark>
<Placemark>
<name> Columna 458</name>
<Point>
<coordinates>-58.2490221698959,-32.493235907421635</coordinates>
</Point>
</Placemark>
<Placemark>
<name> Columna 459</name>
<Point>
<coordinates>-58.25007164245688,-32.49199067085083</coordinates>
</Point>
</Placemark>
<Placemark>
<name> Columna 460</name>
<Point>
<coordinates>-58.25023062162495,-32.49198180202789</coordinates>
</Point>
</Placemark>
<Placemark>
<name> Columna 461</name>
<Point>
<coordinates>-58.250378871956876,-32.49017248704917</coordinates>
</Point>
</Placemark>
<Placemark>
<name> Columna 462</name>
<Point>
<coordinates>-58.25114000704879,-32.490315198888815</coordinates>
</Point>
</Placemark>
<Placemark>
<name> Columna 463</name>
<Point>
<coordinates>-58.251269146641654,-32.490357516780264</coordinates>
</Point>
</Placemark>
<Placemark>
<name> Columna 464</name>
<Point>
<coordinates>-58.249633727978974,-32.49001697662179</coordinates>
</Point>
</Placemark>
<Placemark>
<name> Columna 465</name>
<Point>
<coordinates>-58.250264775933566,-32.490147245527005</coordinates>
</Point>
</Placemark>
<Placemark>
<name> Columna 466</name>
<Point>
<coordinates>-58.25048410480478,-32.48921531272954</coordinates>
</Point>
</Placemark>
<Placemark>
<name> Columna 467</name>
<Point>
<coordinates>-58.25060653887512,-32.4892200184823</coordinates>
</Point>
</Placemark>
<Placemark>
<name> Columna 468</name>
<Point>
<coordinates>-58.25022639403095,-32.49100070886004</coordinates>
</Point>
</Placemark>
<Placemark>
<name> Columna 469</name>
<Point>
<coordinates>-58.25030691858526,-32.49103143166775</coordinates>
</Point>
</Placemark>
<Placemark>
<name> Columna 470</name>
<Point>
<coordinates>-58.250323740675135,-32.49041963712129</coordinates>
</Point>
</Placemark>
<Placemark>
<name> Columna 471</name>
<Point>
<coordinates>-58.24944202274515,-32.49085532750343</coordinates>
</Point>
</Placemark>
<Placemark>
<name> Columna 472</name>
<Point>
<coordinates>-58.24938776629626,-32.4910195307773</coordinates>
</Point>
</Placemark>
<Placemark>
<name> Columna 473</name>
<Point>
<coordinates>-58.25109840337904,-32.49118486492026</coordinates>
</Point>
</Placemark>
<Placemark>
<name> Columna 474</name>
<Point>
<coordinates>-58.25108974448352,-32.49126893406595</coordinates>
</Point>
</Placemark>
<Placemark>
<name> Columna 475</name>
<Point>
<coordinates>-58.25016779341895,-32.4918663788906</coordinates>
</Point>
</Placemark>
<Placemark>
<name> Columna 476</name>
<Point>
<coordinates>-58.24997640903437,-32.49184534990018</coordinates>
</Point>
</Placemark>
<Placemark>
<name> Columna 477</name>
<Point>
<coordinates>-58.249628450698125,-32.48980909217918</coordinates>
</Point>
</Placemark>
<Placemark>
<name> Columna 478</name>
<Point>
<coordinates>-58.24841145664129,-32.489606198049245</coordinates>
</Point>
</Placemark>
<Placemark>
<name> Columna 479</name>
<Point>
<coordinates>-58.249291950033935,-32.48975682928443</coordinates>
</Point>
</Placemark>
<Placemark>
<name> Columna 480</name>
<Point>
<coordinates>-58.2492993843926,-32.48989501701688</coordinates>
</Point>
</Placemark>
<Placemark>
<name> Columna 481</name>
<Point>
<coordinates>-58.24849545052459,-32.48891443938314</coordinates>
</Point>
</Placemark>
<Placemark>
<name> Columna 482</name>
<Point>
<coordinates>-58.24901820429058,-32.48896609061156</coordinates>
</Point>
</Placemark>
<Placemark>
<name> Columna 483</name>
<Point>
<coordinates>-58.24838861400855,-32.4897083931391</coordinates>
</Point>
</Placemark>
<Placemark>
<name> Columna 484</name>
<Point>
<coordinates>-58.24762357217131,-32.489583010092936</coordinates>
</Point>
</Placemark>
<Placemark>
<name> Columna 485</name>
<Point>
<coordinates>-58.247645758679184,-32.48944857721663</coordinates>
</Point>
</Placemark>
<Placemark>
<name> Columna 486</name>
<Point>
<coordinates>-58.248339838545405,-32.490004179876685</coordinates>
</Point>
</Placemark>
<Placemark>
<name> Columna 487</name>
<Point>
<coordinates>-58.248289605409774,-32.49028037349984</coordinates>
</Point>
</Placemark>
<Placemark>
<name> Columna 488</name>
<Point>
<coordinates>-58.248492170474435,-32.49031335902959</coordinates>
</Point>
</Placemark>
<Placemark>
<name> Columna 489</name>
<Point>
<coordinates>-58.24828636921592,-32.490399510808814</coordinates>
</Point>
</Placemark>
<Placemark>
<name> Columna 490</name>
<Point>
<coordinates>-58.24835080051617,-32.49040563036365</coordinates>
</Point>
</Placemark>
<Placemark>
<name> Columna 491</name>
<Point>
<coordinates>-58.249191060773704,-32.490551735392785</coordinates>
</Point>
</Placemark>
<Placemark>
<name> Columna 492</name>
<Point>
<coordinates>-58.24913814542976,-32.4908200089339</coordinates>
</Point>
</Placemark>
<Placemark>
<name> Columna 493</name>
<Point>
<coordinates>-58.24745310590021,-32.49024933403693</coordinates>
</Point>
</Placemark>
<Placemark>
<name> Columna 494</name>
<Point>
<coordinates>-58.247373368465595,-32.49087280313893</coordinates>
</Point>
</Placemark>
<Placemark>
<name> Columna 495</name>
<Point>
<coordinates>-58.24727619667302,-32.49086308593673</coordinates>
</Point>
</Placemark>
<Placemark>
<name> Columna 496</name>
<Point>
<coordinates>-58.246484332745155,-32.49013251432685</coordinates>
</Point>
</Placemark>
<Placemark>
<name> Columna 497</name>
<Point>
<coordinates>-58.24634357505553,-32.4901127969966</coordinates>
</Point>
</Placemark>
<Placemark>
<name> Columna 498</name>
<Point>
<coordinates>-58.24625042657654,-32.490709118434765</coordinates>
</Point>
</Placemark>
<Placemark>
<name> Columna 499</name>
<Point>
<coordinates>-58.24544783381311,-32.49059165503333</coordinates>
</Point>
</Placemark>
<Placemark>
<name> Columna 500</name>
<Point>
<coordinates>-58.24652412846403,-32.48928982163609</coordinates>
</Point>
</Placemark>
<Placemark>
<name> Columna 501</name>
<Point>
<coordinates>-58.24664823891475,-32.4886734905661</coordinates>
</Point>
</Placemark>
<Placemark>
<name> Columna 502</name>
<Point>
<coordinates>-58.24677234936575,-32.48867763079764</coordinates>
</Point>
</Placemark>
<Placemark>
<name> Columna 503</name>
<Point>
<coordinates>-58.247233077048115,-32.489417625582625</coordinates>
</Point>
</Placemark>
<Placemark>
<name> Columna 504</name>
<Point>
<coordinates>-58.247239170302095,-32.48951056556716</coordinates>
</Point>
</Placemark>
<Placemark>
<name> Columna 505</name>
<Point>
<coordinates>-58.24636549899919,-32.48994399804777</coordinates>
</Point>
</Placemark>
<Placemark>
<name> Columna 506</name>
<Point>
<coordinates>-58.246490950554254,-32.48997698373828</coordinates>
</Point>
</Placemark>
<Placemark>
<name> Columna 507</name>
<Point>
<coordinates>-58.24582917376337,-32.489177401115825</coordinates>
</Point>
</Placemark>
<Placemark>
<name> Columna 508</name>
<Point>
<coordinates>-58.245797716090884,-32.48928957195977</coordinates>
</Point>
</Placemark>
<Placemark>
<name> Columna 509</name>
<Point>
<coordinates>-60.407123888543694,-33.24112379416279</coordinates>
</Point>
</Placemark>
<Placemark>
<name> Columna 510</name>
<Point>
<coordinates>-60.40719502536671,-33.24106080165328</coordinates>
</Point>
</Placemark>
<Placemark>
<name> Columna 511</name>
<Point>
<coordinates>-60.40779925123141,-33.241755202532886</coordinates>
</Point>
</Placemark>
<Placemark>
<name> Columna 512</name>
<Point>
<coordinates>-60.40673380198364,-33.242664953204745</coordinates>
</Point>
</Placemark>
<Placemark>
<name> Columna 513</name>
<Point>
<coordinates>-60.40900904406468,-33.24077506202503</coordinates>
</Point>
</Placemark>
<Placemark>
<name> Columna 514</name>
<Point>
<coordinates>-60.40789665615987,-33.24168930962428</coordinates>
</Point>
</Placemark>
<Placemark>
<name> Columna 515</name>
<Point>
<coordinates>-60.405968876714354,-33.24213918651614</coordinates>
</Point>
</Placemark>
<Placemark>
<name> Columna 516</name>
<Point>
<coordinates>-60.40533794532704,-33.24265972447364</coordinates>
</Point>
</Placemark>
<Placemark>
<name> Columna 517</name>
<Point>
<coordinates>-60.40582147178576,-33.24308716354705</coordinates>
</Point>
</Placemark>
<Placemark>
<name> Columna 518</name>
<Point>
<coordinates>-60.405745757665144,-33.24314221840908</coordinates>
</Point>
</Placemark>
<Placemark>
<name> Columna 519</name>
<Point>
<coordinates>-60.40522077353413,-33.24252877655395</coordinates>
</Point>
</Placemark>
<Placemark>
<name> Columna 520</name>
<Point>
<coordinates>-60.40586791474266,-33.242063388254785</coordinates>
</Point>
</Placemark>
<Placemark>
<name> Columna 521</name>
<Point>
<coordinates>-60.40704881554562,-33.24103716825741</coordinates>
</Point>
</Placemark>
<Placemark>
<name> Columna 522</name>
<Point>
<coordinates>-60.40641386084552,-33.24047473600335</coordinates>
</Point>
</Placemark>
<Placemark>
<name> Columna 523</name>
<Point>
<coordinates>-60.405373892584294,-33.241384500146815</coordinates>
</Point>
</Placemark>
<Placemark>
<name> Columna 524</name>
<Point>
<coordinates>-60.40526599195494,-33.24130495733462</coordinates>
</Point>
</Placemark>
<Placemark>
<name> Columna 525</name>
<Point>
<coordinates>-60.406347651024056,-33.24038581108564</coordinates>
</Point>
</Placemark>
<Placemark>
<name> Columna 526</name>
<Point>
<coordinates>-60.40643018723502,-33.24033655260508</coordinates>
</Point>
</Placemark>
<Placemark>
<name> Columna 527</name>
<Point>
<coordinates>-60.40748234200491,-33.23941126406262</coordinates>
</Point>
</Placemark>
<Placemark>
<name> Columna 528</name>
<Point>
<coordinates>-60.407653391113506,-33.2395504477927</coordinates>
</Point>
</Placemark>
<Placemark>
<name> Columna 529</name>
<Point>
<coordinates>-60.40817983291698,-33.24006539308851</coordinates>
</Point>
</Placemark>
<Placemark>
<name> Columna 530</name>
<Point>
<coordinates>-60.406917241307035,-33.238840610903</coordinates>
</Point>
</Placemark>
<Placemark>
<name> Columna 531</name>
<Point>
<coordinates>-60.40574986811708,-33.23982330132142</coordinates>
</Point>
</Placemark>
<Placemark>
<name> Columna 532</name>
<Point>
<coordinates>-60.40581429941717,-33.239784698531174</coordinates>
</Point>
</Placemark>
<Placemark>
<name> Columna 533</name>
<Point>
<coordinates>-60.40395893961474,-33.24132795890109</coordinates>
</Point>
</Placemark>
<Placemark>
<name> Columna 534</name>
<Point>
<coordinates>-60.40405455159495,-33.241256828489</coordinates>
</Point>
</Placemark>
<Placemark>
<name> Columna 535</name>
<Point>
<coordinates>-60.403808517201696,-33.241413761713254</coordinates>
</Point>
</Placemark>
<Placemark>
<name> Columna 536</name>
<Point>
<coordinates>-60.404018458341206,-33.24139001290215</coordinates>
</Point>
</Placemark>
<Placemark>
<name> Columna 537</name>
<Point>
<coordinates>-60.404548923457504,-33.24190831210449</coordinates>
</Point>
</Placemark>
<Placemark>
<name> Columna 538</name>
<Point>
<coordinates>-60.40465425844565,-33.24197253729574</coordinates>
</Point>
</Placemark>
<Placemark>
<name> Columna 539</name>
<Point>
<coordinates>-60.40444577497888,-33.24214200115541</coordinates>
</Point>
</Placemark>
<Placemark>
<name> Columna 540</name>
<Point>
<coordinates>-60.40388592213094,-33.24237751080135</coordinates>
</Point>
</Placemark>
<Placemark>
<name> Columna 541</name>
<Point>
<coordinates>-60.403886650967074,-33.24262100222074</coordinates>
</Point>
</Placemark>
<Placemark>
<name> Columna 542</name>
<Point>
<coordinates>-60.40459816519201,-33.243043954942365</coordinates>
</Point>
</Placemark>
<Placemark>
<name> Columna 543</name>
<Point>
<coordinates>-60.40445673695027,-33.2431685512214</coordinates>
</Point>
</Placemark>
<Placemark>
<name> Columna 544</name>
<Point>
<coordinates>-60.40437565841109,-33.24310022618535</coordinates>
</Point>
</Placemark>
<Placemark>
<name> Columna 545</name>
<Point>
<coordinates>-60.40535807574651,-33.243743015784915</coordinates>
</Point>
</Placemark>
<Placemark>
<name> Columna 546</name>
<Point>
<coordinates>-60.402480794310065,-33.243867610988</coordinates>
</Point>
</Placemark>
<Placemark>
<name> Columna 547</name>
<Point>
<coordinates>-60.402924087633515,-33.244338787198934</coordinates>
</Point>
</Placemark>
<Placemark>
<name> Columna 548</name>
<Point>
<coordinates>-60.402873183946525,-33.244409543795264</coordinates>
</Point>
</Placemark>
<Placemark>
<name> Columna 549</name>
<Point>
<coordinates>-60.40235356423417,-33.24375573211658</coordinates>
</Point>
</Placemark>
<Placemark>
<name> Columna 550</name>
<Point>
<coordinates>-60.4018205334761,-33.24316153083253</coordinates>
</Point>
</Placemark>
<Placemark>
<name> Columna 551</name>
<Point>
<coordinates>-60.40204437569346,-33.2427546636716</coordinates>
</Point>
</Placemark>
<Placemark>
<name> Columna 552</name>
<Point>
<coordinates>-60.40310725929895,-33.24183164375093</coordinates>
</Point>
</Placemark>
<Placemark>
<name> Columna 553</name>
<Point>
<coordinates>-60.40319046606227,-33.24189118615231</coordinates>
</Point>
</Placemark>
<Placemark>
<name> Columna 554</name>
<Point>
<coordinates>-60.42789702213424,-33.23801028176117</coordinates>
</Point>
</Placemark>
<Placemark>
<name> Columna 555</name>
<Point>
<coordinates>-60.42851734125251,-33.237526922611316</coordinates>
</Point>
</Placemark>
<Placemark>
<name> Columna 556</name>
<Point>
<coordinates>-60.42862602900191,-33.237453546124975</coordinates>
</Point>
</Placemark>
<Placemark>
<name> Columna 557</name>
<Point>
<coordinates>-60.42923025486641,-33.23695447995917</coordinates>
</Point>
</Placemark>
<Placemark>
<name> Columna 558</name>
<Point>
<coordinates>-60.43002491757047,-33.23765340074693</coordinates>
</Point>
</Placemark>
<Placemark>
<name> Columna 559</name>
<Point>
<coordinates>-60.429384598451506,-33.23812348946347</coordinates>
</Point>
</Placemark>
<Placemark>
<name> Columna 560</name>
<Point>
<coordinates>-60.42909430760996,-33.236857176820884</coordinates>
</Point>
</Placemark>
<Placemark>
<name> Columna 561</name>
<Point>
<coordinates>-60.429376668392635,-33.23683371622912</coordinates>
</Point>
</Placemark>
<Placemark>
<name> Columna 562</name>
<Point>
<coordinates>-60.43012841575324,-33.236244908751765</coordinates>
</Point>
</Placemark>
<Placemark>
<name> Columna 563</name>
<Point>
<coordinates>-60.430923078457475,-33.236968513012286</coordinates>
</Point>
</Placemark>
<Placemark>
<name> Columna 564</name>
<Point>
<coordinates>-60.43083395329107,-33.23703703298996</coordinates>
</Point>
</Placemark>
<Placemark>
<name> Columna 565</name>
<Point>
<coordinates>-60.430966110368786,-33.23555084543643</coordinates>
</Point>
</Placemark>
<Placemark>
<name> Columna 566</name>
<Point>
<coordinates>-60.43172858656529,-33.23594018135188</coordinates>
</Point>
</Placemark>
<Placemark>
<name> Columna 567</name>
<Point>
<coordinates>-60.43176150190924,-33.23579649281095</coordinates>
</Point>
</Placemark>
<Placemark>
<name> Columna 568</name>
<Point>
<coordinates>-60.430005383840296,-33.23507500500638</coordinates>
</Point>
</Placemark>
<Placemark>
<name> Columna 569</name>
<Point>
<coordinates>-60.43049695692577,-33.23440542012349</coordinates>
</Point>
</Placemark>
<Placemark>
<name> Columna 570</name>
<Point>
<coordinates>-60.42909220823826,-33.23461079535022</coordinates>
</Point>
</Placemark>
<Placemark>
<name> Columna 571</name>
<Point>
<coordinates>-60.42913182910479,-33.234505446996664</coordinates>
</Point>
</Placemark>
<Placemark>
<name> Columna 572</name>
<Point>
<coordinates>-60.42992649180947,-33.234883570276985</coordinates>
</Point>
</Placemark>
<Placemark>
<name> Columna 573</name>
<Point>
<coordinates>-60.42956780463707,-33.23389540645989</coordinates>
</Point>
</Placemark>
<Placemark>
<name> Columna 574</name>
<Point>
<coordinates>-60.429423694186255,-33.233806883651795</coordinates>
</Point>
</Placemark>
<Placemark>
<name> Columna 575</name>
<Point>
<coordinates>-60.42789288167456,-33.23558041658329</coordinates>
</Point>
</Placemark>
<Placemark>
<name> Columna 576</name>
<Point>
<coordinates>-58.21219964070283,-32.20924830064801</coordinates>
</Point>
</Placemark>
<Placemark>
<name> Columna 577</name>
<Point>
<coordinates>-58.21406377596818,-32.20884207066043</coordinates>
</Point>
</Placemark>
<Placemark>
<name> Columna 578</name>
<Point>
<coordinates>-58.213406022490894,-32.20864257167237</coordinates>
</Point>
</Placemark>
<Placemark>
<name> Columna 579</name>
<Point>
<coordinates>-58.212587336473,-32.20839541367408</coordinates>
</Point>
</Placemark>
<Placemark>
<name> Columna 580</name>
<Point>
<coordinates>-58.21276777331307,-32.20796984372394</coordinates>
</Point>
</Placemark>
<Placemark>
<name> Columna 581</name>
<Point>
<coordinates>-58.211816317948774,-32.20815501779292</coordinates>
</Point>
</Placemark>
<Placemark>
<name> Columna 582</name>
<Point>
<coordinates>-58.21236958184211,-32.208871243288</coordinates>
</Point>
</Placemark>
<Placemark>
<name> Columna 583</name>
<Point>
<coordinates>-58.21123305405575,-32.208365355694795</coordinates>
</Point>
</Placemark>
<Placemark>
<name> Columna 584</name>
<Point>
<coordinates>-58.211593198900054,-32.20756104175728</coordinates>
</Point>
</Placemark>
<Placemark>
<name> Columna 585</name>
<Point>
<coordinates>-58.2117481547544,-32.207244661636416</coordinates>
</Point>
</Placemark>
<Placemark>
<name> Columna 586</name>
<Point>
<coordinates>-58.21116952644286,-32.20706444999323</coordinates>
</Point>
</Placemark>
<Placemark>
<name> Columna 587</name>
<Point>
<coordinates>-58.209056674575315,-32.206404990742044</coordinates>
</Point>
</Placemark>
<Placemark>
<name> Columna 588</name>
<Point>
<coordinates>-58.21015710910761,-32.20714203808469</coordinates>
</Point>
</Placemark>
<Placemark>
<name> Columna 589</name>
<Point>
<coordinates>-58.2098413372802,-32.20785940639987</coordinates>
</Point>
</Placemark>
<Placemark>
<name> Columna 590</name>
<Point>
<coordinates>-58.20914033318264,-32.207359482993866</coordinates>
</Point>
</Placemark>
<Placemark>
<name> Columna 591</name>
<Point>
<coordinates>-58.209943377790545,-32.207590898984826</coordinates>
</Point>
</Placemark>
<Placemark>
<name> Columna 592</name>
<Point>
<coordinates>-58.20895303039516,-32.20748898511782</coordinates>
</Point>
</Placemark>
<Placemark>
<name> Columna 593</name>
<Point>
<coordinates>-58.208680173911546,-32.20721572501638</coordinates>
</Point>
</Placemark>
<Placemark>
<name> Columna 594</name>
<Point>
<coordinates>-58.21039215209956,-32.20665423796225</coordinates>
</Point>
</Placemark>
<Placemark>
<name> Columna 595</name>
<Point>
<coordinates>-58.20921807338755,-32.206072321867246</coordinates>
</Point>
</Placemark>
<Placemark>
<name> Columna 596</name>
<Point>
<coordinates>-58.208438279400724,-32.20623140062925</coordinates>
</Point>
</Placemark>
<Placemark>
<name> Columna 597</name>
<Point>
<coordinates>-58.20815469408148,-32.20681773314828</coordinates>
</Point>
</Placemark>
<Placemark>
<name> Columna 598</name>
<Point>
<coordinates>-58.20747816514079,-32.206636858739586</coordinates>
</Point>
</Placemark>
<Placemark>
<name> Columna 599</name>
<Point>
<coordinates>-58.207371605616466,-32.20685380861802</coordinates>
</Point>
</Placemark>
<Placemark>
<name> Columna 600</name>
<Point>
<coordinates>-58.20808043763199,-32.207038985081674</coordinates>
</Point>
</Placemark>
<Placemark>
<name> Columna 601</name>
<Point>
<coordinates>-58.20796046706239,-32.2073235189974</coordinates>
</Point>
</Placemark>
<Placemark>
<name> Columna 602</name>
<Point>
<coordinates>-58.20783244986535,-32.20762216836244</coordinates>
</Point>
</Placemark>
<Placemark>
<name> Columna 603</name>
<Point>
<coordinates>-58.208066530885354,-32.20768479159787</coordinates>
</Point>
</Placemark>
<Placemark>
<name> Columna 604</name>
<Point>
<coordinates>-58.20958002560547,-32.20747280805737</coordinates>
</Point>
</Placemark>
<Placemark>
<name> Columna 605</name>
<Point>
<coordinates>-58.20936483661536,-32.206893166604004</coordinates>
</Point>
</Placemark>
<Placemark>
<name> Columna 606</name>
<Point>
<coordinates>-58.21293290344088,-32.207633147280184</coordinates>
</Point>
</Placemark>
<Placemark>
<name> Columna 607</name>
<Point>
<coordinates>-58.21227380885941,-32.207413220438056</coordinates>
</Point>
</Placemark>
<Placemark>
<name> Columna 608</name>
<Point>
<coordinates>-58.21306578935445,-32.20731924955635</coordinates>
</Point>
</Placemark>
<Placemark>
<name> Columna 609</name>
<Point>
<coordinates>-58.21343934524313,-32.207781301124854</coordinates>
</Point>
</Placemark>
<Placemark>
<name> Columna 610</name>
<Point>
<coordinates>-58.21213115607978,-32.20633471333543</coordinates>
</Point>
</Placemark>
<Placemark>
<name> Columna 611</name>
<Point>
<coordinates>-58.21202727876447,-32.2065891107667</coordinates>
</Point>
</Placemark>
<Placemark>
<name> Columna 612</name>
<Point>
<coordinates>-58.211653839442484,-32.20621372008186</coordinates>
</Point>
</Placemark>
<Placemark>
<name> Columna 613</name>
<Point>
<coordinates>-58.21024909075425,-32.205743007944996</coordinates>
</Point>
</Placemark>
<Placemark>
<name> Columna 614</name>
<Point>
<coordinates>-58.21271342857024,-32.20651599032513</coordinates>
</Point>
</Placemark>
<Placemark>
<name> Columna 615</name>
<Point>
<coordinates>-58.213754854503854,-32.20683052890771</coordinates>
</Point>
</Placemark>
<Placemark>
<name> Columna 616</name>
<Point>
<coordinates>-58.214662169987115,-32.20711343580672</coordinates>
</Point>
</Placemark>
<Placemark>
<name> Columna 617</name>
<Point>
<coordinates>-58.21453683499937,-32.207398468992174</coordinates>
</Point>
</Placemark>
<Placemark>
<name> Columna 618</name>
<Point>
<coordinates>-58.208867373977576,-32.20532190971124</coordinates>
</Point>
</Placemark>
<Placemark>
<name> Columna 619</name>
<Point>
<coordinates>-58.2074518964542,-32.20484515723827</coordinates>
</Point>
</Placemark>
<Placemark>
<name> Columna 620</name>
<Point>
<coordinates>-58.21506205226531,-32.206237726047036</coordinates>
</Point>
</Placemark>
<Placemark>
<name> Columna 621</name>
<Point>
<coordinates>-58.21456389022429,-32.20607623602357</coordinates>
</Point>
</Placemark>
<Placemark>
<name> Columna 622</name>
<Point>
<coordinates>-58.21520834922364,-32.20589842660833</coordinates>
</Point>
</Placemark>
<Placemark>
<name> Columna 623</name>
<Point>
<coordinates>-58.214940857158574,-32.20650913821985</coordinates>
</Point>
</Placemark>
<Placemark>
<name> Columna 624</name>
<Point>
<coordinates>-58.21568053457865,-32.20644467008853</coordinates>
</Point>
</Placemark>
<Placemark>
<name> Columna 625</name>
<Point>
<coordinates>-58.21418995520276,-32.2050933819138</coordinates>
</Point>
</Placemark>
<Placemark>
<name> Columna 626</name>
<Point>
<coordinates>-58.214700303751904,-32.20523317143865</coordinates>
</Point>
</Placemark>
<Placemark>
<name> Columna 627</name>
<Point>
<coordinates>-58.21406132573802,-32.20535921927003</coordinates>
</Point>
</Placemark>
<Placemark>
<name> Columna 628</name>
<Point>
<coordinates>-58.21367179316238,-32.204944106640234</coordinates>
</Point>
</Placemark>
<Placemark>
<name> Columna 629</name>
<Point>
<coordinates>-58.21237701504386,-32.20538574474402</coordinates>
</Point>
</Placemark>
<Placemark>
<name> Columna 630</name>
<Point>
<coordinates>-58.21253331200292,-32.2050251012465</coordinates>
</Point>
</Placemark>
<Placemark>
<name> Columna 631</name>
<Point>
<coordinates>-58.21226850214658,-32.205666457417585</coordinates>
</Point>
</Placemark>
<Placemark>
<name> Columna 632</name>
<Point>
<coordinates>-58.211939319274215,-32.20524453754847</coordinates>
</Point>
</Placemark>
<Placemark>
<name> Columna 633</name>
<Point>
<coordinates>-58.21117293633179,-32.20500417931683</coordinates>
</Point>
</Placemark>
<Placemark>
<name> Columna 634</name>
<Point>
<coordinates>-58.2108383890412,-32.205754472825774</coordinates>
</Point>
</Placemark>
<Placemark>
<name> Columna 635</name>
<Point>
<coordinates>-58.210947747342175,-32.20552773306141</coordinates>
</Point>
</Placemark>
<Placemark>
<name> Columna 636</name>
<Point>
<coordinates>-58.211578795296546,-32.20600568054832</coordinates>
</Point>
</Placemark>
<Placemark>
<name> Columna 637</name>
<Point>
<coordinates>-58.20961748823866,-32.205355674401126</coordinates>
</Point>
</Placemark>
<Placemark>
<name> Columna 638</name>
<Point>
<coordinates>-58.210709876144115,-32.20485885814615</coordinates>
</Point>
</Placemark>
<Placemark>
<name> Columna 639</name>
<Point>
<coordinates>-58.21147101123579,-32.20423267432768</coordinates>
</Point>
</Placemark>
<Placemark>
<name> Columna 640</name>
<Point>
<coordinates>-58.21137786275654,-32.20447005620544</coordinates>
</Point>
</Placemark>
<Placemark>
<name> Columna 641</name>
<Point>
<coordinates>-58.21151165409051,-32.20415894758243</coordinates>
</Point>
</Placemark>
<Placemark>
<name> Columna 642</name>
<Point>
<coordinates>-58.212072964611174,-32.20431235600248</coordinates>
</Point>
</Placemark>
<Placemark>
<name> Columna 643</name>
<Point>
<coordinates>-58.21058640854829,-32.20396532577607</coordinates>
</Point>
</Placemark>
<Placemark>
<name> Columna 644</name>
<Point>
<coordinates>-58.21001448575938,-32.20403589541372</coordinates>
</Point>
</Placemark>
<Placemark>
<name> Columna 645</name>
<Point>
<coordinates>-58.20941708198475,-32.203617372525976</coordinates>
</Point>
</Placemark>
<Placemark>
<name> Columna 646</name>
<Point>
<coordinates>-58.208855888032446,-32.20344055846755</coordinates>
</Point>
</Placemark>
<Placemark>
<name> Columna 647</name>
<Point>
<coordinates>-58.20870775426775,-32.20376305152913</coordinates>
</Point>
</Placemark>
<Placemark>
<name> Columna 648</name>
<Point>
<coordinates>-58.21029366863186,-32.203394458239096</coordinates>
</Point>
</Placemark>
<Placemark>
<name> Columna 649</name>
<Point>
<coordinates>-58.2117253559775,-32.20376574730108</coordinates>
</Point>
</Placemark>
<Placemark>
<name> Columna 650</name>
<Point>
<coordinates>-58.21664793835538,-32.205868695451706</coordinates>
</Point>
</Placemark>
<Placemark>
<name> Columna 651</name>
<Point>
<coordinates>-58.21620207939007,-32.20572479362757</coordinates>
</Point>
</Placemark>
<Placemark>
<name> Columna 652</name>
<Point>
<coordinates>-58.21694578012318,-32.20529794494073</coordinates>
</Point>
</Placemark>
<Placemark>
<name> Columna 653</name>
<Point>
<coordinates>-58.21651735551667,-32.20619348490556</coordinates>
</Point>
</Placemark>
<Placemark>
<name> Columna 654</name>
<Point>
<coordinates>-58.21587033087597,-32.20439395656035</coordinates>
</Point>
</Placemark>
<Placemark>
<name> Columna 655</name>
<Point>
<coordinates>-58.21658050399676,-32.204553038450854</coordinates>
</Point>
</Placemark>
<Placemark>
<name> Columna 656</name>
<Point>
<coordinates>-58.21730006484906,-32.20483636565426</coordinates>
</Point>
</Placemark>
<Placemark>
<name> Columna 657</name>
<Point>
<coordinates>-58.216056248702145,-32.20396166431514</coordinates>
</Point>
</Placemark>
<Placemark>
<name> Columna 658</name>
<Point>
<coordinates>-58.21453616502661,-32.203893911250105</coordinates>
</Point>
</Placemark>
<Placemark>
<name> Columna 659</name>
<Point>
<coordinates>-58.21436523248611,-32.20434392526305</coordinates>
</Point>
</Placemark>
<Placemark>
<name> Columna 660</name>
<Point>
<coordinates>-58.214703919657936,-32.203507802101754</coordinates>
</Point>
</Placemark>
<Placemark>
<name> Columna 661</name>
<Point>
<coordinates>-58.21412797355587,-32.20375539903082</coordinates>
</Point>
</Placemark>
<Placemark>
<name> Columna 662</name>
<Point>
<coordinates>-58.213259666671235,-32.20348212812381</coordinates>
</Point>
</Placemark>
<Placemark>
<name> Columna 663</name>
<Point>
<coordinates>-58.213127626160826,-32.20375355564831</coordinates>
</Point>
</Placemark>
<Placemark>
<name> Columna 664</name>
<Point>
<coordinates>-58.2128654985136,-32.203371344824696</coordinates>
</Point>
</Placemark>
<Placemark>
<name> Columna 665</name>
<Point>
<coordinates>-58.21334768386824,-32.203496384918246</coordinates>
</Point>
</Placemark>
<Placemark>
<name> Columna 666</name>
<Point>
<coordinates>-58.21350934524495,-32.2031153078371</coordinates>
</Point>
</Placemark>
<Placemark>
<name> Columna 667</name>
<Point>
<coordinates>-58.21639344877207,-32.20336404066879</coordinates>
</Point>
</Placemark>
<Placemark>
<name> Columna 668</name>
<Point>
<coordinates>-58.21563779466586,-32.20312254288133</coordinates>
</Point>
</Placemark>
<Placemark>
<name> Columna 669</name>
<Point>
<coordinates>-58.216435139579474,-32.20328276191854</coordinates>
</Point>
</Placemark>
<Placemark>
<name> Columna 670</name>
<Point>
<coordinates>-58.21707088139932,-32.20348667008141</coordinates>
</Point>
</Placemark>
<Placemark>
<name> Columna 671</name>
<Point>
<coordinates>-58.21426467850097,-32.2027038747384</coordinates>
</Point>
</Placemark>
<Placemark>
<name> Columna 672</name>
<Point>
<coordinates>-58.2136605692042,-32.202536350090114</coordinates>
</Point>
</Placemark>
<Placemark>
<name> Columna 673</name>
<Point>
<coordinates>-58.21373807627311,-32.20254904612631</coordinates>
</Point>
</Placemark>
<Placemark>
<name> Columna 674</name>
<Point>
<coordinates>-58.21406871681789,-32.201808230832135</coordinates>
</Point>
</Placemark>
<Placemark>
<name> Columna 675</name>
<Point>
<coordinates>-58.21303947739234,-32.20234490544056</coordinates>
</Point>
</Placemark>
<Placemark>
<name> Columna 676</name>
<Point>
<coordinates>-58.21246621349887,-32.20213744927061</coordinates>
</Point>
</Placemark>
<Placemark>
<name> Columna 677</name>
<Point>
<coordinates>-58.212260412240916,-32.20263924575821</coordinates>
</Point>
</Placemark>
<Placemark>
<name> Columna 678</name>
<Point>
<coordinates>-58.2111694820084,-32.2017282095914</coordinates>
</Point>
</Placemark>
<Placemark>
<name> Columna 679</name>
<Point>
<coordinates>-58.21075178623775,-32.20269895074296</coordinates>
</Point>
</Placemark>
<Placemark>
<name> Columna 680</name>
<Point>
<coordinates>-58.21021473216658,-32.20253688742542</coordinates>
</Point>
</Placemark>
<Placemark>
<name> Columna 681</name>
<Point>
<coordinates>-58.21133796547578,-32.202886618932105</coordinates>
</Point>
</Placemark>
<Placemark>
<name> Columna 682</name>
<Point>
<coordinates>-58.210965867258984,-32.20225701733891</coordinates>
</Point>
</Placemark>
<Placemark>
<name> Columna 683</name>
<Point>
<coordinates>-58.211501696793526,-32.20096013886678</coordinates>
</Point>
</Placemark>
<Placemark>
<name> Columna 684</name>
<Point>
<coordinates>-58.21189805145975,-32.20110333965648</coordinates>
</Point>
</Placemark>
<Placemark>
<name> Columna 685</name>
<Point>
<coordinates>-58.210761523673746,-32.20073246623372</coordinates>
</Point>
</Placemark>
<Placemark>
<name> Columna 686</name>
<Point>
<coordinates>-58.210133274496066,-32.20053862448606</coordinates>
</Point>
</Placemark>
<Placemark>
<name> Columna 687</name>
<Point>
<coordinates>-58.20983359592239,-32.20120724842675</coordinates>
</Point>
</Placemark>
<Placemark>
<name> Columna 688</name>
<Point>
<coordinates>-58.20976324621917,-32.20135044880036</coordinates>
</Point>
</Placemark>
<Placemark>
<name> Columna 689</name>
<Point>
<coordinates>-58.212819011123024,-32.20140557571849</coordinates>
</Point>
</Placemark>
<Placemark>
<name> Columna 690</name>
<Point>
<coordinates>-58.21370218672495,-32.20167474004098</coordinates>
</Point>
</Placemark>
<Placemark>
<name> Columna 691</name>
<Point>
<coordinates>-58.21436005676971,-32.201880354199375</coordinates>
</Point>
</Placemark>
<Placemark>
<name> Columna 692</name>
<Point>
<coordinates>-58.2156817735459,-32.20231746829545</coordinates>
</Point>
</Placemark>
<Placemark>
<name> Columna 693</name>
<Point>
<coordinates>-58.21696593939568,-32.202729614659354</coordinates>
</Point>
</Placemark>
<Placemark>
<name> Columna 694</name>
<Point>
<coordinates>-58.21569724125825,-32.2152621077475</coordinates>
</Point>
</Placemark>
<Placemark>
<name> Columna 695</name>
<Point>
<coordinates>-58.215630186032875,-32.214733362541104</coordinates>
</Point>
</Placemark>
<Placemark>
<name> Columna 696</name>
<Point>
<coordinates>-58.214922811689135,-32.21446887255428</coordinates>
</Point>
</Placemark>
<Placemark>
<name> Columna 697</name>
<Point>
<coordinates>-58.21100483315429,-32.20889876642076</coordinates>
</Point>
</Placemark>
<Placemark>
<name> Columna 698</name>
<Point>
<coordinates>-58.21155407373359,-32.20908507321671</coordinates>
</Point>
</Placemark>
<Placemark>
<name> Columna 699</name>
<Point>
<coordinates>-58.212992466602046,-32.20950172703509</coordinates>
</Point>
</Placemark>
<Placemark>
<name> Columna 700</name>
<Point>
<coordinates>-58.21059530057876,-32.20880408710639</coordinates>
</Point>
</Placemark>
<Placemark>
<name> Columna 701</name>
<Point>
<coordinates>-58.2108535214805,-32.209265534846615</coordinates>
</Point>
</Placemark>
<Placemark>
<name> Columna 702</name>
<Point>
<coordinates>-58.21046130669537,-32.210129263518965</coordinates>
</Point>
</Placemark>
<Placemark>
<name> Columna 703</name>
<Point>
<coordinates>-58.211003841752074,-32.21030762472498</coordinates>
</Point>
</Placemark>
<Placemark>
<name> Columna 704</name>
<Point>
<coordinates>-58.21169255720038,-32.210507544909575</coordinates>
</Point>
</Placemark>
<Placemark>
<name> Columna 705</name>
<Point>
<coordinates>-58.21161550197462,-32.21069755318412</coordinates>
</Point>
</Placemark>
<Placemark>
<name> Columna 706</name>
<Point>
<coordinates>-58.21030999502082,-32.21053018553999</coordinates>
</Point>
</Placemark>
<Placemark>
<name> Columna 707</name>
<Point>
<coordinates>-58.20991375692285,-32.21140583975126</coordinates>
</Point>
</Placemark>
<Placemark>
<name> Columna 708</name>
<Point>
<coordinates>-58.20958725625924,-32.2120743826218</coordinates>
</Point>
</Placemark>
<Placemark>
<name> Columna 709</name>
<Point>
<coordinates>-58.208228105124505,-32.21163613378614</coordinates>
</Point>
</Placemark>
<Placemark>
<name> Columna 710</name>
<Point>
<coordinates>-58.20816580204921,-32.21179179814658</coordinates>
</Point>
</Placemark>
<Placemark>
<name> Columna 711</name>
<Point>
<coordinates>-58.208483031548816,-32.21112594698948</coordinates>
</Point>
</Placemark>
<Placemark>
<name> Columna 712</name>
<Point>
<coordinates>-58.20775956395104,-32.21152216682022</coordinates>
</Point>
</Placemark>
<Placemark>
<name> Columna 713</name>
<Point>
<coordinates>-58.206936854619485,-32.21125005308541</coordinates>
</Point>
</Placemark>
<Placemark>
<name> Columna 714</name>
<Point>
<coordinates>-58.20673641777894,-32.211727969874374</coordinates>
</Point>
</Placemark>
<Placemark>
<name> Columna 715</name>
<Point>
<coordinates>-58.2062060692301,-32.21103375086498</coordinates>
</Point>
</Placemark>
<Placemark>
<name> Columna 716</name>
<Point>
<coordinates>-58.205550997961915,-32.2108558157093</coordinates>
</Point>
</Placemark>
<Placemark>
<name> Columna 717</name>
<Point>
<coordinates>-58.2052700948515,-32.2114426649882</coordinates>
</Point>
</Placemark>
<Placemark>
<name> Columna 718</name>
<Point>
<coordinates>-58.206445631235574,-32.212365376082545</coordinates>
</Point>
</Placemark>
<Placemark>
<name> Columna 719</name>
<Point>
<coordinates>-58.20572484584704,-32.21213979631992</coordinates>
</Point>
</Placemark>
<Placemark>
<name> Columna 720</name>
<Point>
<coordinates>-58.20702376384628,-32.21254962774658</coordinates>
</Point>
</Placemark>
<Placemark>
<name> Columna 721</name>
<Point>
<coordinates>-58.20805177873478,-32.212868683492395</coordinates>
</Point>
</Placemark>
<Placemark>
<name> Columna 722</name>
<Point>
<coordinates>-58.20949017160303,-32.21232311623251</coordinates>
</Point>
</Placemark>
<Placemark>
<name> Columna 723</name>
<Point>
<coordinates>-58.210205709141526,-32.21227567178978</coordinates>
</Point>
</Placemark>
<Placemark>
<name> Columna 724</name>
<Point>
<coordinates>-58.21091990557602,-32.21251303179282</coordinates>
</Point>
</Placemark>
<Placemark>
<name> Columna 725</name>
<Point>
<coordinates>-58.209423961781766,-32.212566573710426</coordinates>
</Point>
</Placemark>
<Placemark>
<name> Columna 726</name>
<Point>
<coordinates>-58.21224369229271,-32.21297867250951</coordinates>
</Point>
</Placemark>
<Placemark>
<name> Columna 727</name>
<Point>
<coordinates>-58.21121981728537,-32.2126464251809</coordinates>
</Point>
</Placemark>
<Placemark>
<name> Columna 728</name>
<Point>
<coordinates>-58.21273331200546,-32.21314475853174</coordinates>
</Point>
</Placemark>
<Placemark>
<name> Columna 729</name>
<Point>
<coordinates>-58.212063488587326,-32.21340707883098</coordinates>
</Point>
</Placemark>
<Placemark>
<name> Columna 730</name>
<Point>
<coordinates>-58.21274818072186,-32.211829579474966</coordinates>
</Point>
</Placemark>
<Placemark>
<name> Columna 731</name>
<Point>
<coordinates>-58.21327462252499,-32.21197730069516</coordinates>
</Point>
</Placemark>
<Placemark>
<name> Columna 732</name>
<Point>
<coordinates>-58.2126155279434,-32.212182890433276</coordinates>
</Point>
</Placemark>
<Placemark>
<name> Columna 733</name>
<Point>
<coordinates>-58.211878649299976,-32.21155108278343</coordinates>
</Point>
</Placemark>
<Placemark>
<name> Columna 734</name>
<Point>
<coordinates>-58.21131209092941,-32.21136723337834</coordinates>
</Point>
</Placemark>
<Placemark>
<name> Columna 735</name>
<Point>
<coordinates>-58.211167980478265,-32.21172192407784</coordinates>
</Point>
</Placemark>
<Placemark>
<name> Columna 736</name>
<Point>
<coordinates>-58.21136048725862,-32.211260440817924</coordinates>
</Point>
</Placemark>
<Placemark>
<name> Columna 737</name>
<Point>
<coordinates>-58.21101521113213,-32.21115058776845</coordinates>
</Point>
</Placemark>
<Placemark>
<name> Columna 738</name>
<Point>
<coordinates>-58.20866632487101,-32.21039892029074</coordinates>
</Point>
</Placemark>
<Placemark>
<name> Columna 739</name>
<Point>
<coordinates>-58.20688070250315,-32.209835183116255</coordinates>
</Point>
</Placemark>
<Placemark>
<name> Columna 740</name>
<Point>
<coordinates>-58.206125048396856,-32.20960731836142</coordinates>
</Point>
</Placemark>
<Placemark>
<name> Columna 741</name>
<Point>
<coordinates>-58.20628402756493,-32.209241017546454</coordinates>
</Point>
</Placemark>
<Placemark>
<name> Columna 742</name>
<Point>
<coordinates>-58.21174036953735,-32.21409655953661</coordinates>
</Point>
</Placemark>
<Placemark>
<name> Columna 743</name>
<Point>
<coordinates>-58.21030075213206,-32.21358730876304</coordinates>
</Point>
</Placemark>
<Placemark>
<name> Columna 744</name>
<Point>
<coordinates>-58.21040474601513,-32.21360993034971</coordinates>
</Point>
</Placemark>
<Placemark>
<name> Columna 745</name>
<Point>
<coordinates>-58.21093923444503,-32.21379509231541</coordinates>
</Point>
</Placemark>
<Placemark>
<name> Columna 746</name>
<Point>
<coordinates>-58.21066101354351,-32.21307252210322</coordinates>
</Point>
</Placemark>
<Placemark>
<name> Columna 747</name>
<Point>
<coordinates>-58.21153077810091,-32.21447911230669</coordinates>
</Point>
</Placemark>
<Placemark>
<name> Columna 748</name>
<Point>
<coordinates>-58.21201162235072,-32.21416275549127</coordinates>
</Point>
</Placemark>
<Placemark>
<name> Columna 749</name>
<Point>
<coordinates>-58.21231141749222,-32.21421970022398</coordinates>
</Point>
</Placemark>
<Placemark>
<name> Columna 750</name>
<Point>
<coordinates>-58.21211098065193,-32.214604559723824</coordinates>
</Point>
</Placemark>
<Placemark>
<name> Columna 751</name>
<Point>
<coordinates>-58.21297538079084,-32.21447882520792</coordinates>
</Point>
</Placemark>
<Placemark>
<name> Columna 752</name>
<Point>
<coordinates>-58.21266229117233,-32.214358763803745</coordinates>
</Point>
</Placemark>
<Placemark>
<name> Columna 753</name>
<Point>
<coordinates>-58.21244039665982,-32.215542412465076</coordinates>
</Point>
</Placemark>
<Placemark>
<name> Columna 754</name>
<Point>
<coordinates>-58.21257791815581,-32.21561410648627</coordinates>
</Point>
</Placemark>
<Placemark>
<name> Columna 755</name>
<Point>
<coordinates>-58.21226751074634,-32.21622134789776</coordinates>
</Point>
</Placemark>
<Placemark>
<name> Columna 756</name>
<Point>
<coordinates>-58.21462321909712,-32.215026785186566</coordinates>
</Point>
</Placemark>
<Placemark>
<name> Columna 757</name>
<Point>
<coordinates>-58.214666863277294,-32.2149498410408</coordinates>
</Point>
</Placemark>
<Placemark>
<name> Columna 758</name>
<Point>
<coordinates>-58.21397692329173,-32.21472312318894</coordinates>
</Point>
</Placemark>
<Placemark>
<name> Columna 759</name>
<Point>
<coordinates>-58.21350290113242,-32.21456561858013</coordinates>
</Point>
</Placemark>
<Placemark>
<name> Columna 760</name>
<Point>
<coordinates>-58.214860827729595,-32.2150049396153</coordinates>
</Point>
</Placemark>
<Placemark>
<name> Columna 761</name>
<Point>
<coordinates>-58.21574534443645,-32.215367102872754</coordinates>
</Point>
</Placemark>
<Placemark>
<name> Columna 762</name>
<Point>
<coordinates>-58.21586073770743,-32.215183502499436</coordinates>
</Point>
</Placemark>
<Placemark>
<name> Columna 763</name>
<Point>
<coordinates>-58.21560799779115,-32.215669340650415</coordinates>
</Point>
</Placemark>
<Placemark>
<name> Columna 764</name>
<Point>
<coordinates>-58.21510715354128,-32.21552453294445</coordinates>
</Point>
</Placemark>
<Placemark>
<name> Columna 765</name>
<Point>
<coordinates>-58.2154726628031,-32.21597973411994</coordinates>
</Point>
</Placemark>
<Placemark>
<name> Columna 766</name>
<Point>
<coordinates>-58.216054089890775,-32.21581996227738</coordinates>
</Point>
</Placemark>
<Placemark>
<name> Columna 767</name>
<Point>
<coordinates>-58.21662881145623,-32.2159983116962</coordinates>
</Point>
</Placemark>
<Placemark>
<name> Columna 768</name>
<Point>
<coordinates>-58.21482977804307,-32.21460389043187</coordinates>
</Point>
</Placemark>
<Placemark>
<name> Columna 769</name>
<Point>
<coordinates>-58.21536158426401,-32.21462339136371</coordinates>
</Point>
</Placemark>
<Placemark>
<name> Columna 770</name>
<Point>
<coordinates>-58.21433234483835,-32.21430022710419</coordinates>
</Point>
</Placemark>
<Placemark>
<name> Columna 771</name>
<Point>
<coordinates>-58.21413593131148,-32.21421533983037</coordinates>
</Point>
</Placemark>
<Placemark>
<name> Columna 772</name>
<Point>
<coordinates>-58.21406356995142,-32.21435511433202</coordinates>
</Point>
</Placemark>
<Placemark>
<name> Columna 773</name>
<Point>
<coordinates>-58.21351846925252,-32.214018058284786</coordinates>
</Point>
</Placemark>
<Placemark>
<name> Columna 774</name>
<Point>
<coordinates>-58.21321677902264,-32.21387473578828</coordinates>
</Point>
</Placemark>
<Placemark>
<name> Columna 775</name>
<Point>
<coordinates>-58.213297974129496,-32.21394529664803</coordinates>
</Point>
</Placemark>
<Placemark>
<name> Columna 776</name>
<Point>
<coordinates>-58.213222260008145,-32.21413215987943</coordinates>
</Point>
</Placemark>
<Placemark>
<name> Columna 777</name>
<Point>
<coordinates>-58.20878518862687,-32.21182789321422</coordinates>
</Point>
</Placemark>
<Placemark>
<name> Columna 778</name>
<Point>
<coordinates>-58.21406914038621,-32.216333740142694</coordinates>
</Point>
</Placemark>
<Placemark>
<name> Columna 779</name>
<Point>
<coordinates>-58.21427103489818,-32.21585627145577</coordinates>
</Point>
</Placemark>
<Placemark>
<name> Columna 780</name>
<Point>
<coordinates>-58.214325407914366,-32.21642266460403</coordinates>
</Point>
</Placemark>
<Placemark>
<name> Columna 781</name>
<Point>
<coordinates>-58.214838438671904,-32.21657264711132</coordinates>
</Point>
</Placemark>
<Placemark>
<name> Columna 782</name>
<Point>
<coordinates>-58.21370191088574,-32.21717475320081</coordinates>
</Point>
</Placemark>
<Placemark>
<name> Columna 783</name>
<Point>
<coordinates>-58.21322960896455,-32.21604773509108</coordinates>
</Point>
</Placemark>
<Placemark>
<name> Columna 784</name>
<Point>
<coordinates>-58.21287360400208,-32.21590157898247</coordinates>
</Point>
</Placemark>
<Placemark>
<name> Columna 785</name>
<Point>
<coordinates>-58.21341882126809,-32.21561444423945</coordinates>
</Point>
</Placemark>
<Placemark>
<name> Columna 786</name>
<Point>
<coordinates>-58.2130869561862,-32.21638507237904</coordinates>
</Point>
</Placemark>
<Placemark>
<name> Columna 787</name>
<Point>
<coordinates>-58.213827974710185,-32.21717838628901</coordinates>
</Point>
</Placemark>
<Placemark>
<name> Columna 788</name>
<Point>
<coordinates>-58.214349052094946,-32.21735900212812</coordinates>
</Point>
</Placemark>
<Placemark>
<name> Columna 789</name>
<Point>
<coordinates>-58.213928674115714,-32.2169462121918</coordinates>
</Point>
</Placemark>
<Placemark>
<name> Columna 790</name>
<Point>
<coordinates>-58.21405010235774,-32.216646883076656</coordinates>
</Point>
</Placemark>
<Placemark>
<name> Columna 791</name>
<Point>
<coordinates>-58.21331590592397,-32.2170362705208</coordinates>
</Point>
</Placemark>
<Placemark>
<name> Columna 792</name>
<Point>
<coordinates>-58.212469056711356,-32.216765307304364</coordinates>
</Point>
</Placemark>
<Placemark>
<name> Columna 793</name>
<Point>
<coordinates>-58.21343806300142,-32.21804539661617</coordinates>
</Point>
</Placemark>
<Placemark>
<name> Columna 794</name>
<Point>
<coordinates>-58.220260990466436,-32.216129234422546</coordinates>
</Point>
</Placemark>
<Placemark>
<name> Columna 795</name>
<Point>
<coordinates>-58.22022953279389,-32.2162111395986</coordinates>
</Point>
</Placemark>
<Placemark>
<name> Columna 796</name>
<Point>
<coordinates>-58.220341573304175,-32.21624015749547</coordinates>
</Point>
</Placemark>
<Placemark>
<name> Columna 797</name>
<Point>
<coordinates>-58.22008346897013,-32.21654047854041</coordinates>
</Point>
</Placemark>
<Placemark>
<name> Columna 798</name>
<Point>
<coordinates>-58.219451196478545,-32.21633532244535</coordinates>
</Point>
</Placemark>
<Placemark>
<name> Columna 799</name>
<Point>
<coordinates>-58.2131665770527,-32.21100600769407</coordinates>
</Point>
</Placemark>
<Placemark>
<name> Columna 800</name>
<Point>
<coordinates>-58.21249943584434,-32.21077587634606</coordinates>
</Point>
</Placemark>
<Placemark>
<name> Columna 801</name>
<Point>
<coordinates>-58.21310500281291,-32.211097207899456</coordinates>
</Point>
</Placemark>
<Placemark>
<name> Columna 802</name>
<Point>
<coordinates>-58.21380847041097,-32.211171175301985</coordinates>
</Point>
</Placemark>
<Placemark>
<name> Columna 803</name>
<Point>
<coordinates>-58.21445829382866,-32.21134272619853</coordinates>
</Point>
</Placemark>
<Placemark>
<name> Columna 804</name>
<Point>
<coordinates>-58.214727243566564,-32.21071091280495</coordinates>
</Point>
</Placemark>
<Placemark>
<name> Columna 805</name>
<Point>
<coordinates>-58.21342441882184,-32.21031511399407</coordinates>
</Point>
</Placemark>
<Placemark>
<name> Columna 806</name>
<Point>
<coordinates>-58.213403952550514,-32.21609720120987</coordinates>
</Point>
</Placemark>
<Placemark>
<name> Columna 807</name>
<Point>
<coordinates>-58.22666747612916,-32.19359395082978</coordinates>
</Point>
</Placemark>
<Placemark>
<name> Columna 808</name>
<Point>
<coordinates>-58.2264576515574,-32.193700846844266</coordinates>
</Point>
</Placemark>
<Placemark>
<name> Columna 809</name>
<Point>
<coordinates>-58.22960192935853,-32.19447393286221</coordinates>
</Point>
</Placemark>
<Placemark>
<name> Columna 810</name>
<Point>
<coordinates>-58.2294832998939,-32.19444407206582</coordinates>
</Point>
</Placemark>
<Placemark>
<name> Columna 811</name>
<Point>
<coordinates>-58.229412950191175,-32.19450330111578</coordinates>
</Point>
</Placemark>
<Placemark>
<name> Columna 812</name>
<Point>
<coordinates>-58.22925811090418,-32.195265031304636</coordinates>
</Point>
</Placemark>
<Placemark>
<name> Columna 813</name>
<Point>
<coordinates>-58.23082524980475,-32.19488278575488</coordinates>
</Point>
</Placemark>
<Placemark>
<name> Columna 814</name>
<Point>
<coordinates>-58.23075624120668,-32.19508614621905</coordinates>
</Point>
</Placemark>
<Placemark>
<name> Columna 815</name>
<Point>
<coordinates>-58.22976723491657,-32.19408424268843</coordinates>
</Point>
</Placemark>
<Placemark>
<name> Columna 816</name>
<Point>
<coordinates>-58.23003618465455,-32.19345912081225</coordinates>
</Point>
</Placemark>
<Placemark>
<name> Columna 817</name>
<Point>
<coordinates>-58.230655162668995,-32.19366134970132</coordinates>
</Point>
</Placemark>
<Placemark>
<name> Columna 818</name>
<Point>
<coordinates>-58.23127279957847,-32.19386698284869</coordinates>
</Point>
</Placemark>
<Placemark>
<name> Columna 819</name>
<Point>
<coordinates>-58.23161148674994,-32.193153335876794</coordinates>
</Point>
</Placemark>
<Placemark>
<name> Columna 820</name>
<Point>
<coordinates>-58.230251219734036,-32.193013573112026</coordinates>
</Point>
</Placemark>
<Placemark>
<name> Columna 821</name>
<Point>
<coordinates>-58.22888402197247,-32.19307166833009</coordinates>
</Point>
</Placemark>
<Placemark>
<name> Columna 822</name>
<Point>
<coordinates>-58.22922136803943,-32.193188779281435</coordinates>
</Point>
</Placemark>
<Placemark>
<name> Columna 823</name>
<Point>
<coordinates>-58.22870979495322,-32.19339668338009</coordinates>
</Point>
</Placemark>
<Placemark>
<name> Columna 824</name>
<Point>
<coordinates>-58.22900556678069,-32.19279766009647</coordinates>
</Point>
</Placemark>
<Placemark>
<name> Columna 825</name>
<Point>
<coordinates>-58.230422501976925,-32.19251754792148</coordinates>
</Point>
</Placemark>
<Placemark>
<name> Columna 826</name>
<Point>
<coordinates>-58.22984789697936,-32.19230212591809</coordinates>
</Point>
</Placemark>
<Placemark>
<name> Columna 827</name>
<Point>
<coordinates>-58.23105293766276,-32.192714318749246</coordinates>
</Point>
</Placemark>
<Placemark>
<name> Columna 828</name>
<Point>
<coordinates>-58.22767140093129,-32.191628404003104</coordinates>
</Point>
</Placemark>
<Placemark>
<name> Columna 829</name>
<Point>
<coordinates>-58.22771504511128,-32.19154576794202</coordinates>
</Point>
</Placemark>
<Placemark>
<name> Columna 830</name>
<Point>
<coordinates>-58.2271256879638,-32.19145518723517</coordinates>
</Point>
</Placemark>
<Placemark>
<name> Columna 831</name>
<Point>
<coordinates>-58.230819818613575,-32.19166536535966</coordinates>
</Point>
</Placemark>
<Placemark>
<name> Columna 832</name>
<Point>
<coordinates>-58.230712588537195,-32.1916224521654</coordinates>
</Point>
</Placemark>
<Placemark>
<name> Columna 833</name>
<Point>
<coordinates>-58.2313141321924,-32.19057511285397</coordinates>
</Point>
</Placemark>
<Placemark>
<name> Columna 834</name>
<Point>
<coordinates>-58.229812823979714,-32.190103186570305</coordinates>
</Point>
</Placemark>
<Placemark>
<name> Columna 835</name>
<Point>
<coordinates>-58.22948632331623,-32.19080593678701</coordinates>
</Point>
</Placemark>
<Placemark>
<name> Columna 836</name>
<Point>
<coordinates>-58.22941195029964,-32.19109102285513</coordinates>
</Point>
</Placemark>
<Placemark>
<name> Columna 837</name>
<Point>
<coordinates>-58.22961216843154,-32.19113805380833</coordinates>
</Point>
</Placemark>
<Placemark>
<name> Columna 838</name>
<Point>
<coordinates>-58.22952170216156,-32.191331208577715</coordinates>
</Point>
</Placemark>
<Placemark>
<name> Columna 839</name>
<Point>
<coordinates>-58.228323483568396,-32.1896233199496</coordinates>
</Point>
</Placemark>
<Placemark>
<name> Columna 840</name>
<Point>
<coordinates>-58.22802380499438,-32.19038509151957</coordinates>
</Point>
</Placemark>
<Placemark>
<name> Columna 841</name>
<Point>
<coordinates>-58.22705759748018,-32.19017306957215</coordinates>
</Point>
</Placemark>
<Placemark>
<name> Columna 842</name>
<Point>
<coordinates>-58.226959084582504,-32.19032650311047</coordinates>
</Point>
</Placemark>
<Placemark>
<name> Columna 843</name>
<Point>
<coordinates>-58.23171000558443,-32.18967184682213</coordinates>
</Point>
</Placemark>
<Placemark>
<name> Columna 844</name>
<Point>
<coordinates>-58.23226863389516,-32.189829821101796</coordinates>
</Point>
</Placemark>
<Placemark>
<name> Columna 845</name>
<Point>
<coordinates>-58.232972101492976,-32.190062608062924</coordinates>
</Point>
</Placemark>
<Placemark>
<name> Columna 846</name>
<Point>
<coordinates>-58.23331078866492,-32.189294453278954</coordinates>
</Point>
</Placemark>
<Placemark>
<name> Columna 847</name>
<Point>
<coordinates>-58.2335368230583,-32.18882592541445</coordinates>
</Point>
</Placemark>
<Placemark>
<name> Columna 848</name>
<Point>
<coordinates>-58.233886239065995,-32.187971501626</coordinates>
</Point>
</Placemark>
<Placemark>
<name> Columna 849</name>
<Point>
<coordinates>-58.23185787678228,-32.18932233678861</coordinates>
</Point>
</Placemark>
<Placemark>
<name> Columna 850</name>
<Point>
<coordinates>-58.232266301388336,-32.188386199205034</coordinates>
</Point>
</Placemark>
<Placemark>
<name> Columna 851</name>
<Point>
<coordinates>-58.23205781792088,-32.18887558834344</coordinates>
</Point>
</Placemark>
<Placemark>
<name> Columna 852</name>
<Point>
<coordinates>-58.23194589397843,-32.18884005146209</coordinates>
</Point>
</Placemark>
<Placemark>
<name> Columna 853</name>
<Point>
<coordinates>-58.22910348125828,-32.187972008004465</coordinates>
</Point>
</Placemark>
<Placemark>
<name> Columna 854</name>
<Point>
<coordinates>-58.229093481258,-32.187962008004</coordinates>
</Point>
</Placemark>
<Placemark>
<name> Columna 855</name>
<Point>
<coordinates>-58.229134443229285,-32.18784140505855</coordinates>
</Point>
</Placemark>
<Placemark>
<name> Columna 856</name>
<Point>
<coordinates>-58.228212492163934,-32.18756354815274</coordinates>
</Point>
</Placemark>
<Placemark>
<name> Columna 857</name>
<Point>
<coordinates>-58.228768438266144,-32.18872711888852</coordinates>
</Point>
</Placemark>
<Placemark>
<name> Columna 858</name>
<Point>
<coordinates>-58.22885030392476,-32.188755708002866</coordinates>
</Point>
</Placemark>
<Placemark>
<name> Columna 859</name>
<Point>
<coordinates>-58.227762055901024,-32.188446074421144</coordinates>
</Point>
</Placemark>
<Placemark>
<name> Columna 860</name>
<Point>
<coordinates>-58.23275340838395,-32.18702326687788</coordinates>
</Point>
</Placemark>
<Placemark>
<name> Columna 861</name>
<Point>
<coordinates>-58.2325449249169,-32.187524013384994</coordinates>
</Point>
</Placemark>
<Placemark>
<name> Columna 862</name>
<Point>
<coordinates>-58.23242227213837,-32.18782016918789</coordinates>
</Point>
</Placemark>
<Placemark>
<name> Columna 863</name>
<Point>
<coordinates>-58.23281192128122,-32.18794296239296</coordinates>
</Point>
</Placemark>
<Placemark>
<name> Columna 864</name>
<Point>
<coordinates>-58.233402736100345,-32.18720656976372</coordinates>
</Point>
</Placemark>
<Placemark>
<name> Columna 865</name>
<Point>
<coordinates>-58.231657346867365,-32.18666766142586</coordinates>
</Point>
</Placemark>
<Placemark>
<name> Columna 866</name>
<Point>
<coordinates>-58.23205772484628,-32.18677570133446</coordinates>
</Point>
</Placemark>
<Placemark>
<name> Columna 867</name>
<Point>
<coordinates>-58.232439327362165,-32.18597119891081</coordinates>
</Point>
</Placemark>
<Placemark>
<name> Columna 868</name>
<Point>
<coordinates>-58.22930991827767,-32.18740945828668</coordinates>
</Point>
</Placemark>
<Placemark>
<name> Columna 869</name>
<Point>
<coordinates>-58.22955741034343,-32.18691822099767</coordinates>
</Point>
</Placemark>
<Placemark>
<name> Columna 870</name>
<Point>
<coordinates>-58.22952192935735,-32.18699277821523</coordinates>
</Point>
</Placemark>
<Placemark>
<name> Columna 871</name>
<Point>
<coordinates>-58.228587908351365,-32.18670129882088</coordinates>
</Point>
</Placemark>
<Placemark>
<name> Columna 872</name>
<Point>
<coordinates>-58.23097848541933,-32.18745855520653</coordinates>
</Point>
</Placemark>
<Placemark>
<name> Columna 873</name>
<Point>
<coordinates>-58.231201837603294,-32.18706341088115</coordinates>
</Point>
</Placemark>
<Placemark>
<name> Columna 874</name>
<Point>
<coordinates>-58.230392539316554,-32.187273591314565</coordinates>
</Point>
</Placemark>
<Placemark>
<name> Columna 875</name>
<Point>
<coordinates>-58.23113087563216,-32.18750647934333</coordinates>
</Point>
</Placemark>
<Placemark>
<name> Columna 876</name>
<Point>
<coordinates>-58.230855336939534,-32.18779838602194</coordinates>
</Point>
</Placemark>
<Placemark>
<name> Columna 877</name>
<Point>
<coordinates>-58.229726855780775,-32.18652588566884</coordinates>
</Point>
</Placemark>
<Placemark>
<name> Columna 878</name>
<Point>
<coordinates>-58.229922044770625,-32.18611182419431</coordinates>
</Point>
</Placemark>
<Placemark>
<name> Columna 879</name>
<Point>
<coordinates>-58.229083242185396,-32.185810126982645</coordinates>
</Point>
</Placemark>
<Placemark>
<name> Columna 880</name>
<Point>
<coordinates>-58.23069597863902,-32.186342660408044</coordinates>
</Point>
</Placemark>
<Placemark>
<name> Columna 881</name>
<Point>
<coordinates>-58.23049285958992,-32.184896183793306</coordinates>
</Point>
</Placemark>
<Placemark>
<name> Columna 882</name>
<Point>
<coordinates>-58.230051023938614,-32.18316079439975</coordinates>
</Point>
</Placemark>
<Placemark>
<name> Columna 883</name>
<Point>
<coordinates>-58.230271693913906,-32.18281785402816</coordinates>
</Point>
</Placemark>
<Placemark>
<name> Columna 884</name>
<Point>
<coordinates>-58.23101807685572,-32.18094635634745</coordinates>
</Point>
</Placemark>
<Placemark>
<name> Columna 885</name>
<Point>
<coordinates>-58.2308632375692,-32.180883007985685</coordinates>
</Point>
</Placemark>
<Placemark>
<name> Columna 886</name>
<Point>
<coordinates>-58.23159486836162,-32.1791351114082</coordinates>
</Point>
</Placemark>
<Placemark>
<name> Columna 887</name>
<Point>
<coordinates>-58.23145209901577,-32.179022385364426</coordinates>
</Point>
</Placemark>
<Placemark>
<name> Columna 888</name>
<Point>
<coordinates>-58.23059183875828,-32.17876720447742</coordinates>
</Point>
</Placemark>
<Placemark>
<name> Columna 889</name>
<Point>
<coordinates>-58.23019560065985,-32.17974019434216</coordinates>
</Point>
</Placemark>
<Placemark>
<name> Columna 890</name>
<Point>
<coordinates>-58.23077836885229,-32.17830224467971</coordinates>
</Point>
</Placemark>
<Placemark>
<name> Columna 891</name>
<Point>
<coordinates>-58.230038807999954,-32.17806295335385</coordinates>
</Point>
</Placemark>
<Placemark>
<name> Columna 892</name>
<Point>
<coordinates>-58.22993426013223,-32.178034791638126</coordinates>
</Point>
</Placemark>
<Placemark>
<name> Columna 893</name>
<Point>
<coordinates>-58.230704782955335,-32.17826063260955</coordinates>
</Point>
</Placemark>
<Placemark>
<name> Columna 894</name>
<Point>
<coordinates>-58.230861079913915,-32.17787264197219</coordinates>
</Point>
</Placemark>
<Placemark>
<name> Columna 895</name>
<Point>
<coordinates>-58.231854226085574,-32.1780482359315</coordinates>
</Point>
</Placemark>
<Placemark>
<name> Columna 896</name>
<Point>
<coordinates>-58.232651570999465,-32.176306910142436</coordinates>
</Point>
</Placemark>
<Placemark>
<name> Columna 897</name>
<Point>
<coordinates>-58.23179667515931,-32.17604264088707</coordinates>
</Point>
</Placemark>
<Placemark>
<name> Columna 898</name>
<Point>
<coordinates>-58.23175582975533,-32.176133667606706</coordinates>
</Point>
</Placemark>
<Placemark>
<name> Columna 899</name>
<Point>
<coordinates>-58.23155673401945,-32.176069181294196</coordinates>
</Point>
</Placemark>
<Placemark>
<name> Columna 900</name>
<Point>
<coordinates>-58.23050871913024,-32.175754965414995</coordinates>
</Point>
</Placemark>
<Placemark>
<name> Columna 901</name>
<Point>
<coordinates>-58.23013125649495,-32.176768852238624</coordinates>
</Point>
</Placemark>
<Placemark>
<name> Columna 902</name>
<Point>
<coordinates>-58.22972831287432,-32.17549742058446</coordinates>
</Point>
</Placemark>
<Placemark>
<name> Columna 903</name>
<Point>
<coordinates>-58.22741295422569,-32.17477909102624</coordinates>
</Point>
</Placemark>
<Placemark>
<name> Columna 904</name>
<Point>
<coordinates>-58.22538056862876,-32.179310705169584</coordinates>
</Point>
</Placemark>
<Placemark>
<name> Columna 905</name>
<Point>
<coordinates>-58.22119576973878,-32.17810176672453</coordinates>
</Point>
</Placemark>
<Placemark>
<name> Columna 906</name>
<Point>
<coordinates>-58.22074052304252,-32.179216357092244</coordinates>
</Point>
</Placemark>
<Placemark>
<name> Columna 907</name>
<Point>
<coordinates>-58.22078148501429,-32.179129170752226</coordinates>
</Point>
</Placemark>
<Placemark>
<name> Columna 908</name>
<Point>
<coordinates>-58.22117918078425,-32.17816114651328</coordinates>
</Point>
</Placemark>
<Placemark>
<name> Columna 909</name>
<Point>
<coordinates>-58.220216996583716,-32.17904787576233</coordinates>
</Point>
</Placemark>
<Placemark>
<name> Columna 910</name>
<Point>
<coordinates>-58.220361223602346,-32.180120749811046</coordinates>
</Point>
</Placemark>
<Placemark>
<name> Columna 911</name>
<Point>
<coordinates>-58.21979064191788,-32.179969999599074</coordinates>
</Point>
</Placemark>
<Placemark>
<name> Columna 912</name>
<Point>
<coordinates>-58.21968978208761,-32.17993729792906</coordinates>
</Point>
</Placemark>
<Placemark>
<name> Columna 913</name>
<Point>
<coordinates>-58.22001505821487,-32.17919176067926</coordinates>
</Point>
</Placemark>
<Placemark>
<name> Columna 914</name>
<Point>
<coordinates>-58.22070511476789,-32.17929640500565</coordinates>
</Point>
</Placemark>
<Placemark>
<name> Columna 915</name>
<Point>
<coordinates>-58.2202445036535,-32.17899355086278</coordinates>
</Point>
</Placemark>
<Placemark>
<name> Columna 916</name>
<Point>
<coordinates>-58.22065829267736,-32.17795287829035</coordinates>
</Point>
</Placemark>
<Placemark>
<name> Columna 917</name>
<Point>
<coordinates>-58.22053027548034,-32.17792187878032</coordinates>
</Point>
</Placemark>
<Placemark>
<name> Columna 918</name>
<Point>
<coordinates>-58.21957077348874,-32.178877437688975</coordinates>
</Point>
</Placemark>
<Placemark>
<name> Columna 919</name>
<Point>
<coordinates>-58.21949505936813,-32.179011594890824</coordinates>
</Point>
</Placemark>
<Placemark>
<name> Columna 920</name>
<Point>
<coordinates>-58.21920610963045,-32.179768916083034</coordinates>
</Point>
</Placemark>
<Placemark>
<name> Columna 921</name>
<Point>
<coordinates>-58.22004510207139,-32.17775355572085</coordinates>
</Point>
</Placemark>
<Placemark>
<name> Columna 922</name>
<Point>
<coordinates>-58.22024431437416,-32.17738031948124</coordinates>
</Point>
</Placemark>
<Placemark>
<name> Columna 923</name>
<Point>
<coordinates>-58.21876178162482,-32.17860062031211</coordinates>
</Point>
</Placemark>
<Placemark>
<name> Columna 924</name>
<Point>
<coordinates>-58.217770093125566,-32.178309114971114</coordinates>
</Point>
</Placemark>
<Placemark>
<name> Columna 925</name>
<Point>
<coordinates>-58.21691787949534,-32.17801306829855</coordinates>
</Point>
</Placemark>
<Placemark>
<name> Columna 926</name>
<Point>
<coordinates>-58.21801563181814,-32.17773745269801</coordinates>
</Point>
</Placemark>
<Placemark>
<name> Columna 927</name>
<Point>
<coordinates>-58.217512105359255,-32.178909095775964</coordinates>
</Point>
</Placemark>
<Placemark>
<name> Columna 928</name>
<Point>
<coordinates>-58.21828531039135,-32.17707838265786</coordinates>
</Point>
</Placemark>
<Placemark>
<name> Columna 929</name>
<Point>
<coordinates>-58.21917653261999,-32.177344216254795</coordinates>
</Point>
</Placemark>
<Placemark>
<name> Columna 930</name>
<Point>
<coordinates>-58.21849061594825,-32.17662363081165</coordinates>
</Point>
</Placemark>
<Placemark>
<name> Columna 931</name>
<Point>
<coordinates>-58.2174533298953,-32.17679298039642</coordinates>
</Point>
</Placemark>
<Placemark>
<name> Columna 932</name>
<Point>
<coordinates>-58.216145140731804,-32.176410659304366</coordinates>
</Point>
</Placemark>
<Placemark>
<name> Columna 933</name>
<Point>
<coordinates>-58.217242893055165,-32.179515165122474</coordinates>
</Point>
</Placemark>
<Placemark>
<name> Columna 934</name>
<Point>
<coordinates>-58.21734554583362,-32.17955170376016</coordinates>
</Point>
</Placemark>
<Placemark>
<name> Columna 935</name>
<Point>
<coordinates>-58.21737175565569,-32.17945657207742</coordinates>
</Point>
</Placemark>
<Placemark>
<name> Columna 936</name>
<Point>
<coordinates>-58.217267878340486,-32.17942954572906</coordinates>
</Point>
</Placemark>
<Placemark>
<name> Columna 937</name>
<Point>
<coordinates>-58.21646126226257,-32.17917209575243</coordinates>
</Point>
</Placemark>
<Placemark>
<name> Columna 938</name>
<Point>
<coordinates>-58.21565062287206,-32.1789146450758</coordinates>
</Point>
</Placemark>
<Placemark>
<name> Columna 939</name>
<Point>
<coordinates>-58.2158042376219,-32.17854141346773</coordinates>
</Point>
</Placemark>
<Placemark>
<name> Columna 940</name>
<Point>
<coordinates>-58.21637895918724,-32.177252738089386</coordinates>
</Point>
</Placemark>
<Placemark>
<name> Columna 941</name>
<Point>
<coordinates>-58.21686248564575,-32.17626199152279</coordinates>
</Point>
</Placemark>
<Placemark>
<name> Columna 942</name>
<Point>
<coordinates>-58.21485692213892,-32.17864481323542</coordinates>
</Point>
</Placemark>
<Placemark>
<name> Columna 943</name>
<Point>
<coordinates>-58.213047159890024,-32.178096774304464</coordinates>
</Point>
</Placemark>
<Placemark>
<name> Columna 944</name>
<Point>
<coordinates>-58.21688881203538,-32.18058397481742</coordinates>
</Point>
</Placemark>
<Placemark>
<name> Columna 945</name>
<Point>
<coordinates>-58.21609024258461,-32.18033396398565</coordinates>
</Point>
</Placemark>
<Placemark>
<name> Columna 946</name>
<Point>
<coordinates>-58.215758377503214,-32.18087493045602</coordinates>
</Point>
</Placemark>
<Placemark>
<name> Columna 947</name>
<Point>
<coordinates>-58.2159978229414,-32.18030760836141</coordinates>
</Point>
</Placemark>
<Placemark>
<name> Columna 948</name>
<Point>
<coordinates>-58.21850373499698,-32.18109783564353</coordinates>
</Point>
</Placemark>
<Placemark>
<name> Columna 949</name>
<Point>
<coordinates>-58.218458866279796,-32.181192261959374</coordinates>
</Point>
</Placemark>
<Placemark>
<name> Columna 950</name>
<Point>
<coordinates>-58.21667056170313,-32.18104074035806</coordinates>
</Point>
</Placemark>
<Placemark>
<name> Columna 951</name>
<Point>
<coordinates>-58.21639770521954,-32.18171632006181</coordinates>
</Point>
</Placemark>
<Placemark>
<name> Columna 952</name>
<Point>
<coordinates>-58.21759738148571,-32.18208542984245</coordinates>
</Point>
</Placemark>
<Placemark>
<name> Columna 953</name>
<Point>
<coordinates>-58.22350969899087,-32.18394598453679</coordinates>
</Point>
</Placemark>
<Placemark>
<name> Columna 954</name>
<Point>
<coordinates>-58.216296626681505,-32.181670428905925</coordinates>
</Point>
</Placemark>
<Placemark>
<name> Columna 955</name>
<Point>
<coordinates>-58.21546050630541,-32.18357125227515</coordinates>
</Point>
</Placemark>
<Placemark>
<name> Columna 956</name>
<Point>
<coordinates>-58.21560339221883,-32.18318895889863</coordinates>
</Point>
</Placemark>
<Placemark>
<name> Columna 957</name>
<Point>
<coordinates>-58.21586965974754,-32.18255362240505</coordinates>
</Point>
</Placemark>
<Placemark>
<name> Columna 958</name>
<Point>
<coordinates>-58.2161493383216,-32.181926152486824</coordinates>
</Point>
</Placemark>
<Placemark>
<name> Columna 959</name>
<Point>
<coordinates>-58.214516601868,-32.18327069551965</coordinates>
</Point>
</Placemark>
<Placemark>
<name> Columna 960</name>
<Point>
<coordinates>-58.21371803241763,-32.183008715801115</coordinates>
</Point>
</Placemark>
<Placemark>
<name> Columna 961</name>
<Point>
<coordinates>-58.214700449753515,-32.181150843017086</coordinates>
</Point>
</Placemark>
<Placemark>
<name> Columna 962</name>
<Point>
<coordinates>-58.21455902151227,-32.181416691359495</coordinates>
</Point>
</Placemark>
<Placemark>
<name> Columna 963</name>
<Point>
<coordinates>-58.21489770868394,-32.18063938396853</coordinates>
</Point>
</Placemark>
<Placemark>
<name> Columna 964</name>
<Point>
<coordinates>-58.2154107394419,-32.181387610919664</coordinates>
</Point>
</Placemark>
<Placemark>
<name> Columna 965</name>
<Point>
<coordinates>-58.21376190973389,-32.18088272093685</coordinates>
</Point>
</Placemark>
<Placemark>
<name> Columna 966</name>
<Point>
<coordinates>-58.212940541506995,-32.180630950284666</coordinates>
</Point>
</Placemark>
<Placemark>
<name> Columna 967</name>
<Point>
<coordinates>-58.21285041051267,-32.18060051893059</coordinates>
</Point>
</Placemark>
<Placemark>
<name> Columna 968</name>
<Point>
<coordinates>-58.21189627293976,-32.18029255911733</coordinates>
</Point>
</Placemark>
<Placemark>
<name> Columna 969</name>
<Point>
<coordinates>-58.21270166448054,-32.18112705422605</coordinates>
</Point>
</Placemark>
<Placemark>
<name> Columna 970</name>
<Point>
<coordinates>-58.21246099450571,-32.18168685704697</coordinates>
</Point>
</Placemark>
<Placemark>
<name> Columna 971</name>
<Point>
<coordinates>-58.211229248299716,-32.1812886650314</coordinates>
</Point>
</Placemark>
<Placemark>
<name> Columna 972</name>
<Point>
<coordinates>-58.2113077611975,-32.18434291669003</coordinates>
</Point>
</Placemark>
<Placemark>
<name> Columna 973</name>
<Point>
<coordinates>-58.21115828632822,-32.184662074458664</coordinates>
</Point>
</Placemark>
<Placemark>
<name> Columna 974</name>
<Point>
<coordinates>-58.210936391815814,-32.18517418439797</coordinates>
</Point>
</Placemark>
<Placemark>
<name> Columna 975</name>
<Point>
<coordinates>-58.211107440924515,-32.18476996732699</coordinates>
</Point>
</Placemark>
<Placemark>
<name> Columna 976</name>
<Point>
<coordinates>-58.212241403069854,-32.18508798853219</coordinates>
</Point>
</Placemark>
<Placemark>
<name> Columna 977</name>
<Point>
<coordinates>-58.21286440439752,-32.18485098433875</coordinates>
</Point>
</Placemark>
<Placemark>
<name> Columna 978</name>
<Point>
<coordinates>-58.21292883569818,-32.18485375334129</coordinates>
</Point>
</Placemark>
<Placemark>
<name> Columna 979</name>
<Point>
<coordinates>-58.21264256816946,-32.18559836981967</coordinates>
</Point>
</Placemark>
<Placemark>
<name> Columna 980</name>
<Point>
<coordinates>-58.21328702716862,-32.179527197639054</coordinates>
</Point>
</Placemark>
<Placemark>
<name> Columna 981</name>
<Point>
<coordinates>-58.21282641605449,-32.179374897341596</coordinates>
</Point>
</Placemark>
<Placemark>
<name> Columna 982</name>
<Point>
<coordinates>-58.21408241870901,-32.179789289308914</coordinates>
</Point>
</Placemark>
<Placemark>
<name> Columna 983</name>
<Point>
<coordinates>-58.21310145904561,-32.17997147168296</coordinates>
</Point>
</Placemark>
<Placemark>
<name> Columna 984</name>
<Point>
<coordinates>-58.214357461701034,-32.17720998810202</coordinates>
</Point>
</Placemark>
<Placemark>
<name> Columna 985</name>
<Point>
<coordinates>-58.214283088684645,-32.17733393189926</coordinates>
</Point>
</Placemark>
<Placemark>
<name> Columna 986</name>
<Point>
<coordinates>-58.215187721959076,-32.177539603724654</coordinates>
</Point>
</Placemark>
<Placemark>
<name> Columna 987</name>
<Point>
<coordinates>-58.21365690944754,-32.17700744994795</coordinates>
</Point>
</Placemark>
<Placemark>
<name> Columna 988</name>
<Point>
<coordinates>-58.21458970591673,-32.17664738896108</coordinates>
</Point>
</Placemark>
<Placemark>
<name> Columna 989</name>
<Point>
<coordinates>-58.215255622588735,-32.17510722791095</coordinates>
</Point>
</Placemark>
<Placemark>
<name> Columna 990</name>
<Point>
<coordinates>-58.215120899869795,-32.175479770625834</coordinates>
</Point>
</Placemark>
<Placemark>
<name> Columna 991</name>
<Point>
<coordinates>-58.21593165582856,-32.17534944577779</coordinates>
</Point>
</Placemark>
<Placemark>
<name> Columna 992</name>
<Point>
<coordinates>-58.21444644087081,-32.17487857738537</coordinates>
</Point>
</Placemark>
<Placemark>
<name> Columna 993</name>
<Point>
<coordinates>-58.21292635719561,-32.17442791323089</coordinates>
</Point>
</Placemark>
<Placemark>
<name> Columna 994</name>
<Point>
<coordinates>-58.21257973996464,-32.17668512525521</coordinates>
</Point>
</Placemark>
<Placemark>
<name> Columna 995</name>
<Point>
<coordinates>-58.21262338414529,-32.17656672081951</coordinates>
</Point>
</Placemark>
<Placemark>
<name> Columna 996</name>
<Point>
<coordinates>-58.21177921714136,-32.176324810173405</coordinates>
</Point>
</Placemark>
<Placemark>
<name> Columna 997</name>
<Point>
<coordinates>-58.21240490067753,-32.17703447898511</coordinates>
</Point>
</Placemark>
<Placemark>
<name> Columna 998</name>
<Point>
<coordinates>-58.213132508157095,-32.175430756631606</coordinates>
</Point>
</Placemark>
<Placemark>
<name> Columna 999</name>
<Point>
<coordinates>-58.214031777013055,-32.17573632498818</coordinates>
</Point>
</Placemark>
<Placemark>
<name> Columna 1000</name>
<Point>
<coordinates>-58.21222603807752,-32.17516790498761</coordinates>
</Point>
</Placemark>
<Placemark>
<name> Columna 1001</name>
<Point>
<coordinates>-58.21327416953439,-32.17502963371441</coordinates>
</Point>
</Placemark>
<Placemark>
<name> Columna 1002</name>
<Point>
<coordinates>-58.21368527634933,-32.17419324444968</coordinates>
</Point>
</Placemark>
<Placemark>
<name> Columna 1003</name>
<Point>
<coordinates>-58.21129883916179,-32.17488470437329</coordinates>
</Point>
</Placemark>
<Placemark>
<name> Columna 1004</name>
<Point>
<coordinates>-58.21140886801542,-32.17491415071379</coordinates>
</Point>
</Placemark>
<Placemark>
<name> Columna 1005</name>
<Point>
<coordinates>-58.21170463984269,-32.17433884606347</coordinates>
</Point>
</Placemark>
<Placemark>
<name> Columna 1006</name>
<Point>
<coordinates>-58.21202186934282,-32.17358645261664</coordinates>
</Point>
</Placemark>
<Placemark>
<name> Columna 1007</name>
<Point>
<coordinates>-58.212328370006766,-32.17295433692876</coordinates>
</Point>
</Placemark>
<Placemark>
<name> Columna 1008</name>
<Point>
<coordinates>-58.20973808493467,-32.174465723815324</coordinates>
</Point>
</Placemark>
<Placemark>
<name> Columna 1009</name>
<Point>
<coordinates>-58.20974820150261,-32.17443529107731</coordinates>
</Point>
</Placemark>
<Placemark>
<name> Columna 1010</name>
<Point>
<coordinates>-58.2111597722809,-32.17551730108716</coordinates>
</Point>
</Placemark>
<Placemark>
<name> Columna 1011</name>
<Point>
<coordinates>-58.21073134767467,-32.176474434260165</coordinates>
</Point>
</Placemark>
<Placemark>
<name> Columna 1012</name>
<Point>
<coordinates>-58.21285409970246,-32.17599896066152</coordinates>
</Point>
</Placemark>
<Placemark>
<name> Columna 1013</name>
<Point>
<coordinates>-58.212860192956086,-32.17674063672179</coordinates>
</Point>
</Placemark>
<Placemark>
<name> Columna 1014</name>
<Point>
<coordinates>-58.211071888379124,-32.18001725849819</coordinates>
</Point>
</Placemark>
<Placemark>
<name> Columna 1015</name>
<Point>
<coordinates>-58.21084194723978,-32.18053417702578</coordinates>
</Point>
</Placemark>
<Placemark>
<name> Columna 1016</name>
<Point>
<coordinates>-58.211228914174214,-32.179659244759776</coordinates>
</Point>
</Placemark>
<Placemark>
<name> Columna 1017</name>
<Point>
<coordinates>-58.2116319743623,-32.17883424848159</coordinates>
</Point>
</Placemark>
<Placemark>
<name> Columna 1018</name>
<Point>
<coordinates>-58.21028757537708,-32.179778860487474</coordinates>
</Point>
</Placemark>
<Placemark>
<name> Columna 1019</name>
<Point>
<coordinates>-58.208349067095305,-32.17916395148314</coordinates>
</Point>
</Placemark>
<Placemark>
<name> Columna 1020</name>
<Point>
<coordinates>-58.2075116056139,-32.17891274381514</coordinates>
</Point>
</Placemark>
<Placemark>
<name> Columna 1021</name>
<Point>
<coordinates>-58.20745064364271,-32.17900830773165</coordinates>
</Point>
</Placemark>
<Placemark>
<name> Columna 1022</name>
<Point>
<coordinates>-58.20759084734784,-32.178939282754946</coordinates>
</Point>
</Placemark>
<Placemark>
<name> Columna 1023</name>
<Point>
<coordinates>-58.208095831478865,-32.17778680999482</coordinates>
</Point>
</Placemark>
<Placemark>
<name> Columna 1024</name>
<Point>
<coordinates>-58.2078524792947,-32.17836007098928</coordinates>
</Point>
</Placemark>
<Placemark>
<name> Columna 1025</name>
<Point>
<coordinates>-58.209119210786085,-32.17809694257341</coordinates>
</Point>
</Placemark>
<Placemark>
<name> Columna 1026</name>
<Point>
<coordinates>-58.21000238638798,-32.17835482736133</coordinates>
</Point>
</Placemark>
<Placemark>
<name> Columna 1027</name>
<Point>
<coordinates>-58.2083374634258,-32.17723742751997</coordinates>
</Point>
</Placemark>
<Placemark>
<name> Columna 1028</name>
<Point>
<coordinates>-58.20853801683368,-32.176756352572724</coordinates>
</Point>
</Placemark>
<Placemark>
<name> Columna 1029</name>
<Point>
<coordinates>-58.20932731512045,-32.17698926865992</coordinates>
</Point>
</Placemark>
<Placemark>
<name> Columna 1030</name>
<Point>
<coordinates>-58.21117876817634,-32.17750880145298</coordinates>
</Point>
</Placemark>
<Placemark>
<name> Columna 1031</name>
<Point>
<coordinates>-58.19694769597905,-32.17549691785813</coordinates>
</Point>
</Placemark>
<Placemark>
<name> Columna 1032</name>
<Point>
<coordinates>-58.19856311464203,-32.17599091822992</coordinates>
</Point>
</Placemark>
<Placemark>
<name> Columna 1033</name>
<Point>
<coordinates>-58.19918611596953,-32.17616480958328</coordinates>
</Point>
</Placemark>
<Placemark>
<name> Columna 1034</name>
<Point>
<coordinates>-58.19681241927561,-32.17544137708766</coordinates>
</Point>
</Placemark>
<Placemark>
<name> Columna 1035</name>
<Point>
<coordinates>-58.19647250756717,-32.17651088864552</coordinates>
</Point>
</Placemark>
<Placemark>
<name> Columna 1036</name>
<Point>
<coordinates>-58.19709550889451,-32.174816345377074</coordinates>
</Point>
</Placemark>
<Placemark>
<name> Columna 1037</name>
<Point>
<coordinates>-58.19612796027669,-32.17442947559503</coordinates>
</Point>
</Placemark>
<Placemark>
<name> Columna 1038</name>
<Point>
<coordinates>-58.196246706309715,-32.17410844330115</coordinates>
</Point>
</Placemark>
<Placemark>
<name> Columna 1039</name>
<Point>
<coordinates>-58.19480843000956,-32.18009725674284</coordinates>
</Point>
</Placemark>
<Placemark>
<name> Columna 1040</name>
<Point>
<coordinates>-58.19493924598329,-32.17980462094367</coordinates>
</Point>
</Placemark>
<Placemark>
<name> Columna 1041</name>
<Point>
<coordinates>-58.194639567409375,-32.18047575306234</coordinates>
</Point>
</Placemark>
<Placemark>
<name> Columna 1042</name>
<Point>
<coordinates>-58.19537790372414,-32.180295491345106</coordinates>
</Point>
</Placemark>
<Placemark>
<name> Columna 1043</name>
<Point>
<coordinates>-58.196635247483535,-32.18069979434642</coordinates>
</Point>
</Placemark>
<Placemark>
<name> Columna 1044</name>
<Point>
<coordinates>-58.194407060628684,-32.18100307430238</coordinates>
</Point>
</Placemark>
<Placemark>
<name> Columna 1045</name>
<Point>
<coordinates>-58.19520574664699,-32.181266625876184</coordinates>
</Point>
</Placemark>
<Placemark>
<name> Columna 1046</name>
<Point>
<coordinates>-58.196386647449614,-32.181642547903444</coordinates>
</Point>
</Placemark>
<Placemark>
<name> Columna 1047</name>
<Point>
<coordinates>-58.19395193050054,-32.18205024994697</coordinates>
</Point>
</Placemark>
<Placemark>
<name> Columna 1048</name>
<Point>
<coordinates>-58.194191375939376,-32.18157033496117</coordinates>
</Point>
</Placemark>
<Placemark>
<name> Columna 1049</name>
<Point>
<coordinates>-58.193795137840866,-32.18241409221844</coordinates>
</Point>
</Placemark>
<Placemark>
<name> Columna 1050</name>
<Point>
<coordinates>-58.19514367670704,-32.18242565822031</coordinates>
</Point>
</Placemark>
<Placemark>
<name> Columna 1051</name>
<Point>
<coordinates>-58.194582482754456,-32.18224588994335</coordinates>
</Point>
</Placemark>
<Placemark>
<name> Columna 1052</name>
<Point>
<coordinates>-58.19437131707787,-32.18273304266871</coordinates>
</Point>
</Placemark>
<Placemark>
<name> Columna 1053</name>
<Point>
<coordinates>-58.19498493067396,-32.18283200729914</coordinates>
</Point>
</Placemark>
<Placemark>
<name> Columna 1054</name>
<Point>
<coordinates>-58.195762159019885,-32.18260734053332</coordinates>
</Point>
</Placemark>
<Placemark>
<name> Columna 1055</name>
<Point>
<coordinates>-58.19653268184335,-32.18286294195745</coordinates>
</Point>
</Placemark>
<Placemark>
<name> Columna 1056</name>
<Point>
<coordinates>-58.196355043779576,-32.18330468965823</coordinates>
</Point>
</Placemark>
<Placemark>
<name> Columna 1057</name>
<Point>
<coordinates>-58.19564364612259,-32.18310059730602</coordinates>
</Point>
</Placemark>
<Placemark>
<name> Columna 1058</name>
<Point>
<coordinates>-58.19616204129893,-32.18373303012935</coordinates>
</Point>
</Placemark>
<Placemark>
<name> Columna 1059</name>
<Point>
<coordinates>-58.19547344241822,-32.18352780365131</coordinates>
</Point>
</Placemark>
<Placemark>
<name> Columna 1060</name>
<Point>
<coordinates>-58.19664093217553,-32.183897956682</coordinates>
</Point>
</Placemark>
<Placemark>
<name> Columna 1061</name>
<Point>
<coordinates>-58.19674224385012,-32.18237380821768</coordinates>
</Point>
</Placemark>
<Placemark>
<name> Columna 1062</name>
<Point>
<coordinates>-58.19712953961908,-32.181508703356236</coordinates>
</Point>
</Placemark>
<Placemark>
<name> Columna 1063</name>
<Point>
<coordinates>-58.197642570376914,-32.18170528987878</coordinates>
</Point>
</Placemark>
<Placemark>
<name> Columna 1064</name>
<Point>
<coordinates>-58.19744481574596,-32.18214477321203</coordinates>
</Point>
</Placemark>
<Placemark>
<name> Columna 1065</name>
<Point>
<coordinates>-58.197033154946034,-32.18301843561543</coordinates>
</Point>
</Placemark>
<Placemark>
<name> Columna 1066</name>
<Point>
<coordinates>-58.197583736630115,-32.18319458286253</coordinates>
</Point>
</Placemark>
<Placemark>
<name> Columna 1067</name>
<Point>
<coordinates>-58.19740743967108,-32.183634058843595</coordinates>
</Point>
</Placemark>
<Placemark>
<name> Columna 1068</name>
<Point>
<coordinates>-58.19780245323224,-32.182701633677</coordinates>
</Point>
</Placemark>
<Placemark>
<name> Columna 1069</name>
<Point>
<coordinates>-58.19820014900226,-32.181851693318784</coordinates>
</Point>
</Placemark>
<Placemark>
<name> Columna 1070</name>
<Point>
<coordinates>-58.21590108914338,-32.204318951646215</coordinates>
</Point>
</Placemark>
<Placemark>
<name> Columna 1071</name>
<Point>
<coordinates>-58.217421901654824,-32.20455044638932</coordinates>
</Point>
</Placemark>
<Placemark>
<name> Columna 1072</name>
<Point>
<coordinates>-58.21510313196145,-32.20408405196651</coordinates>
</Point>
</Placemark>
<Placemark>
<name> Columna 1073</name>
<Point>
<coordinates>-58.21167795104943,-32.20187756900245</coordinates>
</Point>
</Placemark>
<Placemark>
<name> Columna 1074</name>
<Point>
<coordinates>-58.21212453885041,-32.209507016007194</coordinates>
</Point>
</Placemark>
<Placemark>
<name> Columna 1075</name>
<Point>
<coordinates>-58.21027113242112,-32.207677837237085</coordinates>
</Point>
</Placemark>
<Placemark>
<name> Columna 1076</name>
<Point>
<coordinates>-58.20861084504089,-32.207285860624545</coordinates>
</Point>
</Placemark>
<Placemark>
<name> Columna 1077</name>
<Point>
<coordinates>-58.20756746573411,-32.20812921969712</coordinates>
</Point>
</Placemark>
<Placemark>
<name> Columna 1078</name>
<Point>
<coordinates>-58.20812072962713,-32.208334818557155</coordinates>
</Point>
</Placemark>
<Placemark>
<name> Columna 1079</name>
<Point>
<coordinates>-58.20894757883965,-32.20862892558755</coordinates>
</Point>
</Placemark>
<Placemark>
<name> Columna 1080</name>
<Point>
<coordinates>-58.21380896611176,-32.20595075006976</coordinates>
</Point>
</Placemark>
<Placemark>
<name> Columna 1081</name>
<Point>
<coordinates>-58.21368631333337,-32.20591947332941</coordinates>
</Point>
</Placemark>
<Placemark>
<name> Columna 1082</name>
<Point>
<coordinates>-58.213024536542385,-32.20570408158145</coordinates>
</Point>
</Placemark>
<Placemark>
<name> Columna 1083</name>
<Point>
<coordinates>-58.21354293171793,-32.20621153178285</coordinates>
</Point>
</Placemark>
<Placemark>
<name> Columna 1084</name>
<Point>
<coordinates>-58.2134055267898,-32.206588482794054</coordinates>
</Point>
</Placemark>
<Placemark>
<name> Columna 1085</name>
<Point>
<coordinates>-58.2127678898805,-32.206354936491685</coordinates>
</Point>
</Placemark>
<Placemark>
<name> Columna 1086</name>
<Point>
<coordinates>-58.213980977190786,-32.20676025562599</coordinates>
</Point>
</Placemark>
<Placemark>
<name> Columna 1087</name>
<Point>
<coordinates>-58.21855781717263,-32.21555371054804</coordinates>
</Point>
</Placemark>
<Placemark>
<name> Columna 1088</name>
<Point>
<coordinates>-58.21831178277969,-32.21612237487862</coordinates>
</Point>
</Placemark>
<Placemark>
<name> Columna 1089</name>
<Point>
<coordinates>-58.218022833042454,-32.21539301505585</coordinates>
</Point>
</Placemark>
<Placemark>
<name> Columna 1090</name>
<Point>
<coordinates>-58.21753003541933,-32.215219626524856</coordinates>
</Point>
</Placemark>
<Placemark>
<name> Columna 1091</name>
<Point>
<coordinates>-58.217353738460076,-32.215629443732865</coordinates>
</Point>
</Placemark>
<Placemark>
<name> Columna 1092</name>
<Point>
<coordinates>-58.21700578012411,-32.21504758407645</coordinates>
</Point>
</Placemark>
<Placemark>
<name> Columna 1093</name>
<Point>
<coordinates>-58.21863192762309,-32.21570888911487</coordinates>
</Point>
</Placemark>
<Placemark>
<name> Columna 1094</name>
<Point>
<coordinates>-58.23085708661042,-32.18942034538341</coordinates>
</Point>
</Placemark>
<Placemark>
<name> Columna 1095</name>
<Point>
<coordinates>-58.2303428313152,-32.18924691019949</coordinates>
</Point>
</Placemark>
<Placemark>
<name> Columna 1096</name>
<Point>
<coordinates>-58.230488399437874,-32.18886795520975</coordinates>
</Point>
</Placemark>
<Placemark>
<name> Columna 1097</name>
<Point>
<coordinates>-58.23122728915936,-32.18351288946105</coordinates>
</Point>
</Placemark>
<Placemark>
<name> Columna 1098</name>
<Point>
<coordinates>-58.22010276956521,-32.179008209624946</coordinates>
</Point>
</Placemark>
<Placemark>
<name> Columna 1099</name>
<Point>
<coordinates>-58.2201014284607,-32.177631317757076</coordinates>
</Point>
</Placemark>
<Placemark>
<name> Columna 1100</name>
<Point>
<coordinates>-58.2234602829837,-32.17865199408242</coordinates>
</Point>
</Placemark>
<Placemark>
<name> Columna 1101</name>
<Point>
<coordinates>-58.21544243140183,-32.18366361880404</coordinates>
</Point>
</Placemark>
<Placemark>
<name> Columna 1102</name>
<Point>
<coordinates>-58.216089572610656,-32.18385372031614</coordinates>
</Point>
</Placemark>
<Placemark>
<name> Columna 1103</name>
<Point>
<coordinates>-58.21420861525498,-32.18220621939409</coordinates>
</Point>
</Placemark>
<Placemark>
<name> Columna 1104</name>
<Point>
<coordinates>-58.21287628621066,-32.181778518019705</coordinates>
</Point>
</Placemark>
</Folder>
<Style id="camaraIcon">
<IconStyle>
<color>ff0000ff</color>
<scale>1.1</scale>
<Icon>
<href>https://maps.google.com/mapfiles/kml/pushpin/grn-pushpin.png</href>
</Icon>
</IconStyle>
</Style>
<Schema name="camaras" id="camaras">
<SimpleField name="ID" type="string"></SimpleField>
</Schema><Folder><name>camaras</name>
</Folder>
<Style id="cajaIcon">
<IconStyle>
<color>ff0000ff</color>
<scale>1.1</scale>
<Icon>
<href>https://maps.google.com/mapfiles/kml/pushpin/red-pushpin.png</href>
</Icon>
</IconStyle>
</Style>
<Schema name="cajas" id="cajas">
<SimpleField name="ID" type="string"></SimpleField>
</Schema><Folder><name>cajas</name>
<Placemark>
<name>T1 F24 C7 (1)</name>
<styleUrl>#cajaIcon</styleUrl>
<Point>
<coordinates>-58.21857793374024,-32.21019919683446</coordinates>
</Point>
</Placemark>
<Placemark>
<name>T1 F24 C8 (2)</name>
<styleUrl>#cajaIcon</styleUrl>
<Point>
<coordinates>-58.21865303559266,-32.210260463562534</coordinates>
</Point>
</Placemark>
<Placemark>
<name>T1 F24 C6 (3)</name>
<styleUrl>#cajaIcon</styleUrl>
<Point>
<coordinates>-58.21792749805413,-32.21010387407244</coordinates>
</Point>
</Placemark>
<Placemark>
<name>T1 F24 C5 (4)</name>
<styleUrl>#cajaIcon</styleUrl>
<Point>
<coordinates>-58.218729478549584,-32.20943325951052</coordinates>
</Point>
</Placemark>
<Placemark>
<name>T1 F24 C4 (5)</name>
<styleUrl>#cajaIcon</styleUrl>
<Point>
<coordinates>-58.218771052789315,-32.20934815578614</coordinates>
</Point>
</Placemark>
<Placemark>
<name>T1 F24 C3 (6)</name>
<styleUrl>#cajaIcon</styleUrl>
<Point>
<coordinates>-58.21931285901032,-32.20873377104981</coordinates>
</Point>
</Placemark>
<Placemark>
<name>T1 F24 C2 (7)</name>
<styleUrl>#cajaIcon</styleUrl>
<Point>
<coordinates>-58.218902481031044,-32.20840627933645</coordinates>
</Point>
</Placemark>
<Placemark>
<name>T1 F24 C1 (8)</name>
<styleUrl>#cajaIcon</styleUrl>
<Point>
<coordinates>-58.21880323929749,-32.208585622862515</coordinates>
</Point>
</Placemark>
<Placemark>
<name>T1 F12 C8 (9)</name>
<styleUrl>#cajaIcon</styleUrl>
<Point>
<coordinates>-58.21638925118409,-32.208626473002646</coordinates>
</Point>
</Placemark>
<Placemark>
<name>T1 F12 C7 (10)</name>
<styleUrl>#cajaIcon</styleUrl>
<Point>
<coordinates>-58.21641070885621,-32.208832992874626</coordinates>
</Point>
</Placemark>
<Placemark>
<name>T1 F12 C6 (11)</name>
<styleUrl>#cajaIcon</styleUrl>
<Point>
<coordinates>-58.21674598498307,-32.2086886346824</coordinates>
</Point>
</Placemark>
<Placemark>
<name>T1 F12 C2 (12)</name>
<styleUrl>#cajaIcon</styleUrl>
<Point>
<coordinates>-58.2175613765236,-32.20912348157118</coordinates>
</Point>
</Placemark>
<Placemark>
<name>T1 F12 C1 (13)</name>
<styleUrl>#cajaIcon</styleUrl>
<Point>
<coordinates>-58.21781618638001,-32.20906220668889</coordinates>
</Point>
</Placemark>
<Placemark>
<name>T1 F12 C4 (14)</name>
<styleUrl>#cajaIcon</styleUrl>
<Point>
<coordinates>-58.217000794839485,-32.20962956513103</coordinates>
</Point>
</Placemark>
<Placemark>
<name>T1 F12 C3 (15)</name>
<styleUrl>#cajaIcon</styleUrl>
<Point>
<coordinates>-58.21685595555268,-32.210007055353465</coordinates>
</Point>
</Placemark>
<Placemark>
<name>T1 F12 C5 (16)</name>
<styleUrl>#cajaIcon</styleUrl>
<Point>
<coordinates>-58.2170034770485,-32.20786271142446</coordinates>
</Point>
</Placemark>
<Placemark>
<name>T1 F11 C3 (17)</name>
<styleUrl>#cajaIcon</styleUrl>
<Point>
<coordinates>-58.21756942315064,-32.20791386237129</coordinates>
</Point>
</Placemark>
<Placemark>
<name>T1 F11 C2 (18)</name>
<styleUrl>#cajaIcon</styleUrl>
<Point>
<coordinates>-58.21804685635529,-32.20800464110598</coordinates>
</Point>
</Placemark>
<Placemark>
<name>T1 F11 C1 (19)</name>
<styleUrl>#cajaIcon</styleUrl>
<Point>
<coordinates>-58.21892662091218,-32.20760521399566</coordinates>
</Point>
</Placemark>
<Placemark>
<name>T1 F11 C5 (20)</name>
<styleUrl>#cajaIcon</styleUrl>
<Point>
<coordinates>-58.21722341818772,-32.2071143348802</coordinates>
</Point>
</Placemark>
<Placemark>
<name>T1 F11 C4 (21)</name>
<styleUrl>#cajaIcon</styleUrl>
<Point>
<coordinates>-58.21648849291764,-32.206789325942985</coordinates>
</Point>
</Placemark>
<Placemark>
<name>T1 F11 C8 (22)</name>
<styleUrl>#cajaIcon</styleUrl>
<Point>
<coordinates>-58.21659578127824,-32.20759386660891</coordinates>
</Point>
</Placemark>
<Placemark>
<name>T1 F11 C7 (23)</name>
<styleUrl>#cajaIcon</styleUrl>
<Point>
<coordinates>-58.21630878491364,-32.207652873004385</coordinates>
</Point>
</Placemark>
<Placemark>
<name>T1 F11 C6 (24)</name>
<styleUrl>#cajaIcon</styleUrl>
<Point>
<coordinates>-58.215745521020516,-32.20749698402649</coordinates>
</Point>
</Placemark>
<Placemark>
<name>T1 F10 C8 (25)</name>
<styleUrl>#cajaIcon</styleUrl>
<Point>
<coordinates>-58.21563152713738,-32.20838931498883</coordinates>
</Point>
</Placemark>
<Placemark>
<name>T1 F10 C7 (26)</name>
<styleUrl>#cajaIcon</styleUrl>
<Point>
<coordinates>-58.21534318966828,-32.209175678660515</coordinates>
</Point>
</Placemark>
<Placemark>
<name>T1 F10 C6 (27)</name>
<styleUrl>#cajaIcon</styleUrl>
<Point>
<coordinates>-58.21545852465592,-32.20921425909856</coordinates>
</Point>
</Placemark>
<Placemark>
<name>T1 F10 C5 (28)</name>
<styleUrl>#cajaIcon</styleUrl>
<Point>
<coordinates>-58.21531368536912,-32.20947751341572</coordinates>
</Point>
</Placemark>
<Placemark>
<name>T1 F10 C4 (29)</name>
<styleUrl>#cajaIcon</styleUrl>
<Point>
<coordinates>-58.21495963377915,-32.2081453479657</coordinates>
</Point>
</Placemark>
<Placemark>
<name>T1 F10 C1 (30)</name>
<styleUrl>#cajaIcon</styleUrl>
<Point>
<coordinates>-58.21462972207032,-32.20718309025675</coordinates>
</Point>
</Placemark>
<Placemark>
<name>T1 F10 C3 (31)</name>
<styleUrl>#cajaIcon</styleUrl>
<Point>
<coordinates>-58.21425153059922,-32.208068186166365</coordinates>
</Point>
</Placemark>
<Placemark>
<name>T1 F10 C2 (32)</name>
<styleUrl>#cajaIcon</styleUrl>
<Point>
<coordinates>-58.21412010235749,-32.2087535622101</coordinates>
</Point>
</Placemark>
<Placemark>
<name>T1 F23 C8 (33)</name>
<styleUrl>#cajaIcon</styleUrl>
<Point>
<coordinates>-58.21986002964936,-32.20999721151173</coordinates>
</Point>
</Placemark>
<Placemark>
<name>T1 F23 C7 (34)</name>
<styleUrl>#cajaIcon</styleUrl>
<Point>
<coordinates>-58.219495249223336,-32.210809659353664</coordinates>
</Point>
</Placemark>
<Placemark>
<name>T1 F23 C6 (35)</name>
<styleUrl>#cajaIcon</styleUrl>
<Point>
<coordinates>-58.21926592035256,-32.21146853382896</coordinates>
</Point>
</Placemark>
<Placemark>
<name>T1 F23 C3 (36)</name>
<styleUrl>#cajaIcon</styleUrl>
<Point>
<coordinates>-58.22084708256684,-32.210124298803834</coordinates>
</Point>
</Placemark>
<Placemark>
<name>T1 F23 C2 (37)</name>
<styleUrl>#cajaIcon</styleUrl>
<Point>
<coordinates>-58.22113139672242,-32.21021961415639</coordinates>
</Point>
</Placemark>
<Placemark>
<name>T1 F23 C1 (38)</name>
<styleUrl>#cajaIcon</styleUrl>
<Point>
<coordinates>-58.22119040532075,-32.210109598325204</coordinates>
</Point>
</Placemark>
<Placemark>
<name>T1 F23 C5 (39)</name>
<styleUrl>#cajaIcon</styleUrl>
<Point>
<coordinates>-58.220015597772225,-32.20960687086133</coordinates>
</Point>
</Placemark>
<Placemark>
<name>T1 F23 C4 (40)</name>
<styleUrl>#cajaIcon</styleUrl>
<Point>
<coordinates>-58.22014434380494,-32.20967949250451</coordinates>
</Point>
</Placemark>
<Placemark>
<name>T1 F20 C8 (41)</name>
<styleUrl>#cajaIcon</styleUrl>
<Point>
<coordinates>-58.22059495491944,-32.20817258152626</coordinates>
</Point>
</Placemark>
<Placemark>
<name>T1 F20 C7 (42)</name>
<styleUrl>#cajaIcon</styleUrl>
<Point>
<coordinates>-58.22067005677186,-32.20786847296998</coordinates>
</Point>
</Placemark>
<Placemark>
<name>T1 F20 C6 (43)</name>
<styleUrl>#cajaIcon</styleUrl>
<Point>
<coordinates>-58.22164101643525,-32.20835413838866</coordinates>
</Point>
</Placemark>
<Placemark>
<name>T1 F20 C5 (44)</name>
<styleUrl>#cajaIcon</styleUrl>
<Point>
<coordinates>-58.22170002503358,-32.20820228375474</coordinates>
</Point>
</Placemark>
<Placemark>
<name>T1 F20 C4 (45)</name>
<styleUrl>#cajaIcon</styleUrl>
<Point>
<coordinates>-58.222729993295296,-32.20856292833232</coordinates>
</Point>
</Placemark>
<Placemark>
<name>T1 F20 C3 (46)</name>
<styleUrl>#cajaIcon</styleUrl>
<Point>
<coordinates>-58.221244049501045,-32.20930730597015</coordinates>
</Point>
</Placemark>
<Placemark>
<name>T1 F20 C2 (47)</name>
<styleUrl>#cajaIcon</styleUrl>
<Point>
<coordinates>-58.220525217485054,-32.208903345690956</coordinates>
</Point>
</Placemark>
<Placemark>
<name>T1 F20 C1 (48)</name>
<styleUrl>#cajaIcon</styleUrl>
<Point>
<coordinates>-58.22234375519715,-32.20949793828774</coordinates>
</Point>
</Placemark>
<Placemark>
<name>T1 F19 C8 (49)</name>
<styleUrl>#cajaIcon</styleUrl>
<Point>
<coordinates>-58.2211635832306,-32.207296564572665</coordinates>
</Point>
</Placemark>
<Placemark>
<name>T1 F19 C7 (50)</name>
<styleUrl>#cajaIcon</styleUrl>
<Point>
<coordinates>-58.21954084677659,-32.206629216658605</coordinates>
</Point>
</Placemark>
<Placemark>
<name>T1 F19 C6 (51)</name>
<styleUrl>#cajaIcon</styleUrl>
<Point>
<coordinates>-58.219900262784584,-32.205833952615585</coordinates>
</Point>
</Placemark>
<Placemark>
<name>T1 F19 C5 (52)</name>
<styleUrl>#cajaIcon</styleUrl>
<Point>
<coordinates>-58.22129232926331,-32.20695943462527</coordinates>
</Point>
</Placemark>
<Placemark>
<name>T1 F19 C4 (53)</name>
<styleUrl>#cajaIcon</styleUrl>
<Point>
<coordinates>-58.221249413919075,-32.206809794219424</coordinates>
</Point>
</Placemark>
<Placemark>
<name>T1 F19 C3 (54)</name>
<styleUrl>#cajaIcon</styleUrl>
<Point>
<coordinates>-58.22250200552903,-32.20669741858524</coordinates>
</Point>
</Placemark>
<Placemark>
<name>T1 F19 C2 (55)</name>
<styleUrl>#cajaIcon</styleUrl>
<Point>
<coordinates>-58.22318328661881,-32.207700531988145</coordinates>
</Point>
</Placemark>
<Placemark>
<name>T1 F19 C1 (56)</name>
<styleUrl>#cajaIcon</styleUrl>
<Point>
<coordinates>-58.22308672709428,-32.20795017387601</coordinates>
</Point>
</Placemark>
<Placemark>
<name>T1 F18 C3 (57)</name>
<styleUrl>#cajaIcon</styleUrl>
<Point>
<coordinates>-58.22164839251004,-32.20620777267455</coordinates>
</Point>
</Placemark>
<Placemark>
<name>T1 F18 C4 (58)</name>
<styleUrl>#cajaIcon</styleUrl>
<Point>
<coordinates>-58.22016580147706,-32.20571245031718</coordinates>
</Point>
</Placemark>
<Placemark>
<name>T1 F18 C7 (59)</name>
<styleUrl>#cajaIcon</styleUrl>
<Point>
<coordinates>-58.22183949990235,-32.20530748115093</coordinates>
</Point>
</Placemark>
<Placemark>
<name>T1 F18 C8 (60)</name>
<styleUrl>#cajaIcon</styleUrl>
<Point>
<coordinates>-58.22186095757447,-32.205212018804716</coordinates>
</Point>
</Placemark>
<Placemark>
<name>T1 F18 C2 (61)</name>
<styleUrl>#cajaIcon</styleUrl>
<Point>
<coordinates>-58.22290165467225,-32.20553996629727</coordinates>
</Point>
</Placemark>
<Placemark>
<name>T1 F18 C1 (62)</name>
<styleUrl>#cajaIcon</styleUrl>
<Point>
<coordinates>-58.222861421537026,-32.205630747401145</coordinates>
</Point>
</Placemark>
<Placemark>
<name>T1 F17 C2 (63)</name>
<styleUrl>#cajaIcon</styleUrl>
<Point>
<coordinates>-58.22272194666825,-32.206465929305914</coordinates>
</Point>
</Placemark>
<Placemark>
<name>T1 F17 C1 (64)</name>
<styleUrl>#cajaIcon</styleUrl>
<Point>
<coordinates>-58.22333617253266,-32.2076279087648</coordinates>
</Point>
</Placemark>
<Placemark>
<name>T1 F17 C3 (65)</name>
<styleUrl>#cajaIcon</styleUrl>
<Point>
<coordinates>-58.22341127438508,-32.20485740795149</coordinates>
</Point>
</Placemark>
<Placemark>
<name>T1 F17 C7 (66)</name>
<styleUrl>#cajaIcon</styleUrl>
<Point>
<coordinates>-58.22558285991646,-32.20653855345694</coordinates>
</Point>
</Placemark>
<Placemark>
<name>T1 F17 C8 (67)</name>
<styleUrl>#cajaIcon</styleUrl>
<Point>
<coordinates>-58.22566969437562,-32.20643415622158</coordinates>
</Point>
</Placemark>
<Placemark>
<name>T1 F32 C1 (68)</name>
<styleUrl>#cajaIcon</styleUrl>
<Point>
<coordinates>-58.22255296750031,-32.204409733968596</coordinates>
</Point>
</Placemark>
<Placemark>
<name>T1 F32 C2 (69)</name>
<styleUrl>#cajaIcon</styleUrl>
<Point>
<coordinates>-58.22255296750031,-32.204409733968596</coordinates>
</Point>
</Placemark>
<Placemark>
<name>T1 F18 C6 (70)</name>
<styleUrl>#cajaIcon</styleUrl>
<Point>
<coordinates>-58.22234375519715,-32.204585112922</coordinates>
</Point>
</Placemark>
<Placemark>
<name>T1 F18 C5 (71)</name>
<styleUrl>#cajaIcon</styleUrl>
<Point>
<coordinates>-58.2209114555832,-32.20400692598974</coordinates>
</Point>
</Placemark>
<Placemark>
<name>T1 F32 C7 (72)</name>
<styleUrl>#cajaIcon</styleUrl>
<Point>
<coordinates>-58.22358830018006,-32.203921777920435</coordinates>
</Point>
</Placemark>
<Placemark>
<name>T1 F32 C8 (73)</name>
<styleUrl>#cajaIcon</styleUrl>
<Point>
<coordinates>-58.22369558854066,-32.20381964725359</coordinates>
</Point>
</Placemark>
<Placemark>
<name>T1 F32 C3 (74)</name>
<styleUrl>#cajaIcon</styleUrl>
<Point>
<coordinates>-58.22135670227967,-32.20320031819142</coordinates>
</Point>
</Placemark>
<Placemark>
<name>T1 F32 C4 (75)</name>
<styleUrl>#cajaIcon</styleUrl>
<Point>
<coordinates>-58.22134195013009,-32.2030718203213</coordinates>
</Point>
</Placemark>
<Placemark>
<name>T1 F32 C5 (76)</name>
<styleUrl>#cajaIcon</styleUrl>
<Point>
<coordinates>-58.223360312413796,-32.20233987450298</coordinates>
</Point>
</Placemark>
<Placemark>
<name>T1 F32 C6 (77)</name>
<styleUrl>#cajaIcon</styleUrl>
<Point>
<coordinates>-58.22321279091798,-32.202666697549574</coordinates>
</Point>
</Placemark>
<Placemark>
<name>T1 F14 C6 (78)</name>
<styleUrl>#cajaIcon</styleUrl>
<Point>
<coordinates>-58.22605593247376,-32.203243174228085</coordinates>
</Point>
</Placemark>
<Placemark>
<name>T1 F14 C8 (79)</name>
<styleUrl>#cajaIcon</styleUrl>
<Point>
<coordinates>-58.226796222161894,-32.20389846286374</coordinates>
</Point>
</Placemark>
<Placemark>
<name>T1 F14 C7 (80)</name>
<styleUrl>#cajaIcon</styleUrl>
<Point>
<coordinates>-58.226485085916146,-32.20460945475903</coordinates>
</Point>
</Placemark>
<Placemark>
<name>T1 F14 C3 (81)</name>
<styleUrl>#cajaIcon</styleUrl>
<Point>
<coordinates>-58.22745604557954,-32.202414771554885</coordinates>
</Point>
</Placemark>
<Placemark>
<name>T1 F14 C2 (82)</name>
<styleUrl>#cajaIcon</styleUrl>
<Point>
<coordinates>-58.22761697812043,-32.20202212874879</coordinates>
</Point>
</Placemark>
<Placemark>
<name>T1 F14 C1 (83)</name>
<styleUrl>#cajaIcon</styleUrl>
<Point>
<coordinates>-58.226742577981575,-32.200719359553986</coordinates>
</Point>
</Placemark>
<Placemark>
<name>T1 F31 C8 (84)</name>
<styleUrl>#cajaIcon</styleUrl>
<Point>
<coordinates>-58.224532437753304,-32.2013412412528</coordinates>
</Point>
</Placemark>
<Placemark>
<name>T1 F31 C7 (85)</name>
<styleUrl>#cajaIcon</styleUrl>
<Point>
<coordinates>-58.22463436169587,-32.20123229878054</coordinates>
</Point>
</Placemark>
<Placemark>
<name>T1 F31 C3 (86)</name>
<styleUrl>#cajaIcon</styleUrl>
<Point>
<coordinates>-58.22506083292924,-32.20137074648325</coordinates>
</Point>
</Placemark>
<Placemark>
<name>T1 F31 C1 (87)</name>
<styleUrl>#cajaIcon</styleUrl>
<Point>
<coordinates>-58.2224429969307,-32.2005536750266</coordinates>
</Point>
</Placemark>
<Placemark>
<name>T1 F31 C2 (88)</name>
<styleUrl>#cajaIcon</styleUrl>
<Point>
<coordinates>-58.22236923618279,-32.20059921442309</coordinates>
</Point>
</Placemark>
<Placemark>
<name>T1 F30 C7 (89)</name>
<styleUrl>#cajaIcon</styleUrl>
<Point>
<coordinates>-58.22433931870423,-32.20010655226201</coordinates>
</Point>
</Placemark>
<Placemark>
<name>T1 F30 C8 (90)</name>
<styleUrl>#cajaIcon</styleUrl>
<Point>
<coordinates>-58.224221301507576,-32.20004293738737</coordinates>
</Point>
</Placemark>
<Placemark>
<name>T1 F30 C6 (91)</name>
<styleUrl>#cajaIcon</styleUrl>
<Point>
<coordinates>-58.224100602101906,-32.19974340525237</coordinates>
</Point>
</Placemark>
<Placemark>
<name>T1 F30 C5 (92)</name>
<styleUrl>#cajaIcon</styleUrl>
<Point>
<coordinates>-58.223628533315285,-32.19957771894777</coordinates>
</Point>
</Placemark>
<Placemark>
<name>T1 F30 C2 (93)</name>
<styleUrl>#cajaIcon</styleUrl>
<Point>
<coordinates>-58.22554228944741,-32.19930530578002</coordinates>
</Point>
</Placemark>
<Placemark>
<name>T1 F30 C1 (94)</name>
<styleUrl>#cajaIcon</styleUrl>
<Point>
<coordinates>-58.22571260971986,-32.19924861511901</coordinates>
</Point>
</Placemark>
<Placemark>
<name>T1 F30 C4 (95)</name>
<styleUrl>#cajaIcon</styleUrl>
<Point>
<coordinates>-58.22333349032365,-32.198596483626304</coordinates>
</Point>
</Placemark>
<Placemark>
<name>T1 F30 C3 (96)</name>
<styleUrl>#cajaIcon</styleUrl>
<Point>
<coordinates>-58.22331069154702,-32.19849507635225</coordinates>
</Point>
</Placemark>
<Placemark>
<name>T1 F29 C8 (97)</name>
<styleUrl>#cajaIcon</styleUrl>
<Point>
<coordinates>-58.22516543908082,-32.19826810562125</coordinates>
</Point>
</Placemark>
<Placemark>
<name>T1 F29 C7 (98)</name>
<styleUrl>#cajaIcon</styleUrl>
<Point>
<coordinates>-58.225272727441414,-32.19816596860755</coordinates>
</Point>
</Placemark>
<Placemark>
<name>T1 F29 C6 (99)</name>
<styleUrl>#cajaIcon</styleUrl>
<Point>
<coordinates>-58.22421057267152,-32.19791176043135</coordinates>
</Point>
</Placemark>
<Placemark>
<name>T1 F29 C5 (100)</name>
<styleUrl>#cajaIcon</styleUrl>
<Point>
<coordinates>-58.22419179720841,-32.19779559542704</coordinates>
</Point>
</Placemark>
<Placemark>
<name>T1 F29 C2 (101)</name>
<styleUrl>#cajaIcon</styleUrl>
<Point>
<coordinates>-58.22631878895722,-32.197500940359575</coordinates>
</Point>
</Placemark>
<Placemark>
<name>T1 F29 C1 (102)</name>
<styleUrl>#cajaIcon</styleUrl>
<Point>
<coordinates>-58.22633488221131,-32.19763712401424</coordinates>
</Point>
</Placemark>
<Placemark>
<name>T1 F29 C4 (103)</name>
<styleUrl>#cajaIcon</styleUrl>
<Point>
<coordinates>-58.224242759179695,-32.19681094004318</coordinates>
</Point>
</Placemark>
<Placemark>
<name>T1 F29 C3 (104)</name>
<styleUrl>#cajaIcon</styleUrl>
<Point>
<coordinates>-58.22403086466752,-32.19686158470223</coordinates>
</Point>
</Placemark>
<Placemark>
<name>T1 F27 C3 (105)</name>
<styleUrl>#cajaIcon</styleUrl>
<Point>
<coordinates>-58.22532637162171,-32.19651133301347</coordinates>
</Point>
</Placemark>
<Placemark>
<name>T1 F27 C2 (106)</name>
<styleUrl>#cajaIcon</styleUrl>
<Point>
<coordinates>-58.225524855088814,-32.196477286697714</coordinates>
</Point>
</Placemark>
<Placemark>
<name>T1 F27 C4 (107)</name>
<styleUrl>#cajaIcon</styleUrl>
<Point>
<coordinates>-58.2249454979416,-32.19494518930274</coordinates>
</Point>
</Placemark>
<Placemark>
<name>T1 F27 C5 (108)</name>
<styleUrl>#cajaIcon</styleUrl>
<Point>
<coordinates>-58.224838209581,-32.19500193411065</coordinates>
</Point>
</Placemark>
<Placemark>
<name>T1 F27 C8 (109)</name>
<styleUrl>#cajaIcon</styleUrl>
<Point>
<coordinates>-58.22610421223603,-32.19456926215609</coordinates>
</Point>
</Placemark>
<Placemark>
<name>T1 F27 C7 (110)</name>
<styleUrl>#cajaIcon</styleUrl>
<Point>
<coordinates>-58.226216865014656,-32.19432553369705</coordinates>
</Point>
</Placemark>
<Placemark>
<name>T1 F27 C6 (111)</name>
<styleUrl>#cajaIcon</styleUrl>
<Point>
<coordinates>-58.225476575326546,-32.19341533594444</coordinates>
</Point>
</Placemark>
<Placemark>
<name>T1 F48 C2 (112)</name>
<styleUrl>#cajaIcon</styleUrl>
<Point>
<coordinates>-58.220356238317116,-32.21100895695253</coordinates>
</Point>
</Placemark>
<Placemark>
<name>T1 F48 C1 (113)</name>
<styleUrl>#cajaIcon</styleUrl>
<Point>
<coordinates>-58.21987075848542,-32.210246847095895</coordinates>
</Point>
</Placemark>
<Placemark>
<name>T1 F48 C4 (114)</name>
<styleUrl>#cajaIcon</styleUrl>
<Point>
<coordinates>-58.22144521517716,-32.21127034582721</coordinates>
</Point>
</Placemark>
<Placemark>
<name>T1 F48 C3 (115)</name>
<styleUrl>#cajaIcon</styleUrl>
<Point>
<coordinates>-58.22139291210137,-32.211345235526046</coordinates>
</Point>
</Placemark>
<Placemark>
<name>T1 F48 C8 (116)</name>
<styleUrl>#cajaIcon</styleUrl>
<Point>
<coordinates>-58.22169734282456,-32.211270913173614</coordinates>
</Point>
</Placemark>
<Placemark>
<name>T1 F48 C7 (117)</name>
<styleUrl>#cajaIcon</styleUrl>
<Point>
<coordinates>-58.22236521286927,-32.21156763487423</coordinates>
</Point>
</Placemark>
<Placemark>
<name>T1 F48 C6 (118)</name>
<styleUrl>#cajaIcon</styleUrl>
<Point>
<coordinates>-58.22314841790162,-32.21193527342045</coordinates>
</Point>
</Placemark>
<Placemark>
<name>T1 F48 C5 (119)</name>
<styleUrl>#cajaIcon</styleUrl>
<Point>
<coordinates>-58.22375191492997,-32.21113320946953</coordinates>
</Point>
</Placemark>
<Placemark>
<name>T1 F37 C6 (120)</name>
<styleUrl>#cajaIcon</styleUrl>
<Point>
<coordinates>-58.22040183587037,-32.21190804098648</coordinates>
</Point>
</Placemark>
<Placemark>
<name>T1 F37 C7 (121)</name>
<styleUrl>#cajaIcon</styleUrl>
<Point>
<coordinates>-58.221013379525765,-32.21222802157027</coordinates>
</Point>
</Placemark>
<Placemark>
<name>T1 F37 C8 (122)</name>
<styleUrl>#cajaIcon</styleUrl>
<Point>
<coordinates>-58.220871222447975,-32.21324922866884</coordinates>
</Point>
</Placemark>
<Placemark>
<name>T1 F37 C5 (123)</name>
<styleUrl>#cajaIcon</styleUrl>
<Point>
<coordinates>-58.22167052073441,-32.21235442361808</coordinates>
</Point>
</Placemark>
<Placemark>
<name>T1 F37 C4 (124)</name>
<styleUrl>#cajaIcon</styleUrl>
<Point>
<coordinates>-58.22203530116046,-32.21247167406016</coordinates>
</Point>
</Placemark>
<Placemark>
<name>T1 F37 C3 (125)</name>
<styleUrl>#cajaIcon</styleUrl>
<Point>
<coordinates>-58.221769762467964,-32.212666007352524</coordinates>
</Point>
</Placemark>
<Placemark>
<name>T1 F37 C2 (126)</name>
<styleUrl>#cajaIcon</styleUrl>
<Point>
<coordinates>-58.222299498748406,-32.21379840641115</coordinates>
</Point>
</Placemark>
<Placemark>
<name>T1 F37 C1 (127)</name>
<styleUrl>#cajaIcon</styleUrl>
<Point>
<coordinates>-58.22230352206193,-32.21391641111297</coordinates>
</Point>
</Placemark>
<Placemark>
<name>T1 F34 C8 (128)</name>
<styleUrl>#cajaIcon</styleUrl>
<Point>
<coordinates>-58.22689412279092,-32.212086334454725</coordinates>
</Point>
</Placemark>
<Placemark>
<name>T1 F34 C7 (129)</name>
<styleUrl>#cajaIcon</styleUrl>
<Point>
<coordinates>-58.22690216941796,-32.21200902788808</coordinates>
</Point>
</Placemark>
<Placemark>
<name>T1 F34 C2 (130)</name>
<styleUrl>#cajaIcon</styleUrl>
<Point>
<coordinates>-58.22820169968568,-32.212298371760404</coordinates>
</Point>
</Placemark>
<Placemark>
<name>T1 F34 C3 (131)</name>
<styleUrl>#cajaIcon</styleUrl>
<Point>
<coordinates>-58.228417617511376,-32.21160198724181</coordinates>
</Point>
</Placemark>
<Placemark>
<name>T1 F34 C1 (132)</name>
<styleUrl>#cajaIcon</styleUrl>
<Point>
<coordinates>-58.22883470101319,-32.21318341789039</coordinates>
</Point>
</Placemark>
<Placemark>
<name>T1 F35 C3 (133)</name>
<styleUrl>#cajaIcon</styleUrl>
<Point>
<coordinates>-58.22683109087907,-32.21285663263002</coordinates>
</Point>
</Placemark>
<Placemark>
<name>T1 F35 C2 (134)</name>
<styleUrl>#cajaIcon</styleUrl>
<Point>
<coordinates>-58.2269625191208,-32.21405937814272</coordinates>
</Point>
</Placemark>
<Placemark>
<name>T1 F35 C1 (135)</name>
<styleUrl>#cajaIcon</styleUrl>
<Point>
<coordinates>-58.22767330450974,-32.213489778005496</coordinates>
</Point>
</Placemark>
<Placemark>
<name>T1 F35 C4 (136)</name>
<styleUrl>#cajaIcon</styleUrl>
<Point>
<coordinates>-58.22606129689179,-32.21377798250491</coordinates>
</Point>
</Placemark>
<Placemark>
<name>T1 F35 C7 (137)</name>
<styleUrl>#cajaIcon</styleUrl>
<Point>
<coordinates>-58.224999142121895,-32.21354197258888</coordinates>
</Point>
</Placemark>
<Placemark>
<name>T1 F36 C5 (138)</name>
<styleUrl>#cajaIcon</styleUrl>
<Point>
<coordinates>-58.22595937294923,-32.21505446782922</coordinates>
</Point>
</Placemark>
<Placemark>
<name>T1 F36 C4 (139)</name>
<styleUrl>#cajaIcon</styleUrl>
<Point>
<coordinates>-58.22596674902402,-32.214978446538375</coordinates>
</Point>
</Placemark>
<Placemark>
<name>T1 F36 C7 (140)</name>
<styleUrl>#cajaIcon</styleUrl>
<Point>
<coordinates>-58.22562141461335,-32.21485363532602</coordinates>
</Point>
</Placemark>
<Placemark>
<name>T1 F36 C2 (141)</name>
<styleUrl>#cajaIcon</styleUrl>
<Point>
<coordinates>-58.226978612374886,-32.2153768934339</coordinates>
</Point>
</Placemark>
<Placemark>
<name>T1 F36 C1 (142)</name>
<styleUrl>#cajaIcon</styleUrl>
<Point>
<coordinates>-58.22764245910607,-32.215489036077685</coordinates>
</Point>
</Placemark>
<Placemark>
<name>T1 F36 C8 (143)</name>
<styleUrl>#cajaIcon</styleUrl>
<Point>
<coordinates>-58.2255853748257,-32.21494531380433</coordinates>
</Point>
</Placemark>
<Placemark>
<name>T1 F36 C6 (144)</name>
<styleUrl>#cajaIcon</styleUrl>
<Point>
<coordinates>-58.22455657763444,-32.2146108202948</coordinates>
</Point>
</Placemark>
<Placemark>
<name>T2 F42 C7 (145)</name>
<styleUrl>#cajaIcon</styleUrl>
<Point>
<coordinates>-58.218497467469795,-32.210374837211134</coordinates>
</Point>
</Placemark>
<Placemark>
<name>T2 F42 C8 (146)</name>
<styleUrl>#cajaIcon</styleUrl>
<Point>
<coordinates>-58.218030763101204,-32.211334755947696</coordinates>
</Point>
</Placemark>
<Placemark>
<name>T2 F43 C8 (147)</name>
<styleUrl>#cajaIcon</styleUrl>
<Point>
<coordinates>-58.21841163678132,-32.21126240297674</coordinates>
</Point>
</Placemark>
<Placemark>
<name>T2 F43 C7 (148)</name>
<styleUrl>#cajaIcon</styleUrl>
<Point>
<coordinates>-58.21870667977296,-32.21147459031514</coordinates>
</Point>
</Placemark>
<Placemark>
<name>T2 F43 C5 (149)</name>
<styleUrl>#cajaIcon</styleUrl>
<Point>
<coordinates>-58.21769012255631,-32.21217774541081</coordinates>
</Point>
</Placemark>
<Placemark>
<name>T1 F43 C6 (150)</name>
<styleUrl>#cajaIcon</styleUrl>
<Point>
<coordinates>-58.2175613765236,-32.21251169135906</coordinates>
</Point>
</Placemark>
<Placemark>
<name>T2 F43 C3 (151)</name>
<styleUrl>#cajaIcon</styleUrl>
<Point>
<coordinates>-58.21731193108521,-32.21308356696319</coordinates>
</Point>
</Placemark>
<Placemark>
<name>T2 F43 C4 (152)</name>
<styleUrl>#cajaIcon</styleUrl>
<Point>
<coordinates>-58.21757478756867,-32.21280670700074</coordinates>
</Point>
</Placemark>
<Placemark>
<name>T2 F43 C2 (153)</name>
<styleUrl>#cajaIcon</styleUrl>
<Point>
<coordinates>-58.21843309445344,-32.213097183005175</coordinates>
</Point>
</Placemark>
<Placemark>
<name>T2 F43 C1 (154)</name>
<styleUrl>#cajaIcon</styleUrl>
<Point>
<coordinates>-58.21865840001069,-32.21315701646784</coordinates>
</Point>
</Placemark>
<Placemark>
<name>T2 F42 C6 (155)</name>
<styleUrl>#cajaIcon</styleUrl>
<Point>
<coordinates>-58.217794728707894,-32.21098395515708</coordinates>
</Point>
</Placemark>
<Placemark>
<name>T2 F42 C5 (156)</name>
<styleUrl>#cajaIcon</styleUrl>
<Point>
<coordinates>-58.21783764405213,-32.21036712581454</coordinates>
</Point>
</Placemark>
<Placemark>
<name>T2 F42 C4 (157)</name>
<styleUrl>#cajaIcon</styleUrl>
<Point>
<coordinates>-58.21679962916337,-32.2107370564155</coordinates>
</Point>
</Placemark>
<Placemark>
<name>T2 F42 C3 (158)</name>
<styleUrl>#cajaIcon</styleUrl>
<Point>
<coordinates>-58.2174715225216,-32.210987806862775</coordinates>
</Point>
</Placemark>
<Placemark>
<name>T2 F42 C2 (159)</name>
<styleUrl>#cajaIcon</styleUrl>
<Point>
<coordinates>-58.21714026970826,-32.21202150940745</coordinates>
</Point>
</Placemark>
<Placemark>
<name>T2 F42 C1 (160)</name>
<styleUrl>#cajaIcon</styleUrl>
<Point>
<coordinates>-58.217011523675545,-32.212298371760404</coordinates>
</Point>
</Placemark>
<Placemark>
<name>T2 F21 C8 (161)</name>
<styleUrl>#cajaIcon</styleUrl>
<Point>
<coordinates>-58.21589036030732,-32.21027408002727</coordinates>
</Point>
</Placemark>
<Placemark>
<name>T2 F21 C7 (162)</name>
<styleUrl>#cajaIcon</styleUrl>
<Point>
<coordinates>-58.215687853526696,-32.21064285850332</coordinates>
</Point>
</Placemark>
<Placemark>
<name>T2 F21 C6 (163)</name>
<styleUrl>#cajaIcon</styleUrl>
<Point>
<coordinates>-58.21553362650834,-32.21032663705977</coordinates>
</Point>
</Placemark>
<Placemark>
<name>T2 F21 C5 (164)</name>
<styleUrl>#cajaIcon</styleUrl>
<Point>
<coordinates>-58.21356488509141,-32.20999494209418</coordinates>
</Point>
</Placemark>
<Placemark>
<name>T2 F21 C4 (165)</name>
<styleUrl>#cajaIcon</styleUrl>
<Point>
<coordinates>-58.213749957513436,-32.20962956513103</coordinates>
</Point>
</Placemark>
<Placemark>
<name>T2 F21 C3 (166)</name>
<styleUrl>#cajaIcon</styleUrl>
<Point>
<coordinates>-58.21380896611175,-32.2088787958979</coordinates>
</Point>
</Placemark>
<Placemark>
<name>T2 F21 C2 (167)</name>
<styleUrl>#cajaIcon</styleUrl>
<Point>
<coordinates>-58.21321888012849,-32.20959537883802</coordinates>
</Point>
</Placemark>
<Placemark>
<name>T2 F21 C1 (168)</name>
<styleUrl>#cajaIcon</styleUrl>
<Point>
<coordinates>-58.21185631794892,-32.21039249735398</coordinates>
</Point>
</Placemark>
<Placemark>
<name>T2 F36 C7 (169)</name>
<styleUrl>#cajaIcon</styleUrl>
<Point>
<coordinates>-58.21599630756341,-32.21289294216143</coordinates>
</Point>
</Placemark>
<Placemark>
<name>T2 F36 C8 (170)</name>
<styleUrl>#cajaIcon</styleUrl>
<Point>
<coordinates>-58.216481787395104,-32.213038180141865</coordinates>
</Point>
</Placemark>
<Placemark>
<name>T2 F36 C6 (171)</name>
<styleUrl>#cajaIcon</styleUrl>
<Point>
<coordinates>-58.21558995289765,-32.21291109692168</coordinates>
</Point>
</Placemark>
<Placemark>
<name>T2 F36 C4 (172)</name>
<styleUrl>#cajaIcon</styleUrl>
<Point>
<coordinates>-58.21477590246163,-32.212481055064494</coordinates>
</Point>
</Placemark>
<Placemark>
<name>T2 F36 C5 (173)</name>
<styleUrl>#cajaIcon</styleUrl>
<Point>
<coordinates>-58.21490330738984,-32.21239822354973</coordinates>
</Point>
</Placemark>
<Placemark>
<name>T2 F36 C3 (174)</name>
<styleUrl>#cajaIcon</styleUrl>
<Point>
<coordinates>-58.215251994561775,-32.21163840363192</coordinates>
</Point>
</Placemark>
<Placemark>
<name>T2 F36 C2 (175)</name>
<styleUrl>#cajaIcon</styleUrl>
<Point>
<coordinates>-58.21613712353669,-32.21163571619862</coordinates>
</Point>
</Placemark>
<Placemark>
<name>T2 F36 C1 (176)</name>
<styleUrl>#cajaIcon</styleUrl>
<Point>
<coordinates>-58.216292691659554,-32.211603944920235</coordinates>
</Point>
</Placemark>
<Placemark>
<name>T2 F37 C8 (177)</name>
<styleUrl>#cajaIcon</styleUrl>
<Point>
<coordinates>-58.21619613213502,-32.214063916774904</coordinates>
</Point>
</Placemark>
<Placemark>
<name>T2 F37 C7 (178)</name>
<styleUrl>#cajaIcon</styleUrl>
<Point>
<coordinates>-58.21661992115937,-32.2140729940386</coordinates>
</Point>
</Placemark>
<Placemark>
<name>T2 F37 C3 (179)</name>
<styleUrl>#cajaIcon</styleUrl>
<Point>
<coordinates>-58.21522785468064,-32.21362100652697</coordinates>
</Point>
</Placemark>
<Placemark>
<name>T2 F37 C2 (180)</name>
<styleUrl>#cajaIcon</styleUrl>
<Point>
<coordinates>-58.21525065345727,-32.21350452865167</coordinates>
</Point>
</Placemark>
<Placemark>
<name>T2 F37 C1 (181)</name>
<styleUrl>#cajaIcon</styleUrl>
<Point>
<coordinates>-58.21435345454179,-32.21331730873435</coordinates>
</Point>
</Placemark>
<Placemark>
<name>T2 F37 C6 (182)</name>
<styleUrl>#cajaIcon</styleUrl>
<Point>
<coordinates>-58.216786218118294,-32.21498071583156</coordinates>
</Point>
</Placemark>
<Placemark>
<name>T2 F37 C5 (183)</name>
<styleUrl>#cajaIcon</styleUrl>
<Point>
<coordinates>-58.2158689026352,-32.214858173918536</coordinates>
</Point>
</Placemark>
<Placemark>
<name>T2 F37 C4 (184)</name>
<styleUrl>#cajaIcon</styleUrl>
<Point>
<coordinates>-58.21517152829133,-32.214436083843125</coordinates>
</Point>
</Placemark>
<Placemark>
<name>T2 F30 C8 (185)</name>
<styleUrl>#cajaIcon</styleUrl>
<Point>
<coordinates>-58.21915192646943,-32.21489448265072</coordinates>
</Point>
</Placemark>
<Placemark>
<name>T2 F30 C7 (186)</name>
<styleUrl>#cajaIcon</styleUrl>
<Point>
<coordinates>-58.219044638108834,-32.21464530489824</coordinates>
</Point>
</Placemark>
<Placemark>
<name>T2 F30 C5 (187)</name>
<styleUrl>#cajaIcon</styleUrl>
<Point>
<coordinates>-58.21809513611756,-32.21456770353923</coordinates>
</Point>
</Placemark>
<Placemark>
<name>T2 F30 C4 (188)</name>
<styleUrl>#cajaIcon</styleUrl>
<Point>
<coordinates>-58.21767671151124,-32.214408852158066</coordinates>
</Point>
</Placemark>
<Placemark>
<name>T2 F30 C3 (189)</name>
<styleUrl>#cajaIcon</styleUrl>
<Point>
<coordinates>-58.218529653977974,-32.2158884285633</coordinates>
</Point>
</Placemark>
<Placemark>
<name>T2 F30 C2 (190)</name>
<styleUrl>#cajaIcon</styleUrl>
<Point>
<coordinates>-58.21943892283401,-32.21584781449155</coordinates>
</Point>
</Placemark>
<Placemark>
<name>T2 F30 C1 (191)</name>
<styleUrl>#cajaIcon</styleUrl>
<Point>
<coordinates>-58.21993785628554,-32.2153120790181</coordinates>
</Point>
</Placemark>
<Placemark>
<name>T2 F30 C6 (192)</name>
<styleUrl>#cajaIcon</styleUrl>
<Point>
<coordinates>-58.219149244260414,-32.21389825655342</coordinates>
</Point>
</Placemark>
<Placemark>
<name>T2 F25 C8 (193)</name>
<styleUrl>#cajaIcon</styleUrl>
<Point>
<coordinates>-58.21920557064973,-32.213778333206555</coordinates>
</Point>
</Placemark>
<Placemark>
<name>T2 F25 C7 (194)</name>
<styleUrl>#cajaIcon</styleUrl>
<Point>
<coordinates>-58.21967763943635,-32.2131850048977</coordinates>
</Point>
</Placemark>
<Placemark>
<name>T2 F25 C6 (195)</name>
<styleUrl>#cajaIcon</styleUrl>
<Point>
<coordinates>-58.21986002964936,-32.21277720547968</coordinates>
</Point>
</Placemark>
<Placemark>
<name>T2 F25 C5 (196)</name>
<styleUrl>#cajaIcon</styleUrl>
<Point>
<coordinates>-58.22016982479058,-32.21421262733878</coordinates>
</Point>
</Placemark>
<Placemark>
<name>T2 F25 C4 (197)</name>
<styleUrl>#cajaIcon</styleUrl>
<Point>
<coordinates>-58.22021408123933,-32.214107808994996</coordinates>
</Point>
</Placemark>
<Placemark>
<name>T2 F25 C3 (198)</name>
<styleUrl>#cajaIcon</styleUrl>
<Point>
<coordinates>-58.22060031933747,-32.21438162046487</coordinates>
</Point>
</Placemark>
<Placemark>
<name>T2 F25 C2 (199)</name>
<styleUrl>#cajaIcon</styleUrl>
<Point>
<coordinates>-58.22117162985764,-32.21456316493219</coordinates>
</Point>
</Placemark>
<Placemark>
<name>T2 F25 C1 (200)</name>
<styleUrl>#cajaIcon</styleUrl>
<Point>
<coordinates>-58.220970464181526,-32.214324116283464</coordinates>
</Point>
</Placemark>
<Placemark>
<name>T1 F34 C4 (201)</name>
<styleUrl>#cajaIcon</styleUrl>
<Point>
<coordinates>-58.227216876121524,-32.21172805235148</coordinates>
</Point>
</Placemark>
<Placemark>
<name>T1 F17 C6 (202)</name>
<styleUrl>#cajaIcon</styleUrl>
<Point>
<coordinates>-58.224607086750034,-32.2063243790659</coordinates>
</Point>
</Placemark>
<Placemark>
<name>T1 F17 C4 (203)</name>
<styleUrl>#cajaIcon</styleUrl>
<Point>
<coordinates>-58.22462363285981,-32.20510341925857</coordinates>
</Point>
</Placemark>
<Placemark>
<name>T1 F34 C5 (204)</name>
<styleUrl>#cajaIcon</styleUrl>
<Point>
<coordinates>-58.22701849863343,-32.212167545689844</coordinates>
</Point>
</Placemark>
<Placemark>
<name>T1 F17 C5 (205)</name>
<styleUrl>#cajaIcon</styleUrl>
<Point>
<coordinates>-58.22591645760499,-32.2056148607145</coordinates>
</Point>
</Placemark>
<Placemark>
<name>T1 F14 C5 (206)</name>
<styleUrl>#cajaIcon</styleUrl>
<Point>
<coordinates>-58.22635231656991,-32.2049022264888</coordinates>
</Point>
</Placemark>
<Placemark>
<name>T2 F20 C7 (207)</name>
<styleUrl>#cajaIcon</styleUrl>
<Point>
<coordinates>-58.21155407373359,-32.20908507321671</coordinates>
</Point>
</Placemark>
<Placemark>
<name>T2 F20 C6 (208)</name>
<styleUrl>#cajaIcon</styleUrl>
<Point>
<coordinates>-58.212992466602046,-32.20950172703509</coordinates>
</Point>
</Placemark>
<Placemark>
<name>T2 F20 C8 (209)</name>
<styleUrl>#cajaIcon</styleUrl>
<Point>
<coordinates>-58.21059530057876,-32.20880408710639</coordinates>
</Point>
</Placemark>
<Placemark>
<name>T2 F20 C5 (210)</name>
<styleUrl>#cajaIcon</styleUrl>
<Point>
<coordinates>-58.2108535214805,-32.209265534846615</coordinates>
</Point>
</Placemark>
<Placemark>
<name>T2 F20 C4 (211)</name>
<styleUrl>#cajaIcon</styleUrl>
<Point>
<coordinates>-58.21030999502082,-32.21053018553999</coordinates>
</Point>
</Placemark>
<Placemark>
<name>T2 F20 C3 (212)</name>
<styleUrl>#cajaIcon</styleUrl>
<Point>
<coordinates>-58.20991375692285,-32.21140583975126</coordinates>
</Point>
</Placemark>
<Placemark>
<name>T2 F17 C3 (213)</name>
<styleUrl>#cajaIcon</styleUrl>
<Point>
<coordinates>-58.211003841752074,-32.21030762472498</coordinates>
</Point>
</Placemark>
<Placemark>
<name>T2 F17 C2 (214)</name>
<styleUrl>#cajaIcon</styleUrl>
<Point>
<coordinates>-58.21161550197462,-32.21069755318412</coordinates>
</Point>
</Placemark>
<Placemark>
<name>T2 F16 C8 (215)</name>
<styleUrl>#cajaIcon</styleUrl>
<Point>
<coordinates>-58.209423961781766,-32.212566573710426</coordinates>
</Point>
</Placemark>
<Placemark>
<name>T2 F16 C6 (216)</name>
<styleUrl>#cajaIcon</styleUrl>
<Point>
<coordinates>-58.20816580204921,-32.21179179814658</coordinates>
</Point>
</Placemark>
<Placemark>
<name>T2 F16 C5 (217)</name>
<styleUrl>#cajaIcon</styleUrl>
<Point>
<coordinates>-58.20775956395104,-32.21152216682022</coordinates>
</Point>
</Placemark>
<Placemark>
<name>T2 F16 C7 (218)</name>
<styleUrl>#cajaIcon</styleUrl>
<Point>
<coordinates>-58.20878518862687,-32.21182789321422</coordinates>
</Point>
</Placemark>
<Placemark>
<name>T2 F16 C4 (219)</name>
<styleUrl>#cajaIcon</styleUrl>
<Point>
<coordinates>-58.208483031548816,-32.21112594698948</coordinates>
</Point>
</Placemark>
<Placemark>
<name>T2 F15 C8 (220)</name>
<styleUrl>#cajaIcon</styleUrl>
<Point>
<coordinates>-58.2062060692301,-32.21103375086498</coordinates>
</Point>
</Placemark>
<Placemark>
<name>T2 F15 C7 (221)</name>
<styleUrl>#cajaIcon</styleUrl>
<Point>
<coordinates>-58.2052700948515,-32.2114426649882</coordinates>
</Point>
</Placemark>
<Placemark>
<name>T2 F15 C6 (222)</name>
<styleUrl>#cajaIcon</styleUrl>
<Point>
<coordinates>-58.20673641777894,-32.211727969874374</coordinates>
</Point>
</Placemark>
<Placemark>
<name>T2 F17 C7 (223)</name>
<styleUrl>#cajaIcon</styleUrl>
<Point>
<coordinates>-58.21310500281291,-32.211097207899456</coordinates>
</Point>
</Placemark>
<Placemark>
<name>T2 F17 C6 (224)</name>
<styleUrl>#cajaIcon</styleUrl>
<Point>
<coordinates>-58.21380847041097,-32.211171175301985</coordinates>
</Point>
</Placemark>
<Placemark>
<name>T2 F17 C5 (225)</name>
<styleUrl>#cajaIcon</styleUrl>
<Point>
<coordinates>-58.21445829382866,-32.21134272619853</coordinates>
</Point>
</Placemark>
<Placemark>
<name>T2 F17 C8 (226)</name>
<styleUrl>#cajaIcon</styleUrl>
<Point>
<coordinates>-58.21342441882184,-32.21031511399407</coordinates>
</Point>
</Placemark>
<Placemark>
<name>T2 F17 C4 (227)</name>
<styleUrl>#cajaIcon</styleUrl>
<Point>
<coordinates>-58.21249943584434,-32.21077587634606</coordinates>
</Point>
</Placemark>
<Placemark>
<name>T2 F13 C7 (228)</name>
<styleUrl>#cajaIcon</styleUrl>
<Point>
<coordinates>-58.21121981728537,-32.2126464251809</coordinates>
</Point>
</Placemark>
<Placemark>
<name>T2 F13 C6 (229)</name>
<styleUrl>#cajaIcon</styleUrl>
<Point>
<coordinates>-58.210205709141526,-32.21227567178978</coordinates>
</Point>
</Placemark>
<Placemark>
<name>T2 F13 C5 (230)</name>
<styleUrl>#cajaIcon</styleUrl>
<Point>
<coordinates>-58.212063488587326,-32.21340707883098</coordinates>
</Point>
</Placemark>
<Placemark>
<name>T2 F13 C8 (231)</name>
<styleUrl>#cajaIcon</styleUrl>
<Point>
<coordinates>-58.21273331200546,-32.21314475853174</coordinates>
</Point>
</Placemark>
<Placemark>
<name>T2 F12 C8 (232)</name>
<styleUrl>#cajaIcon</styleUrl>
<Point>
<coordinates>-58.2126155279434,-32.212182890433276</coordinates>
</Point>
</Placemark>
<Placemark>
<name>T2 F12 C7 (233)</name>
<styleUrl>#cajaIcon</styleUrl>
<Point>
<coordinates>-58.21327462252499,-32.21197730069516</coordinates>
</Point>
</Placemark>
<Placemark>
<name>T2 F12 C5 (234)</name>
<styleUrl>#cajaIcon</styleUrl>
<Point>
<coordinates>-58.211167980478265,-32.21172192407784</coordinates>
</Point>
</Placemark>
<Placemark>
<name>T2 F12 C6 (235)</name>
<styleUrl>#cajaIcon</styleUrl>
<Point>
<coordinates>-58.211878649299976,-32.21155108278343</coordinates>
</Point>
</Placemark>
<Placemark>
<name>T2 F12 C4 (236)</name>
<styleUrl>#cajaIcon</styleUrl>
<Point>
<coordinates>-58.21101521113213,-32.21115058776845</coordinates>
</Point>
</Placemark>
<Placemark>
<name>T2 F12 C3 (237)</name>
<styleUrl>#cajaIcon</styleUrl>
<Point>
<coordinates>-58.20866632487101,-32.21039892029074</coordinates>
</Point>
</Placemark>
<Placemark>
<name>T2 F12 C2 (238)</name>
<styleUrl>#cajaIcon</styleUrl>
<Point>
<coordinates>-58.20688070250315,-32.209835183116255</coordinates>
</Point>
</Placemark>
<Placemark>
<name>T2 F12 C1 (239)</name>
<styleUrl>#cajaIcon</styleUrl>
<Point>
<coordinates>-58.20628402756493,-32.209241017546454</coordinates>
</Point>
</Placemark>
<Placemark>
<name>T2 F9 C8 (240)</name>
<styleUrl>#cajaIcon</styleUrl>
<Point>
<coordinates>-58.21153077810091,-32.21447911230669</coordinates>
</Point>
</Placemark>
<Placemark>
<name>T2 F9 C7 (241)</name>
<styleUrl>#cajaIcon</styleUrl>
<Point>
<coordinates>-58.21201162235072,-32.21416275549127</coordinates>
</Point>
</Placemark>
<Placemark>
<name>T2 F9 C6 (242)</name>
<styleUrl>#cajaIcon</styleUrl>
<Point>
<coordinates>-58.21211098065193,-32.214604559723824</coordinates>
</Point>
</Placemark>
<Placemark>
<name>T2 F13 C3 (243)</name>
<styleUrl>#cajaIcon</styleUrl>
<Point>
<coordinates>-58.21040474601513,-32.21360993034971</coordinates>
</Point>
</Placemark>
<Placemark>
<name>T2 F13 C2 (244)</name>
<styleUrl>#cajaIcon</styleUrl>
<Point>
<coordinates>-58.21093923444503,-32.21379509231541</coordinates>
</Point>
</Placemark>
<Placemark>
<name>T2 F13 C4 (245)</name>
<styleUrl>#cajaIcon</styleUrl>
<Point>
<coordinates>-58.21066101354351,-32.21307252210322</coordinates>
</Point>
</Placemark>
<Placemark>
<name>T2 F9 C5 (246)</name>
<styleUrl>#cajaIcon</styleUrl>
<Point>
<coordinates>-58.21266229117233,-32.214358763803745</coordinates>
</Point>
</Placemark>
<Placemark>
<name>T2 F9 C4 (247)</name>
<styleUrl>#cajaIcon</styleUrl>
<Point>
<coordinates>-58.21244039665982,-32.215542412465076</coordinates>
</Point>
</Placemark>
<Placemark>
<name>T2 F9 C3 (248)</name>
<styleUrl>#cajaIcon</styleUrl>
<Point>
<coordinates>-58.21257791815581,-32.21561410648627</coordinates>
</Point>
</Placemark>
<Placemark>
<name>T2 F9 C2 (249)</name>
<styleUrl>#cajaIcon</styleUrl>
<Point>
<coordinates>-58.21226751074634,-32.21622134789776</coordinates>
</Point>
</Placemark>
<Placemark>
<name>T2 F7 C2 (250)</name>
<styleUrl>#cajaIcon</styleUrl>
<Point>
<coordinates>-58.21397692329173,-32.21472312318894</coordinates>
</Point>
</Placemark>
<Placemark>
<name>T2 F7 C1 (251)</name>
<styleUrl>#cajaIcon</styleUrl>
<Point>
<coordinates>-58.21350290113242,-32.21456561858013</coordinates>
</Point>
</Placemark>
<Placemark>
<name>T2 F7 C3 (252)</name>
<styleUrl>#cajaIcon</styleUrl>
<Point>
<coordinates>-58.214860827729595,-32.2150049396153</coordinates>
</Point>
</Placemark>
<Placemark>
<name>T2 F8 C7 (253)</name>
<styleUrl>#cajaIcon</styleUrl>
<Point>
<coordinates>-58.21482977804307,-32.21460389043187</coordinates>
</Point>
</Placemark>
<Placemark>
<name>T2 F8 C8 (254)</name>
<styleUrl>#cajaIcon</styleUrl>
<Point>
<coordinates>-58.21536158426401,-32.21462339136371</coordinates>
</Point>
</Placemark>
<Placemark>
<name>T2 F8 C6 (255)</name>
<styleUrl>#cajaIcon</styleUrl>
<Point>
<coordinates>-58.21433234483835,-32.21430022710419</coordinates>
</Point>
</Placemark>
<Placemark>
<name>T2 F8 C5 (256)</name>
<styleUrl>#cajaIcon</styleUrl>
<Point>
<coordinates>-58.21351846925252,-32.214018058284786</coordinates>
</Point>
</Placemark>
<Placemark>
<name>T2 F8 C4 (257)</name>
<styleUrl>#cajaIcon</styleUrl>
<Point>
<coordinates>-58.213222260008145,-32.21413215987943</coordinates>
</Point>
</Placemark>
<Placemark>
<name>T2 F8 C3 (258)</name>
<styleUrl>#cajaIcon</styleUrl>
<Point>
<coordinates>-58.21321677902264,-32.21387473578828</coordinates>
</Point>
</Placemark>
<Placemark>
<name>T2 F7 C7 (259)</name>
<styleUrl>#cajaIcon</styleUrl>
<Point>
<coordinates>-58.21510715354128,-32.21552453294445</coordinates>
</Point>
</Placemark>
<Placemark>
<name>T2 F7 C8 (260)</name>
<styleUrl>#cajaIcon</styleUrl>
<Point>
<coordinates>-58.2154726628031,-32.21597973411994</coordinates>
</Point>
</Placemark>
<Placemark>
<name>T2 F7 C6 (261)</name>
<styleUrl>#cajaIcon</styleUrl>
<Point>
<coordinates>-58.216054089890775,-32.21581996227738</coordinates>
</Point>
</Placemark>
<Placemark>
<name>T2 F7 C5 (262)</name>
<styleUrl>#cajaIcon</styleUrl>
<Point>
<coordinates>-58.21662881145623,-32.2159983116962</coordinates>
</Point>
</Placemark>
<Placemark>
<name>T2 F7 C4 (263)</name>
<styleUrl>#cajaIcon</styleUrl>
<Point>
<coordinates>-58.21586073770743,-32.215183502499436</coordinates>
</Point>
</Placemark>
<Placemark>
<name>T2 F6 C8 (264)</name>
<styleUrl>#cajaIcon</styleUrl>
<Point>
<coordinates>-58.214325407914366,-32.21642266460403</coordinates>
</Point>
</Placemark>
<Placemark>
<name>T2 F6 C7 (265)</name>
<styleUrl>#cajaIcon</styleUrl>
<Point>
<coordinates>-58.214838438671904,-32.21657264711132</coordinates>
</Point>
</Placemark>
<Placemark>
<name>T2 F6 C6 (266)</name>
<styleUrl>#cajaIcon</styleUrl>
<Point>
<coordinates>-58.21427103489818,-32.21585627145577</coordinates>
</Point>
</Placemark>
<Placemark>
<name>T2 F6 C2 (267)</name>
<styleUrl>#cajaIcon</styleUrl>
<Point>
<coordinates>-58.2130869561862,-32.21638507237904</coordinates>
</Point>
</Placemark>
<Placemark>
<name>T2 F6 C3 (268)</name>
<styleUrl>#cajaIcon</styleUrl>
<Point>
<coordinates>-58.21287360400208,-32.21590157898247</coordinates>
</Point>
</Placemark>
<Placemark>
<name>T2 F6 C5 (269)</name>
<styleUrl>#cajaIcon</styleUrl>
<Point>
<coordinates>-58.213403952550514,-32.21609720120987</coordinates>
</Point>
</Placemark>
<Placemark>
<name>T2 F6 C4 (270)</name>
<styleUrl>#cajaIcon</styleUrl>
<Point>
<coordinates>-58.21341882126809,-32.21561444423945</coordinates>
</Point>
</Placemark>
<Placemark>
<name>T2 F5 C3 (271)</name>
<styleUrl>#cajaIcon</styleUrl>
<Point>
<coordinates>-58.21343806300142,-32.21804539661617</coordinates>
</Point>
</Placemark>
<Placemark>
<name>T2 F5 C8 (272)</name>
<styleUrl>#cajaIcon</styleUrl>
<Point>
<coordinates>-58.214349052094946,-32.21735900212812</coordinates>
</Point>
</Placemark>
<Placemark>
<name>T2 F5 C7 (273)</name>
<styleUrl>#cajaIcon</styleUrl>
<Point>
<coordinates>-58.213928674115714,-32.2169462121918</coordinates>
</Point>
</Placemark>
<Placemark>
<name>T2 F5 C6 (274)</name>
<styleUrl>#cajaIcon</styleUrl>
<Point>
<coordinates>-58.21405010235774,-32.216646883076656</coordinates>
</Point>
</Placemark>
<Placemark>
<name>T2 F5 C5 (275)</name>
<styleUrl>#cajaIcon</styleUrl>
<Point>
<coordinates>-58.21331590592397,-32.2170362705208</coordinates>
</Point>
</Placemark>
<Placemark>
<name>T2 F5 C4 (276)</name>
<styleUrl>#cajaIcon</styleUrl>
<Point>
<coordinates>-58.212469056711356,-32.216765307304364</coordinates>
</Point>
</Placemark>
<Placemark>
<name>T3 F42 C8 (277)</name>
<styleUrl>#cajaIcon</styleUrl>
<Point>
<coordinates>-58.21658050399676,-32.204553038450854</coordinates>
</Point>
</Placemark>
<Placemark>
<name>T3 F42 C7 (278)</name>
<styleUrl>#cajaIcon</styleUrl>
<Point>
<coordinates>-58.217421901654824,-32.20455044638932</coordinates>
</Point>
</Placemark>
<Placemark>
<name>T3 F42 C6 (279)</name>
<styleUrl>#cajaIcon</styleUrl>
<Point>
<coordinates>-58.216056248702145,-32.20396166431514</coordinates>
</Point>
</Placemark>
<Placemark>
<name>T3 F41 C8 (280)</name>
<styleUrl>#cajaIcon</styleUrl>
<Point>
<coordinates>-58.21510313196145,-32.20408405196651</coordinates>
</Point>
</Placemark>
<Placemark>
<name>T3 F41 C7 (281)</name>
<styleUrl>#cajaIcon</styleUrl>
<Point>
<coordinates>-58.21436523248611,-32.20434392526305</coordinates>
</Point>
</Placemark>
<Placemark>
<name>T3 F41 C6 (282)</name>
<styleUrl>#cajaIcon</styleUrl>
<Point>
<coordinates>-58.214703919657936,-32.203507802101754</coordinates>
</Point>
</Placemark>
<Placemark>
<name>T3 F41 C5 (283)</name>
<styleUrl>#cajaIcon</styleUrl>
<Point>
<coordinates>-58.21412797355587,-32.20375539903082</coordinates>
</Point>
</Placemark>
<Placemark>
<name>T3 F41 C4 (284)</name>
<styleUrl>#cajaIcon</styleUrl>
<Point>
<coordinates>-58.213127626160826,-32.20375355564831</coordinates>
</Point>
</Placemark>
<Placemark>
<name>T3 F41 C3 (285)</name>
<styleUrl>#cajaIcon</styleUrl>
<Point>
<coordinates>-58.21350934524495,-32.2031153078371</coordinates>
</Point>
</Placemark>
<Placemark>
<name>T3 F41 C2 (286)</name>
<styleUrl>#cajaIcon</styleUrl>
<Point>
<coordinates>-58.2128654985136,-32.203371344824696</coordinates>
</Point>
</Placemark>
<Placemark>
<name>T3 F42 C5 (287)</name>
<styleUrl>#cajaIcon</styleUrl>
<Point>
<coordinates>-58.21707088139932,-32.20348667008141</coordinates>
</Point>
</Placemark>
<Placemark>
<name>T3 F42 C4 (288)</name>
<styleUrl>#cajaIcon</styleUrl>
<Point>
<coordinates>-58.21563779466586,-32.20312254288133</coordinates>
</Point>
</Placemark>
<Placemark>
<name>T3 F42 C3 (289)</name>
<styleUrl>#cajaIcon</styleUrl>
<Point>
<coordinates>-58.21426467850097,-32.2027038747384</coordinates>
</Point>
</Placemark>
<Placemark>
<name>T3 F40 C4 (290)</name>
<styleUrl>#cajaIcon</styleUrl>
<Point>
<coordinates>-58.21303947739234,-32.20234490544056</coordinates>
</Point>
</Placemark>
<Placemark>
<name>T3 F40 C3 (291)</name>
<styleUrl>#cajaIcon</styleUrl>
<Point>
<coordinates>-58.212260412240916,-32.20263924575821</coordinates>
</Point>
</Placemark>
<Placemark>
<name>T3 F40 C8 (292)</name>
<styleUrl>#cajaIcon</styleUrl>
<Point>
<coordinates>-58.21370218672495,-32.20167474004098</coordinates>
</Point>
</Placemark>
<Placemark>
<name>T3 F40 C7 (293)</name>
<styleUrl>#cajaIcon</styleUrl>
<Point>
<coordinates>-58.21436005676971,-32.201880354199375</coordinates>
</Point>
</Placemark>
<Placemark>
<name>T3 F40 C6 (294)</name>
<styleUrl>#cajaIcon</styleUrl>
<Point>
<coordinates>-58.2156817735459,-32.20231746829545</coordinates>
</Point>
</Placemark>
<Placemark>
<name>T3 F40 C5 (295)</name>
<styleUrl>#cajaIcon</styleUrl>
<Point>
<coordinates>-58.21696593939568,-32.202729614659354</coordinates>
</Point>
</Placemark>
<Placemark>
<name>T3 F39 C4 (296)</name>
<styleUrl>#cajaIcon</styleUrl>
<Point>
<coordinates>-58.21167795104943,-32.20187756900245</coordinates>
</Point>
</Placemark>
<Placemark>
<name>T3 F39 C1 (297)</name>
<styleUrl>#cajaIcon</styleUrl>
<Point>
<coordinates>-58.21021473216658,-32.20253688742542</coordinates>
</Point>
</Placemark>
<Placemark>
<name>T3 F39 C3 (298)</name>
<styleUrl>#cajaIcon</styleUrl>
<Point>
<coordinates>-58.210965867258984,-32.20225701733891</coordinates>
</Point>
</Placemark>
<Placemark>
<name>T3 F39 C2 (299)</name>
<styleUrl>#cajaIcon</styleUrl>
<Point>
<coordinates>-58.21133796547578,-32.202886618932105</coordinates>
</Point>
</Placemark>
<Placemark>
<name>T3 F39 C8 (300)</name>
<styleUrl>#cajaIcon</styleUrl>
<Point>
<coordinates>-58.21189805145975,-32.20110333965648</coordinates>
</Point>
</Placemark>
<Placemark>
<name>T3 F39 C7 (301)</name>
<styleUrl>#cajaIcon</styleUrl>
<Point>
<coordinates>-58.210761523673746,-32.20073246623372</coordinates>
</Point>
</Placemark>
<Placemark>
<name>T3 F39 C5 (302)</name>
<styleUrl>#cajaIcon</styleUrl>
<Point>
<coordinates>-58.20983359592239,-32.20120724842675</coordinates>
</Point>
</Placemark>
<Placemark>
<name>T3 F48 C8 (303)</name>
<styleUrl>#cajaIcon</styleUrl>
<Point>
<coordinates>-58.21694578012318,-32.20529794494073</coordinates>
</Point>
</Placemark>
<Placemark>
<name>T3 F48 C7 (304)</name>
<styleUrl>#cajaIcon</styleUrl>
<Point>
<coordinates>-58.21620207939007,-32.20572479362757</coordinates>
</Point>
</Placemark>
<Placemark>
<name>T3 F48 C6 (305)</name>
<styleUrl>#cajaIcon</styleUrl>
<Point>
<coordinates>-58.21651735551667,-32.20619348490556</coordinates>
</Point>
</Placemark>
<Placemark>
<name>T3 F47 C8 (306)</name>
<styleUrl>#cajaIcon</styleUrl>
<Point>
<coordinates>-58.214700303751904,-32.20523317143865</coordinates>
</Point>
</Placemark>
<Placemark>
<name>T3 F47 C6 (307)</name>
<styleUrl>#cajaIcon</styleUrl>
<Point>
<coordinates>-58.21406132573802,-32.20535921927003</coordinates>
</Point>
</Placemark>
<Placemark>
<name>T3 F47 C7 (308)</name>
<styleUrl>#cajaIcon</styleUrl>
<Point>
<coordinates>-58.21367179316238,-32.204944106640234</coordinates>
</Point>
</Placemark>
<Placemark>
<name>T3 F43 C8 (309)</name>
<styleUrl>#cajaIcon</styleUrl>
<Point>
<coordinates>-58.21253331200292,-32.2050251012465</coordinates>
</Point>
</Placemark>
<Placemark>
<name>T3 F43 C7 (310)</name>
<styleUrl>#cajaIcon</styleUrl>
<Point>
<coordinates>-58.21226850214658,-32.205666457417585</coordinates>
</Point>
</Placemark>
<Placemark>
<name>T3 F43 C6 (311)</name>
<styleUrl>#cajaIcon</styleUrl>
<Point>
<coordinates>-58.211939319274215,-32.20524453754847</coordinates>
</Point>
</Placemark>
<Placemark>
<name>T3 F43 C5 (312)</name>
<styleUrl>#cajaIcon</styleUrl>
<Point>
<coordinates>-58.210709876144115,-32.20485885814615</coordinates>
</Point>
</Placemark>
<Placemark>
<name>T3 F43 C4 (313)</name>
<styleUrl>#cajaIcon</styleUrl>
<Point>
<coordinates>-58.210947747342175,-32.20552773306141</coordinates>
</Point>
</Placemark>
<Placemark>
<name>T3 F43 C2 (314)</name>
<styleUrl>#cajaIcon</styleUrl>
<Point>
<coordinates>-58.20961748823866,-32.205355674401126</coordinates>
</Point>
</Placemark>
<Placemark>
<name>T3 F43 C3 (315)</name>
<styleUrl>#cajaIcon</styleUrl>
<Point>
<coordinates>-58.211578795296546,-32.20600568054832</coordinates>
</Point>
</Placemark>
<Placemark>
<name>T3 F45 C8 (316)</name>
<styleUrl>#cajaIcon</styleUrl>
<Point>
<coordinates>-58.2117253559775,-32.20376574730108</coordinates>
</Point>
</Placemark>
<Placemark>
<name>T3 F45 C7 (317)</name>
<styleUrl>#cajaIcon</styleUrl>
<Point>
<coordinates>-58.212072964611174,-32.20431235600248</coordinates>
</Point>
</Placemark>
<Placemark>
<name>T3 F45 C6 (318)</name>
<styleUrl>#cajaIcon</styleUrl>
<Point>
<coordinates>-58.21137786275654,-32.20447005620544</coordinates>
</Point>
</Placemark>
<Placemark>
<name>T3 F45 C5 (319)</name>
<styleUrl>#cajaIcon</styleUrl>
<Point>
<coordinates>-58.21058640854829,-32.20396532577607</coordinates>
</Point>
</Placemark>
<Placemark>
<name>T3 F45 C3 (320)</name>
<styleUrl>#cajaIcon</styleUrl>
<Point>
<coordinates>-58.21001448575938,-32.20403589541372</coordinates>
</Point>
</Placemark>
<Placemark>
<name>T3 F45 C4 (321)</name>
<styleUrl>#cajaIcon</styleUrl>
<Point>
<coordinates>-58.21029366863186,-32.203394458239096</coordinates>
</Point>
</Placemark>
<Placemark>
<name>T3 F45 C2 (322)</name>
<styleUrl>#cajaIcon</styleUrl>
<Point>
<coordinates>-58.20941708198475,-32.203617372525976</coordinates>
</Point>
</Placemark>
<Placemark>
<name>T3 F45 C1 (323)</name>
<styleUrl>#cajaIcon</styleUrl>
<Point>
<coordinates>-58.20870775426775,-32.20376305152913</coordinates>
</Point>
</Placemark>
<Placemark>
<name>T1 F7 C1 (324)</name>
<styleUrl>#cajaIcon</styleUrl>
<Point>
<coordinates>-58.21306578935445,-32.20731924955635</coordinates>
</Point>
</Placemark>
<Placemark>
<name>T1 F9 C8 (325)</name>
<styleUrl>#cajaIcon</styleUrl>
<Point>
<coordinates>-58.21227380885941,-32.207413220438056</coordinates>
</Point>
</Placemark>
<Placemark>
<name>T1 F9 C7 (326)</name>
<styleUrl>#cajaIcon</styleUrl>
<Point>
<coordinates>-58.21343934524313,-32.207781301124854</coordinates>
</Point>
</Placemark>
<Placemark>
<name>T1 F9 C6 (327)</name>
<styleUrl>#cajaIcon</styleUrl>
<Point>
<coordinates>-58.211593198900054,-32.20756104175728</coordinates>
</Point>
</Placemark>
<Placemark>
<name>T1 F9 C5 (328)</name>
<styleUrl>#cajaIcon</styleUrl>
<Point>
<coordinates>-58.21123305405575,-32.208365355694795</coordinates>
</Point>
</Placemark>
<Placemark>
<name>T1 F9 C4 (329)</name>
<styleUrl>#cajaIcon</styleUrl>
<Point>
<coordinates>-58.21116952644286,-32.20706444999323</coordinates>
</Point>
</Placemark>
<Placemark>
<name>T1 F9 C3 (330)</name>
<styleUrl>#cajaIcon</styleUrl>
<Point>
<coordinates>-58.209056674575315,-32.206404990742044</coordinates>
</Point>
</Placemark>
<Placemark>
<name>T1 F9 C2 (331)</name>
<styleUrl>#cajaIcon</styleUrl>
<Point>
<coordinates>-58.20921807338755,-32.206072321867246</coordinates>
</Point>
</Placemark>
<Placemark>
<name>T1 F8 C8 (332)</name>
<styleUrl>#cajaIcon</styleUrl>
<Point>
<coordinates>-58.21202727876447,-32.2065891107667</coordinates>
</Point>
</Placemark>
<Placemark>
<name>T1 F8 C7 (333)</name>
<styleUrl>#cajaIcon</styleUrl>
<Point>
<coordinates>-58.21271342857024,-32.20651599032513</coordinates>
</Point>
</Placemark>
<Placemark>
<name>T1 F8 C6 (334)</name>
<styleUrl>#cajaIcon</styleUrl>
<Point>
<coordinates>-58.213754854503854,-32.20683052890771</coordinates>
</Point>
</Placemark>
<Placemark>
<name>T1 F8 C5 (335)</name>
<styleUrl>#cajaIcon</styleUrl>
<Point>
<coordinates>-58.21453683499937,-32.207398468992174</coordinates>
</Point>
</Placemark>
<Placemark>
<name>T1 F7 C7 (336)</name>
<styleUrl>#cajaIcon</styleUrl>
<Point>
<coordinates>-58.21276777331307,-32.20796984372394</coordinates>
</Point>
</Placemark>
<Placemark>
<name>T1 F7 C8 (337)</name>
<styleUrl>#cajaIcon</styleUrl>
<Point>
<coordinates>-58.211816317948774,-32.20815501779292</coordinates>
</Point>
</Placemark>
<Placemark>
<name>T1 F7 C3 (338)</name>
<styleUrl>#cajaIcon</styleUrl>
<Point>
<coordinates>-58.21236958184211,-32.208871243288</coordinates>
</Point>
</Placemark>
<Placemark>
<name>T1 F7 C2 (339)</name>
<styleUrl>#cajaIcon</styleUrl>
<Point>
<coordinates>-58.21212453885041,-32.209507016007194</coordinates>
</Point>
</Placemark>
<Placemark>
<name>T1 F7 C6 (340)</name>
<styleUrl>#cajaIcon</styleUrl>
<Point>
<coordinates>-58.213406022490894,-32.20864257167237</coordinates>
</Point>
</Placemark>
<Placemark>
<name>T1 F7 C5 (341)</name>
<styleUrl>#cajaIcon</styleUrl>
<Point>
<coordinates>-58.21406377596818,-32.20884207066043</coordinates>
</Point>
</Placemark>
<Placemark>
<name>T1 F7 C4 (342)</name>
<styleUrl>#cajaIcon</styleUrl>
<Point>
<coordinates>-58.21403293056451,-32.20896008179353</coordinates>
</Point>
</Placemark>
<Placemark>
<name>T1 F6 C8 (343)</name>
<styleUrl>#cajaIcon</styleUrl>
<Point>
<coordinates>-58.2098413372802,-32.20785940639987</coordinates>
</Point>
</Placemark>
<Placemark>
<name>T1 F6 C7 (344)</name>
<styleUrl>#cajaIcon</styleUrl>
<Point>
<coordinates>-58.21027113242112,-32.207677837237085</coordinates>
</Point>
</Placemark>
<Placemark>
<name>T1 F6 C4 (345)</name>
<styleUrl>#cajaIcon</styleUrl>
<Point>
<coordinates>-58.21015710910761,-32.20714203808469</coordinates>
</Point>
</Placemark>
<Placemark>
<name>T1 F6 C3 (346)</name>
<styleUrl>#cajaIcon</styleUrl>
<Point>
<coordinates>-58.21039215209956,-32.20665423796225</coordinates>
</Point>
</Placemark>
<Placemark>
<name>T1 F6 C6 (347)</name>
<styleUrl>#cajaIcon</styleUrl>
<Point>
<coordinates>-58.20958002560547,-32.20747280805737</coordinates>
</Point>
</Placemark>
<Placemark>
<name>T1 F6 C5 (348)</name>
<styleUrl>#cajaIcon</styleUrl>
<Point>
<coordinates>-58.20936483661536,-32.206893166604004</coordinates>
</Point>
</Placemark>
<Placemark>
<name>T1 F5 C8 (349)</name>
<styleUrl>#cajaIcon</styleUrl>
<Point>
<coordinates>-58.20861084504089,-32.207285860624545</coordinates>
</Point>
</Placemark>
<Placemark>
<name>T1 F5 C5 (350)</name>
<styleUrl>#cajaIcon</styleUrl>
<Point>
<coordinates>-58.20796046706239,-32.2073235189974</coordinates>
</Point>
</Placemark>
<Placemark>
<name>T1 F5 C4 (351)</name>
<styleUrl>#cajaIcon</styleUrl>
<Point>
<coordinates>-58.208066530885354,-32.20768479159787</coordinates>
</Point>
</Placemark>
<Placemark>
<name>T1 F5 C7 (352)</name>
<styleUrl>#cajaIcon</styleUrl>
<Point>
<coordinates>-58.20747816514079,-32.206636858739586</coordinates>
</Point>
</Placemark>
<Placemark>
<name>T1 F5 C6 (353)</name>
<styleUrl>#cajaIcon</styleUrl>
<Point>
<coordinates>-58.207371605616466,-32.20685380861802</coordinates>
</Point>
</Placemark>
<Placemark>
<name>T1 F6 C2 (354)</name>
<styleUrl>#cajaIcon</styleUrl>
<Point>
<coordinates>-58.20815469408148,-32.20681773314828</coordinates>
</Point>
</Placemark>
<Placemark>
<name>T1 F6 C1 (355)</name>
<styleUrl>#cajaIcon</styleUrl>
<Point>
<coordinates>-58.208438279400724,-32.20623140062925</coordinates>
</Point>
</Placemark>
<Placemark>
<name>T1 F5 C3 (356)</name>
<styleUrl>#cajaIcon</styleUrl>
<Point>
<coordinates>-58.20756746573411,-32.20812921969712</coordinates>
</Point>
</Placemark>
<Placemark>
<name>T1 F5 C2 (357)</name>
<styleUrl>#cajaIcon</styleUrl>
<Point>
<coordinates>-58.20812072962713,-32.208334818557155</coordinates>
</Point>
</Placemark>
<Placemark>
<name>T1 F5 C1 (358)</name>
<styleUrl>#cajaIcon</styleUrl>
<Point>
<coordinates>-58.20894757883965,-32.20862892558755</coordinates>
</Point>
</Placemark>
<Placemark>
<name>T3 F47 C5 (359)</name>
<styleUrl>#cajaIcon</styleUrl>
<Point>
<coordinates>-58.213980977190786,-32.20676025562599</coordinates>
</Point>
</Placemark>
<Placemark>
<name>T3 F47 C2 (360)</name>
<styleUrl>#cajaIcon</styleUrl>
<Point>
<coordinates>-58.2127678898805,-32.206354936491685</coordinates>
</Point>
</Placemark>
<Placemark>
<name>T3 F47 C4 (361)</name>
<styleUrl>#cajaIcon</styleUrl>
<Point>
<coordinates>-58.21354293171793,-32.20621153178285</coordinates>
</Point>
</Placemark>
<Placemark>
<name>T3 F47 C3 (362)</name>
<styleUrl>#cajaIcon</styleUrl>
<Point>
<coordinates>-58.213024536542385,-32.20570408158145</coordinates>
</Point>
</Placemark>
<Placemark>
<name>T3 F48 C5 (363)</name>
<styleUrl>#cajaIcon</styleUrl>
<Point>
<coordinates>-58.21520834922364,-32.20589842660833</coordinates>
</Point>
</Placemark>
<Placemark>
<name>T3 F48 C4 (364)</name>
<styleUrl>#cajaIcon</styleUrl>
<Point>
<coordinates>-58.21568053457865,-32.20644467008853</coordinates>
</Point>
</Placemark>
<Placemark>
<name>T3 F48 C3 (365)</name>
<styleUrl>#cajaIcon</styleUrl>
<Point>
<coordinates>-58.21456389022429,-32.20607623602357</coordinates>
</Point>
</Placemark>
<Placemark>
<name>T3 F48 C2 (366)</name>
<styleUrl>#cajaIcon</styleUrl>
<Point>
<coordinates>-58.214940857158574,-32.20650913821985</coordinates>
</Point>
</Placemark>
<Placemark>
<name>T2 F29 C4 (367)</name>
<styleUrl>#cajaIcon</styleUrl>
<Point>
<coordinates>-58.218022833042454,-32.21539301505585</coordinates>
</Point>
</Placemark>
<Placemark>
<name>T2 F29 C5 (368)</name>
<styleUrl>#cajaIcon</styleUrl>
<Point>
<coordinates>-58.21831178277969,-32.21612237487862</coordinates>
</Point>
</Placemark>
<Placemark>
<name>T2 F29 C8 (370)</name>
<styleUrl>#cajaIcon</styleUrl>
<Point>
<coordinates>-58.220341573304175,-32.21624015749547</coordinates>
</Point>
</Placemark>
<Placemark>
<name>T2 F29 C6 (371)</name>
<styleUrl>#cajaIcon</styleUrl>
<Point>
<coordinates>-58.219451196478545,-32.21633532244535</coordinates>
</Point>
</Placemark>
<Placemark>
<name>T2 F29 C7 (372)</name>
<styleUrl>#cajaIcon</styleUrl>
<Point>
<coordinates>-58.22008346897013,-32.21654047854041</coordinates>
</Point>
</Placemark>
<Placemark>
<name>T2 F29 C2 (373)</name>
<styleUrl>#cajaIcon</styleUrl>
<Point>
<coordinates>-58.217353738460076,-32.215629443732865</coordinates>
</Point>
</Placemark>
<Placemark>
<name>T2 F29 C3 (374)</name>
<styleUrl>#cajaIcon</styleUrl>
<Point>
<coordinates>-58.21700578012411,-32.21504758407645</coordinates>
</Point>
</Placemark>
<Placemark>
<name>T1 F8 C4 (375)</name>
<styleUrl>#cajaIcon</styleUrl>
<Point>
<coordinates>-58.211653839442484,-32.20621372008186</coordinates>
</Point>
</Placemark>
<Placemark>
<name>T1 F8 C3 (376)</name>
<styleUrl>#cajaIcon</styleUrl>
<Point>
<coordinates>-58.21024909075425,-32.205743007944996</coordinates>
</Point>
</Placemark>
<Placemark>
<name>T1 F8 C2 (377)</name>
<styleUrl>#cajaIcon</styleUrl>
<Point>
<coordinates>-58.208867373977576,-32.20532190971124</coordinates>
</Point>
</Placemark>
<Placemark>
<name>T1 F8 C1 (378)</name>
<styleUrl>#cajaIcon</styleUrl>
<Point>
<coordinates>-58.2074518964542,-32.20484515723827</coordinates>
</Point>
</Placemark>
<Placemark>
<name>T4 F6 C2 (379)</name>
<styleUrl>#cajaIcon</styleUrl>
<Point>
<coordinates>-58.22925811090418,-32.195265031304636</coordinates>
</Point>
</Placemark>
<Placemark>
<name>T4 F6 C5 (380)</name>
<styleUrl>#cajaIcon</styleUrl>
<Point>
<coordinates>-58.229412950191175,-32.19450330111578</coordinates>
</Point>
</Placemark>
<Placemark>
<name>T4 F6 C4 (381)</name>
<styleUrl>#cajaIcon</styleUrl>
<Point>
<coordinates>-58.23082524980475,-32.19488278575488</coordinates>
</Point>
</Placemark>
<Placemark>
<name>T4 F6 C3 (382)</name>
<styleUrl>#cajaIcon</styleUrl>
<Point>
<coordinates>-58.23075624120668,-32.19508614621905</coordinates>
</Point>
</Placemark>
<Placemark>
<name>T$ F6 C6 (383)</name>
<styleUrl>#cajaIcon</styleUrl>
<Point>
<coordinates>-58.22976723491657,-32.19408424268843</coordinates>
</Point>
</Placemark>
<Placemark>
<name>T4 F6 C8 (384)</name>
<styleUrl>#cajaIcon</styleUrl>
<Point>
<coordinates>-58.230655162668995,-32.19366134970132</coordinates>
</Point>
</Placemark>
<Placemark>
<name>T4 F6 C7 (385)</name>
<styleUrl>#cajaIcon</styleUrl>
<Point>
<coordinates>-58.23161148674994,-32.193153335876794</coordinates>
</Point>
</Placemark>
<Placemark>
<name>T4 F7 C6 (386)</name>
<styleUrl>#cajaIcon</styleUrl>
<Point>
<coordinates>-58.230251219734036,-32.193013573112026</coordinates>
</Point>
</Placemark>
<Placemark>
<name>T4 F7 C3 (388)</name>
<styleUrl>#cajaIcon</styleUrl>
<Point>
<coordinates>-58.22870979495322,-32.19339668338009</coordinates>
</Point>
</Placemark>
<Placemark>
<name>T4 F7 C5 (389)</name>
<styleUrl>#cajaIcon</styleUrl>
<Point>
<coordinates>-58.22922136803943,-32.193188779281435</coordinates>
</Point>
</Placemark>
<Placemark>
<name>T4 F7 C4 (390)</name>
<styleUrl>#cajaIcon</styleUrl>
<Point>
<coordinates>-58.22900556678069,-32.19279766009647</coordinates>
</Point>
</Placemark>
<Placemark>
<name>T4 F7 C7 (391)</name>
<styleUrl>#cajaIcon</styleUrl>
<Point>
<coordinates>-58.22984789697936,-32.19230212591809</coordinates>
</Point>
</Placemark>
<Placemark>
<name>T4 F7 C8 (392)</name>
<styleUrl>#cajaIcon</styleUrl>
<Point>
<coordinates>-58.23105293766276,-32.192714318749246</coordinates>
</Point>
</Placemark>
<Placemark>
<name>T4 F9 C8 (393)</name>
<styleUrl>#cajaIcon</styleUrl>
<Point>
<coordinates>-58.230819818613575,-32.19166536535966</coordinates>
</Point>
</Placemark>
<Placemark>
<name>T4 F9 C7 (394)</name>
<styleUrl>#cajaIcon</styleUrl>
<Point>
<coordinates>-58.230712588537195,-32.1916224521654</coordinates>
</Point>
</Placemark>
<Placemark>
<name>T4 F9 C5 (395)</name>
<styleUrl>#cajaIcon</styleUrl>
<Point>
<coordinates>-58.22767140093129,-32.191628404003104</coordinates>
</Point>
</Placemark>
<Placemark>
<name>T4 F9 C6 (396)</name>
<styleUrl>#cajaIcon</styleUrl>
<Point>
<coordinates>-58.22771504511128,-32.19154576794202</coordinates>
</Point>
</Placemark>
<Placemark>
<name>T4 F9 C4 (397)</name>
<styleUrl>#cajaIcon</styleUrl>
<Point>
<coordinates>-58.2271256879638,-32.19145518723517</coordinates>
</Point>
</Placemark>
<Placemark>
<name>T4 F16 C6 (398)</name>
<styleUrl>#cajaIcon</styleUrl>
<Point>
<coordinates>-58.2313141321924,-32.19057511285397</coordinates>
</Point>
</Placemark>
<Placemark>
<name>T4 F16 C5 (399)</name>
<styleUrl>#cajaIcon</styleUrl>
<Point>
<coordinates>-58.22948632331623,-32.19080593678701</coordinates>
</Point>
</Placemark>
<Placemark>
<name>T4 F16 C4 (400)</name>
<styleUrl>#cajaIcon</styleUrl>
<Point>
<coordinates>-58.22952170216156,-32.191331208577715</coordinates>
</Point>
</Placemark>
<Placemark>
<name>T4 F16 C3 (401)</name>
<styleUrl>#cajaIcon</styleUrl>
<Point>
<coordinates>-58.228323483568396,-32.1896233199496</coordinates>
</Point>
</Placemark>
<Placemark>
<name>T4 F16 C2 (402)</name>
<styleUrl>#cajaIcon</styleUrl>
<Point>
<coordinates>-58.226959084582504,-32.19032650311047</coordinates>
</Point>
</Placemark>
<Placemark>
<name>T2 F17 C8 (403)</name>
<styleUrl>#cajaIcon</styleUrl>
<Point>
<coordinates>-58.23226863389516,-32.189829821101796</coordinates>
</Point>
</Placemark>
<Placemark>
<name>T4 F17 C7 (404)</name>
<styleUrl>#cajaIcon</styleUrl>
<Point>
<coordinates>-58.23331078866492,-32.189294453278954</coordinates>
</Point>
</Placemark>
<Placemark>
<name>T4 F17 C6 (405)</name>
<styleUrl>#cajaIcon</styleUrl>
<Point>
<coordinates>-58.2335368230583,-32.18882592541445</coordinates>
</Point>
</Placemark>
<Placemark>
<name>T4 F17 C5 (406)</name>
<styleUrl>#cajaIcon</styleUrl>
<Point>
<coordinates>-58.233886239065995,-32.187971501626</coordinates>
</Point>
</Placemark>
<Placemark>
<name>T4 F16 C8 (407)</name>
<styleUrl>#cajaIcon</styleUrl>
<Point>
<coordinates>-58.23085708661042,-32.18942034538341</coordinates>
</Point>
</Placemark>
<Placemark>
<name>T4 F16 C7 (408)</name>
<styleUrl>#cajaIcon</styleUrl>
<Point>
<coordinates>-58.230488399437874,-32.18886795520975</coordinates>
</Point>
</Placemark>
<Placemark>
<name>T4 F17 C4 (409)</name>
<styleUrl>#cajaIcon</styleUrl>
<Point>
<coordinates>-58.23185787678228,-32.18932233678861</coordinates>
</Point>
</Placemark>
<Placemark>
<name>T4 F17 C3 (410)</name>
<styleUrl>#cajaIcon</styleUrl>
<Point>
<coordinates>-58.232266301388336,-32.188386199205034</coordinates>
</Point>
</Placemark>
<Placemark>
<name>T4 F19 C8 (411)</name>
<styleUrl>#cajaIcon</styleUrl>
<Point>
<coordinates>-58.233402736100345,-32.18720656976372</coordinates>
</Point>
</Placemark>
<Placemark>
<name>T4 F19 C5 (412)</name>
<styleUrl>#cajaIcon</styleUrl>
<Point>
<coordinates>-58.2325449249169,-32.187524013384994</coordinates>
</Point>
</Placemark>
<Placemark>
<name>T4 F19 C4 (413)</name>
<styleUrl>#cajaIcon</styleUrl>
<Point>
<coordinates>-58.23281192128122,-32.18794296239296</coordinates>
</Point>
</Placemark>
<Placemark>
<name>T4 F19 C7 (414)</name>
<styleUrl>#cajaIcon</styleUrl>
<Point>
<coordinates>-58.231657346867365,-32.18666766142586</coordinates>
</Point>
</Placemark>
<Placemark>
<name>T4 F19 C6 (415)</name>
<styleUrl>#cajaIcon</styleUrl>
<Point>
<coordinates>-58.232439327362165,-32.18597119891081</coordinates>
</Point>
</Placemark>
<Placemark>
<name>T4 F20 C8 (416)</name>
<styleUrl>#cajaIcon</styleUrl>
<Point>
<coordinates>-58.22930991827767,-32.18740945828668</coordinates>
</Point>
</Placemark>
<Placemark>
<name>T4 F20 C7 (417)</name>
<styleUrl>#cajaIcon</styleUrl>
<Point>
<coordinates>-58.228212492163934,-32.18756354815274</coordinates>
</Point>
</Placemark>
<Placemark>
<name>T4 F20 C5 (418)</name>
<styleUrl>#cajaIcon</styleUrl>
<Point>
<coordinates>-58.22885030392476,-32.188755708002866</coordinates>
</Point>
</Placemark>
<Placemark>
<name>T4 F20 C4 (419)</name>
<styleUrl>#cajaIcon</styleUrl>
<Point>
<coordinates>-58.227762055901024,-32.188446074421144</coordinates>
</Point>
</Placemark>
<Placemark>
<name>T4 F21 C1 (420)</name>
<styleUrl>#cajaIcon</styleUrl>
<Point>
<coordinates>-58.228587908351365,-32.18670129882088</coordinates>
</Point>
</Placemark>
<Placemark>
<name>T4 F21 C9 (421)</name>
<styleUrl>#cajaIcon</styleUrl>
<Point>
<coordinates>-58.229083242185396,-32.185810126982645</coordinates>
</Point>
</Placemark>
<Placemark>
<name>T4 F21 C9 (422)</name>
<styleUrl>#cajaIcon</styleUrl>
<Point>
<coordinates>-58.229726855780775,-32.18652588566884</coordinates>
</Point>
</Placemark>
<Placemark>
<name>T4 F21 C2 (423)</name>
<styleUrl>#cajaIcon</styleUrl>
<Point>
<coordinates>-58.23069597863902,-32.186342660408044</coordinates>
</Point>
</Placemark>
<Placemark>
<name>T4 F21 C9 (424)</name>
<styleUrl>#cajaIcon</styleUrl>
<Point>
<coordinates>-58.230392539316554,-32.187273591314565</coordinates>
</Point>
</Placemark>
<Placemark>
<name>T4 F21 C9 (425)</name>
<styleUrl>#cajaIcon</styleUrl>
<Point>
<coordinates>-58.230855336939534,-32.18779838602194</coordinates>
</Point>
</Placemark>
<Placemark>
<name>T4 F21 C9 (426)</name>
<styleUrl>#cajaIcon</styleUrl>
<Point>
<coordinates>-58.23113087563216,-32.18750647934333</coordinates>
</Point>
</Placemark>
<Placemark>
<name>T4 F21 C9 (427)</name>
<styleUrl>#cajaIcon</styleUrl>
<Point>
<coordinates>-58.231201837603294,-32.18706341088115</coordinates>
</Point>
</Placemark>
<Placemark>
<name>T5 F48 C8 (428)</name>
<styleUrl>#cajaIcon</styleUrl>
<Point>
<coordinates>-58.230271693913906,-32.18281785402816</coordinates>
</Point>
</Placemark>
<Placemark>
<name>T5 F48 C6 (429)</name>
<styleUrl>#cajaIcon</styleUrl>
<Point>
<coordinates>-58.23019560065985,-32.17974019434216</coordinates>
</Point>
</Placemark>
<Placemark>
<name>T5 F48 C5 (430)</name>
<styleUrl>#cajaIcon</styleUrl>
<Point>
<coordinates>-58.23077836885229,-32.17830224467971</coordinates>
</Point>
</Placemark>
<Placemark>
<name>T5 F48 C3 (431)</name>
<styleUrl>#cajaIcon</styleUrl>
<Point>
<coordinates>-58.230861079913915,-32.17787264197219</coordinates>
</Point>
</Placemark>
<Placemark>
<name>T5 F48 C4 (432)</name>
<styleUrl>#cajaIcon</styleUrl>
<Point>
<coordinates>-58.230038807999954,-32.17806295335385</coordinates>
</Point>
</Placemark>
<Placemark>
<name>T5 F48 C7 (433)</name>
<styleUrl>#cajaIcon</styleUrl>
<Point>
<coordinates>-58.231854226085574,-32.1780482359315</coordinates>
</Point>
</Placemark>
<Placemark>
<name>T5 F47 C8 (434)</name>
<styleUrl>#cajaIcon</styleUrl>
<Point>
<coordinates>-58.23155673401945,-32.176069181294196</coordinates>
</Point>
</Placemark>
<Placemark>
<name>T5 F47 C7 (435)</name>
<styleUrl>#cajaIcon</styleUrl>
<Point>
<coordinates>-58.232651570999465,-32.176306910142436</coordinates>
</Point>
</Placemark>
<Placemark>
<name>T5 F47 C6 (436)</name>
<styleUrl>#cajaIcon</styleUrl>
<Point>
<coordinates>-58.23013125649495,-32.176768852238624</coordinates>
</Point>
</Placemark>
<Placemark>
<name>T5 F47 C5 (437)</name>
<styleUrl>#cajaIcon</styleUrl>
<Point>
<coordinates>-58.22972831287432,-32.17549742058446</coordinates>
</Point>
</Placemark>
<Placemark>
<name>T5 F47 C4 (438)</name>
<styleUrl>#cajaIcon</styleUrl>
<Point>
<coordinates>-58.22741295422569,-32.17477909102624</coordinates>
</Point>
</Placemark>
<Placemark>
<name>T5 F46 C7 (439)</name>
<styleUrl>#cajaIcon</styleUrl>
<Point>
<coordinates>-58.22078148501429,-32.179129170752226</coordinates>
</Point>
</Placemark>
<Placemark>
<name>T5 F46 C5 (440)</name>
<styleUrl>#cajaIcon</styleUrl>
<Point>
<coordinates>-58.22117918078425,-32.17816114651328</coordinates>
</Point>
</Placemark>
<Placemark>
<name>T5 F46 C8 (441)</name>
<styleUrl>#cajaIcon</styleUrl>
<Point>
<coordinates>-58.220361223602346,-32.180120749811046</coordinates>
</Point>
</Placemark>
<Placemark>
<name>T5 F46 C3 (442)</name>
<styleUrl>#cajaIcon</styleUrl>
<Point>
<coordinates>-58.2202445036535,-32.17899355086278</coordinates>
</Point>
</Placemark>
<Placemark>
<name>T5 F46 C5 (443)</name>
<styleUrl>#cajaIcon</styleUrl>
<Point>
<coordinates>-58.22001505821487,-32.17919176067926</coordinates>
</Point>
</Placemark>
<Placemark>
<name>T5 F46 C4 (444)</name>
<styleUrl>#cajaIcon</styleUrl>
<Point>
<coordinates>-58.21979064191788,-32.179969999599074</coordinates>
</Point>
</Placemark>
<Placemark>
<name>T5 F46 C2 (445)</name>
<styleUrl>#cajaIcon</styleUrl>
<Point>
<coordinates>-58.22053027548034,-32.17792187878032</coordinates>
</Point>
</Placemark>
<Placemark>
<name>T5 F45 C5 (446)</name>
<styleUrl>#cajaIcon</styleUrl>
<Point>
<coordinates>-58.21957077348874,-32.178877437688975</coordinates>
</Point>
</Placemark>
<Placemark>
<name>T5 F45 C4 (447)</name>
<styleUrl>#cajaIcon</styleUrl>
<Point>
<coordinates>-58.22004510207139,-32.17775355572085</coordinates>
</Point>
</Placemark>
<Placemark>
<name>T5 F45 C3 (448)</name>
<styleUrl>#cajaIcon</styleUrl>
<Point>
<coordinates>-58.22024431437416,-32.17738031948124</coordinates>
</Point>
</Placemark>
<Placemark>
<name>T5 F45 C2 (449)</name>
<styleUrl>#cajaIcon</styleUrl>
<Point>
<coordinates>-58.2234602829837,-32.17865199408242</coordinates>
</Point>
</Placemark>
<Placemark>
<name>T5 F45 C8 (450)</name>
<styleUrl>#cajaIcon</styleUrl>
<Point>
<coordinates>-58.21949505936813,-32.179011594890824</coordinates>
</Point>
</Placemark>
<Placemark>
<name>T5 F45 C7 (451)</name>
<styleUrl>#cajaIcon</styleUrl>
<Point>
<coordinates>-58.21920610963045,-32.179768916083034</coordinates>
</Point>
</Placemark>
<Placemark>
<name>T5 F45 C6 (452)</name>
<styleUrl>#cajaIcon</styleUrl>
<Point>
<coordinates>-58.21876178162482,-32.17860062031211</coordinates>
</Point>
</Placemark>
<Placemark>
<name>T5 F44 C7 (453)</name>
<styleUrl>#cajaIcon</styleUrl>
<Point>
<coordinates>-58.21691787949534,-32.17801306829855</coordinates>
</Point>
</Placemark>
<Placemark>
<name>T5 F44 C6 (454)</name>
<styleUrl>#cajaIcon</styleUrl>
<Point>
<coordinates>-58.21801563181814,-32.17773745269801</coordinates>
</Point>
</Placemark>
<Placemark>
<name>T5 F44 C8 (455)</name>
<styleUrl>#cajaIcon</styleUrl>
<Point>
<coordinates>-58.217512105359255,-32.178909095775964</coordinates>
</Point>
</Placemark>
<Placemark>
<name>T5 F44 C5 (456)</name>
<styleUrl>#cajaIcon</styleUrl>
<Point>
<coordinates>-58.21917653261999,-32.177344216254795</coordinates>
</Point>
</Placemark>
<Placemark>
<name>T5 F44 C4 (457)</name>
<styleUrl>#cajaIcon</styleUrl>
<Point>
<coordinates>-58.21849061594825,-32.17662363081165</coordinates>
</Point>
</Placemark>
<Placemark>
<name>T5 F44 C3 (458)</name>
<styleUrl>#cajaIcon</styleUrl>
<Point>
<coordinates>-58.2174533298953,-32.17679298039642</coordinates>
</Point>
</Placemark>
<Placemark>
<name>T5 F44 C2 (459)</name>
<styleUrl>#cajaIcon</styleUrl>
<Point>
<coordinates>-58.216145140731804,-32.176410659304366</coordinates>
</Point>
</Placemark>
<Placemark>
<name>T5 F41 C8 (460)</name>
<styleUrl>#cajaIcon</styleUrl>
<Point>
<coordinates>-58.21734554583362,-32.17955170376016</coordinates>
</Point>
</Placemark>
<Placemark>
<name>T5 F41 C7 (461)</name>
<styleUrl>#cajaIcon</styleUrl>
<Point>
<coordinates>-58.21737175565569,-32.17945657207742</coordinates>
</Point>
</Placemark>
<Placemark>
<name>T5 F42 C8 (462)</name>
<styleUrl>#cajaIcon</styleUrl>
<Point>
<coordinates>-58.21646126226257,-32.17917209575243</coordinates>
</Point>
</Placemark>
<Placemark>
<name>T5 F42 C5 (463)</name>
<styleUrl>#cajaIcon</styleUrl>
<Point>
<coordinates>-58.2158042376219,-32.17854141346773</coordinates>
</Point>
</Placemark>
<Placemark>
<name>T5 F42 C4 (464)</name>
<styleUrl>#cajaIcon</styleUrl>
<Point>
<coordinates>-58.21637895918724,-32.177252738089386</coordinates>
</Point>
</Placemark>
<Placemark>
<name>T5 F42 C3 (465)</name>
<styleUrl>#cajaIcon</styleUrl>
<Point>
<coordinates>-58.21686248564575,-32.17626199152279</coordinates>
</Point>
</Placemark>
<Placemark>
<name>T5 F42 C7 (466)</name>
<styleUrl>#cajaIcon</styleUrl>
<Point>
<coordinates>-58.21485692213892,-32.17864481323542</coordinates>
</Point>
</Placemark>
<Placemark>
<name>T5 F42 C6 (467)</name>
<styleUrl>#cajaIcon</styleUrl>
<Point>
<coordinates>-58.213047159890024,-32.178096774304464</coordinates>
</Point>
</Placemark>
<Placemark>
<name>T5 F41 C4 (468)</name>
<styleUrl>#cajaIcon</styleUrl>
<Point>
<coordinates>-58.21688881203538,-32.18058397481742</coordinates>
</Point>
</Placemark>
<Placemark>
<name>T5 F41 C3 (469)</name>
<styleUrl>#cajaIcon</styleUrl>
<Point>
<coordinates>-58.21850373499698,-32.18109783564353</coordinates>
</Point>
</Placemark>
<Placemark>
<name>T5 F41 C2 (470)</name>
<styleUrl>#cajaIcon</styleUrl>
<Point>
<coordinates>-58.218458866279796,-32.181192261959374</coordinates>
</Point>
</Placemark>
<Placemark>
<name>T5 F41 C6 (471)</name>
<styleUrl>#cajaIcon</styleUrl>
<Point>
<coordinates>-58.21609024258461,-32.18033396398565</coordinates>
</Point>
</Placemark>
<Placemark>
<name>T5 F41 C5 (472)</name>
<styleUrl>#cajaIcon</styleUrl>
<Point>
<coordinates>-58.215758377503214,-32.18087493045602</coordinates>
</Point>
</Placemark>
<Placemark>
<name>T5 F38 C8 (473)</name>
<styleUrl>#cajaIcon</styleUrl>
<Point>
<coordinates>-58.21667056170313,-32.18104074035806</coordinates>
</Point>
</Placemark>
<Placemark>
<name>T5 F38 C7 (474)</name>
<styleUrl>#cajaIcon</styleUrl>
<Point>
<coordinates>-58.21759738148571,-32.18208542984245</coordinates>
</Point>
</Placemark>
<Placemark>
<name>T5 F38 C6 (475)</name>
<styleUrl>#cajaIcon</styleUrl>
<Point>
<coordinates>-58.22350969899087,-32.18394598453679</coordinates>
</Point>
</Placemark>
<Placemark>
<name>T5 F40 C5 (476)</name>
<styleUrl>#cajaIcon</styleUrl>
<Point>
<coordinates>-58.21560339221883,-32.18318895889863</coordinates>
</Point>
</Placemark>
<Placemark>
<name>T5 F40 C4 (477)</name>
<styleUrl>#cajaIcon</styleUrl>
<Point>
<coordinates>-58.21586965974754,-32.18255362240505</coordinates>
</Point>
</Placemark>
<Placemark>
<name>T5 F40 C3 (478)</name>
<styleUrl>#cajaIcon</styleUrl>
<Point>
<coordinates>-58.2161493383216,-32.181926152486824</coordinates>
</Point>
</Placemark>
<Placemark>
<name>T5 F40 C7 (479)</name>
<styleUrl>#cajaIcon</styleUrl>
<Point>
<coordinates>-58.214516601868,-32.18327069551965</coordinates>
</Point>
</Placemark>
<Placemark>
<name>T2 F40 C6 (480)</name>
<styleUrl>#cajaIcon</styleUrl>
<Point>
<coordinates>-58.21371803241763,-32.183008715801115</coordinates>
</Point>
</Placemark>
<Placemark>
<name>T5 F40 C8 (481)</name>
<styleUrl>#cajaIcon</styleUrl>
<Point>
<coordinates>-58.216089572610656,-32.18385372031614</coordinates>
</Point>
</Placemark>
<Placemark>
<name>T5 F38 C2 (482)</name>
<styleUrl>#cajaIcon</styleUrl>
<Point>
<coordinates>-58.21376190973389,-32.18088272093685</coordinates>
</Point>
</Placemark>
<Placemark>
<name>T5 F38 C4 (483)</name>
<styleUrl>#cajaIcon</styleUrl>
<Point>
<coordinates>-58.21455902151227,-32.181416691359495</coordinates>
</Point>
</Placemark>
<Placemark>
<name>T5 F38 C5 (486)</name>
<styleUrl>#cajaIcon</styleUrl>
<Point>
<coordinates>-58.2154107394419,-32.181387610919664</coordinates>
</Point>
</Placemark>
<Placemark>
<name>T5 F38 C3 (487)</name>
<styleUrl>#cajaIcon</styleUrl>
<Point>
<coordinates>-58.21489770868394,-32.18063938396853</coordinates>
</Point>
</Placemark>
<Placemark>
<name>T5 F37 C5 (488)</name>
<styleUrl>#cajaIcon</styleUrl>
<Point>
<coordinates>-58.21189627293976,-32.18029255911733</coordinates>
</Point>
</Placemark>
<Placemark>
<name>T5 F37 C4 (489)</name>
<styleUrl>#cajaIcon</styleUrl>
<Point>
<coordinates>-58.21270166448054,-32.18112705422605</coordinates>
</Point>
</Placemark>
<Placemark>
<name>T5 F37 C3 (490)</name>
<styleUrl>#cajaIcon</styleUrl>
<Point>
<coordinates>-58.21246099450571,-32.18168685704697</coordinates>
</Point>
</Placemark>
<Placemark>
<name>T5 F37 C2 (491)</name>
<styleUrl>#cajaIcon</styleUrl>
<Point>
<coordinates>-58.211229248299716,-32.1812886650314</coordinates>
</Point>
</Placemark>
<Placemark>
<name>T5 F27 C5 (492)</name>
<styleUrl>#cajaIcon</styleUrl>
<Point>
<coordinates>-58.21286440439752,-32.18485098433875</coordinates>
</Point>
</Placemark>
<Placemark>
<name>T5 F27 C4 (493)</name>
<styleUrl>#cajaIcon</styleUrl>
<Point>
<coordinates>-58.21264256816946,-32.18559836981967</coordinates>
</Point>
</Placemark>
<Placemark>
<name>T5 F27 C8 (494)</name>
<styleUrl>#cajaIcon</styleUrl>
<Point>
<coordinates>-58.21115828632822,-32.184662074458664</coordinates>
</Point>
</Placemark>
<Placemark>
<name>T5 F27 C7 (495)</name>
<styleUrl>#cajaIcon</styleUrl>
<Point>
<coordinates>-58.210936391815814,-32.18517418439797</coordinates>
</Point>
</Placemark>
<Placemark>
<name>T5 F27 C6 (496)</name>
<styleUrl>#cajaIcon</styleUrl>
<Point>
<coordinates>-58.212241403069854,-32.18508798853219</coordinates>
</Point>
</Placemark>
<Placemark>
<name>T5 F37 C7 (497)</name>
<styleUrl>#cajaIcon</styleUrl>
<Point>
<coordinates>-58.21282641605449,-32.179374897341596</coordinates>
</Point>
</Placemark>
<Placemark>
<name>T5 F37 C6 (498)</name>
<styleUrl>#cajaIcon</styleUrl>
<Point>
<coordinates>-58.21310145904561,-32.17997147168296</coordinates>
</Point>
</Placemark>
<Placemark>
<name>T5 F37 C8 (499)</name>
<styleUrl>#cajaIcon</styleUrl>
<Point>
<coordinates>-58.21408241870901,-32.179789289308914</coordinates>
</Point>
</Placemark>
<Placemark>
<name>T5 F36 C8 (500)</name>
<styleUrl>#cajaIcon</styleUrl>
<Point>
<coordinates>-58.215187721959076,-32.177539603724654</coordinates>
</Point>
</Placemark>
<Placemark>
<name>T5 F36 C7 (501)</name>
<styleUrl>#cajaIcon</styleUrl>
<Point>
<coordinates>-58.214283088684645,-32.17733393189926</coordinates>
</Point>
</Placemark>
<Placemark>
<name>T5 F36 C6 (502)</name>
<styleUrl>#cajaIcon</styleUrl>
<Point>
<coordinates>-58.21365690944754,-32.17700744994795</coordinates>
</Point>
</Placemark>
<Placemark>
<name>T5 F36 C5 (503)</name>
<styleUrl>#cajaIcon</styleUrl>
<Point>
<coordinates>-58.21458970591673,-32.17664738896108</coordinates>
</Point>
</Placemark>
<Placemark>
<name>T5 F36 C3 (504)</name>
<styleUrl>#cajaIcon</styleUrl>
<Point>
<coordinates>-58.21593165582856,-32.17534944577779</coordinates>
</Point>
</Placemark>
<Placemark>
<name>T5 F36 C4 (505)</name>
<styleUrl>#cajaIcon</styleUrl>
<Point>
<coordinates>-58.215120899869795,-32.175479770625834</coordinates>
</Point>
</Placemark>
<Placemark>
<name>T5 F36 C2 (506)</name>
<styleUrl>#cajaIcon</styleUrl>
<Point>
<coordinates>-58.21444644087081,-32.17487857738537</coordinates>
</Point>
</Placemark>
<Placemark>
<name>T5 F36 C1 (507)</name>
<styleUrl>#cajaIcon</styleUrl>
<Point>
<coordinates>-58.21292635719561,-32.17442791323089</coordinates>
</Point>
</Placemark>
<Placemark>
<name>T5 F33 C8 (508)</name>
<styleUrl>#cajaIcon</styleUrl>
<Point>
<coordinates>-58.21240490067753,-32.17703447898511</coordinates>
</Point>
</Placemark>
<Placemark>
<name>T5 F33 C7 (509)</name>
<styleUrl>#cajaIcon</styleUrl>
<Point>
<coordinates>-58.21177921714136,-32.176324810173405</coordinates>
</Point>
</Placemark>
<Placemark>
<name>T5 F33 C6 (510)</name>
<styleUrl>#cajaIcon</styleUrl>
<Point>
<coordinates>-58.21285409970246,-32.17599896066152</coordinates>
</Point>
</Placemark>
<Placemark>
<name>T5 F33 C5 (511)</name>
<styleUrl>#cajaIcon</styleUrl>
<Point>
<coordinates>-58.214031777013055,-32.17573632498818</coordinates>
</Point>
</Placemark>
<Placemark>
<name>T5 F33 C4 (512)</name>
<styleUrl>#cajaIcon</styleUrl>
<Point>
<coordinates>-58.21222603807752,-32.17516790498761</coordinates>
</Point>
</Placemark>
<Placemark>
<name>T5 F33 C3 (513)</name>
<styleUrl>#cajaIcon</styleUrl>
<Point>
<coordinates>-58.21327416953439,-32.17502963371441</coordinates>
</Point>
</Placemark>
<Placemark>
<name>T5 F33 C2 (514)</name>
<styleUrl>#cajaIcon</styleUrl>
<Point>
<coordinates>-58.21368527634933,-32.17419324444968</coordinates>
</Point>
</Placemark>
<Placemark>
<name>T5 F32 C6 (515)</name>
<styleUrl>#cajaIcon</styleUrl>
<Point>
<coordinates>-58.21129883916179,-32.17488470437329</coordinates>
</Point>
</Placemark>
<Placemark>
<name>T5 F32 C5 (516)</name>
<styleUrl>#cajaIcon</styleUrl>
<Point>
<coordinates>-58.20974820150261,-32.17443529107731</coordinates>
</Point>
</Placemark>
<Placemark>
<name>T5 F32  C4 (517)</name>
<styleUrl>#cajaIcon</styleUrl>
<Point>
<coordinates>-58.21170463984269,-32.17433884606347</coordinates>
</Point>
</Placemark>
<Placemark>
<name>T5 F32 C3 (518)</name>
<styleUrl>#cajaIcon</styleUrl>
<Point>
<coordinates>-58.21202186934282,-32.17358645261664</coordinates>
</Point>
</Placemark>
<Placemark>
<name>T5 F32 C2 (519)</name>
<styleUrl>#cajaIcon</styleUrl>
<Point>
<coordinates>-58.212328370006766,-32.17295433692876</coordinates>
</Point>
</Placemark>
<Placemark>
<name>T5 F32 C8 (520)</name>
<styleUrl>#cajaIcon</styleUrl>
<Point>
<coordinates>-58.2111597722809,-32.17551730108716</coordinates>
</Point>
</Placemark>
<Placemark>
<name>T5 F32 C7 (521)</name>
<styleUrl>#cajaIcon</styleUrl>
<Point>
<coordinates>-58.21073134767467,-32.176474434260165</coordinates>
</Point>
</Placemark>
<Placemark>
<name>T5 F25 C8 (522)</name>
<styleUrl>#cajaIcon</styleUrl>
<Point>
<coordinates>-58.21084194723978,-32.18053417702578</coordinates>
</Point>
</Placemark>
<Placemark>
<name>T5 F25 C7 (523)</name>
<styleUrl>#cajaIcon</styleUrl>
<Point>
<coordinates>-58.21028757537708,-32.179778860487474</coordinates>
</Point>
</Placemark>
<Placemark>
<name>T5 F25 C6 (524)</name>
<styleUrl>#cajaIcon</styleUrl>
<Point>
<coordinates>-58.208349067095305,-32.17916395148314</coordinates>
</Point>
</Placemark>
<Placemark>
<name>T5 F25 C5 (525)</name>
<styleUrl>#cajaIcon</styleUrl>
<Point>
<coordinates>-58.211228914174214,-32.179659244759776</coordinates>
</Point>
</Placemark>
<Placemark>
<name>T5 F25 C4 (526)</name>
<styleUrl>#cajaIcon</styleUrl>
<Point>
<coordinates>-58.2116319743623,-32.17883424848159</coordinates>
</Point>
</Placemark>
<Placemark>
<name>T5 F24 C8 (527)</name>
<styleUrl>#cajaIcon</styleUrl>
<Point>
<coordinates>-58.20745064364271,-32.17900830773165</coordinates>
</Point>
</Placemark>
<Placemark>
<name>T5 F24 C7 (528)</name>
<styleUrl>#cajaIcon</styleUrl>
<Point>
<coordinates>-58.2078524792947,-32.17836007098928</coordinates>
</Point>
</Placemark>
<Placemark>
<name>T5 F24 C6 (529)</name>
<styleUrl>#cajaIcon</styleUrl>
<Point>
<coordinates>-58.209119210786085,-32.17809694257341</coordinates>
</Point>
</Placemark>
<Placemark>
<name>T5 F24 C5 (530)</name>
<styleUrl>#cajaIcon</styleUrl>
<Point>
<coordinates>-58.21000238638798,-32.17835482736133</coordinates>
</Point>
</Placemark>
<Placemark>
<name>T5 F24 C4 (531)</name>
<styleUrl>#cajaIcon</styleUrl>
<Point>
<coordinates>-58.2083374634258,-32.17723742751997</coordinates>
</Point>
</Placemark>
<Placemark>
<name>T5 F24 C3 (532)</name>
<styleUrl>#cajaIcon</styleUrl>
<Point>
<coordinates>-58.20932731512045,-32.17698926865992</coordinates>
</Point>
</Placemark>
<Placemark>
<name>T5 F24 C2 (533)</name>
<styleUrl>#cajaIcon</styleUrl>
<Point>
<coordinates>-58.21117876817634,-32.17750880145298</coordinates>
</Point>
</Placemark>
<Placemark>
<name>T5 F23 C8 (534)</name>
<styleUrl>#cajaIcon</styleUrl>
<Point>
<coordinates>-58.19856311464203,-32.17599091822992</coordinates>
</Point>
</Placemark>
<Placemark>
<name>T5 F23 C7 (535)</name>
<styleUrl>#cajaIcon</styleUrl>
<Point>
<coordinates>-58.19918611596953,-32.17616480958328</coordinates>
</Point>
</Placemark>
<Placemark>
<name>T5 F22 C8 (536)</name>
<styleUrl>#cajaIcon</styleUrl>
<Point>
<coordinates>-58.19647250756717,-32.17651088864552</coordinates>
</Point>
</Placemark>
<Placemark>
<name>T5 F23 C6 (537)</name>
<styleUrl>#cajaIcon</styleUrl>
<Point>
<coordinates>-58.19681241927561,-32.17544137708766</coordinates>
</Point>
</Placemark>
<Placemark>
<name>T5 F23 C5 (538)</name>
<styleUrl>#cajaIcon</styleUrl>
<Point>
<coordinates>-58.19709550889451,-32.174816345377074</coordinates>
</Point>
</Placemark>
<Placemark>
<name>T5 F23 C4 (539)</name>
<styleUrl>#cajaIcon</styleUrl>
<Point>
<coordinates>-58.19612796027669,-32.17442947559503</coordinates>
</Point>
</Placemark>
<Placemark>
<name>T5 F23 C3 (540)</name>
<styleUrl>#cajaIcon</styleUrl>
<Point>
<coordinates>-58.196246706309715,-32.17410844330115</coordinates>
</Point>
</Placemark>
<Placemark>
<name>T5 F22 C7 (541)</name>
<styleUrl>#cajaIcon</styleUrl>
<Point>
<coordinates>-58.19493924598329,-32.17980462094367</coordinates>
</Point>
</Placemark>
<Placemark>
<name>T5 F22 C6 (542)</name>
<styleUrl>#cajaIcon</styleUrl>
<Point>
<coordinates>-58.19537790372414,-32.180295491345106</coordinates>
</Point>
</Placemark>
<Placemark>
<name>T5 F22 C5 (543)</name>
<styleUrl>#cajaIcon</styleUrl>
<Point>
<coordinates>-58.196635247483535,-32.18069979434642</coordinates>
</Point>
</Placemark>
<Placemark>
<name>T5 F22 C5 (544)</name>
<styleUrl>#cajaIcon</styleUrl>
<Point>
<coordinates>-58.194639567409375,-32.18047575306234</coordinates>
</Point>
</Placemark>
<Placemark>
<name>T5 F22 C4 (545)</name>
<styleUrl>#cajaIcon</styleUrl>
<Point>
<coordinates>-58.19520574664699,-32.181266625876184</coordinates>
</Point>
</Placemark>
<Placemark>
<name>T5 F22 C3 (546)</name>
<styleUrl>#cajaIcon</styleUrl>
<Point>
<coordinates>-58.196386647449614,-32.181642547903444</coordinates>
</Point>
</Placemark>
<Placemark>
<name>T5 F10 C7 (547)</name>
<styleUrl>#cajaIcon</styleUrl>
<Point>
<coordinates>-58.194191375939376,-32.18157033496117</coordinates>
</Point>
</Placemark>
<Placemark>
<name>T5 F10 C6 (548)</name>
<styleUrl>#cajaIcon</styleUrl>
<Point>
<coordinates>-58.193795137840866,-32.18241409221844</coordinates>
</Point>
</Placemark>
<Placemark>
<name>T5 F10 C5 (549)</name>
<styleUrl>#cajaIcon</styleUrl>
<Point>
<coordinates>-58.19437131707787,-32.18273304266871</coordinates>
</Point>
</Placemark>
<Placemark>
<name>T5 F10 C4 (550)</name>
<styleUrl>#cajaIcon</styleUrl>
<Point>
<coordinates>-58.19498493067396,-32.18283200729914</coordinates>
</Point>
</Placemark>
<Placemark>
<name>T5 F10 C3 (551)</name>
<styleUrl>#cajaIcon</styleUrl>
<Point>
<coordinates>-58.195762159019885,-32.18260734053332</coordinates>
</Point>
</Placemark>
<Placemark>
<name>T5 F6 C6 (552)</name>
<styleUrl>#cajaIcon</styleUrl>
<Point>
<coordinates>-58.196355043779576,-32.18330468965823</coordinates>
</Point>
</Placemark>
<Placemark>
<name>T5 F6 C5 (553)</name>
<styleUrl>#cajaIcon</styleUrl>
<Point>
<coordinates>-58.19564364612259,-32.18310059730602</coordinates>
</Point>
</Placemark>
<Placemark>
<name>T5 F6 C7 (554)</name>
<styleUrl>#cajaIcon</styleUrl>
<Point>
<coordinates>-58.19547344241822,-32.18352780365131</coordinates>
</Point>
</Placemark>
<Placemark>
<name>T5 F6 C8 (555)</name>
<styleUrl>#cajaIcon</styleUrl>
<Point>
<coordinates>-58.19664093217553,-32.183897956682</coordinates>
</Point>
</Placemark>
<Placemark>
<name>T5 F6 C4 (556)</name>
<styleUrl>#cajaIcon</styleUrl>
<Point>
<coordinates>-58.19674224385012,-32.18237380821768</coordinates>
</Point>
</Placemark>
<Placemark>
<name>T5 F6 C3 (557)</name>
<styleUrl>#cajaIcon</styleUrl>
<Point>
<coordinates>-58.19712953961908,-32.181508703356236</coordinates>
</Point>
</Placemark>
<Placemark>
<name>T5 F5 C7 (558)</name>
<styleUrl>#cajaIcon</styleUrl>
<Point>
<coordinates>-58.197033154946034,-32.18301843561543</coordinates>
</Point>
</Placemark>
<Placemark>
<name>T5 F5 C6 (559)</name>
<styleUrl>#cajaIcon</styleUrl>
<Point>
<coordinates>-58.19744481574596,-32.18214477321203</coordinates>
</Point>
</Placemark>
<Placemark>
<name>T5 F5 C5 (560)</name>
<styleUrl>#cajaIcon</styleUrl>
<Point>
<coordinates>-58.197642570376914,-32.18170528987878</coordinates>
</Point>
</Placemark>
<Placemark>
<name>T5 F5 C4 (561)</name>
<styleUrl>#cajaIcon</styleUrl>
<Point>
<coordinates>-58.19780245323224,-32.182701633677</coordinates>
</Point>
</Placemark>
<Placemark>
<name>T5 F5 C3 (562)</name>
<styleUrl>#cajaIcon</styleUrl>
<Point>
<coordinates>-58.19820014900226,-32.181851693318784</coordinates>
</Point>
</Placemark>
<Placemark>
<name>T5 F5 C8 (563)</name>
<styleUrl>#cajaIcon</styleUrl>
<Point>
<coordinates>-58.19740743967108,-32.183634058843595</coordinates>
</Point>
</Placemark>
</Folder>
<Style id="botellaIcon">
<IconStyle>
<color>ff0000ff</color>
<scale>1.1</scale>
<Icon>
<href>https://maps.google.com/mapfiles/kml/pushpin/blue-pushpin.png</href>
</Icon>
</IconStyle>
</Style>
<Schema name="botellas" id="botellas">
<SimpleField name="ID" type="string"></SimpleField>
</Schema><Folder><name>botellas</name>
<Placemark>
<name>1</name>
<styleUrl>#botellaIcon</styleUrl>
<Point>
<coordinates>-58.218497467469795,-32.210374837211134</coordinates>
</Point>
</Placemark>
<Placemark>
<name>2</name>
<styleUrl>#botellaIcon</styleUrl>
<Point>
<coordinates>-58.21897221846543,-32.20948205227657</coordinates>
</Point>
</Placemark>
<Placemark>
<name>3</name>
<styleUrl>#botellaIcon</styleUrl>
<Point>
<coordinates>-58.21857793374024,-32.21019919683446</coordinates>
</Point>
</Placemark>
<Placemark>
<name>4</name>
<styleUrl>#botellaIcon</styleUrl>
<Point>
<coordinates>-58.21661992115937,-32.20867640092673</coordinates>
</Point>
</Placemark>
<Placemark>
<name>5</name>
<styleUrl>#botellaIcon</styleUrl>
<Point>
<coordinates>-58.21732265992127,-32.20903951227767</coordinates>
</Point>
</Placemark>
<Placemark>
<name>6</name>
<styleUrl>#botellaIcon</styleUrl>
<Point>
<coordinates>-58.217016888093575,-32.207720108003734</coordinates>
</Point>
</Placemark>
<Placemark>
<name>7</name>
<styleUrl>#botellaIcon</styleUrl>
<Point>
<coordinates>-58.21682913346253,-32.20768010671241</coordinates>
</Point>
</Placemark>
<Placemark>
<name>8</name>
<styleUrl>#botellaIcon</styleUrl>
<Point>
<coordinates>-58.215729427766426,-32.208417683204814</coordinates>
</Point>
</Placemark>
<Placemark>
<name>9</name>
<styleUrl>#botellaIcon</styleUrl>
<Point>
<coordinates>-58.21509106202088,-32.208188467766234</coordinates>
</Point>
</Placemark>
<Placemark>
<name>10</name>
<styleUrl>#botellaIcon</styleUrl>
<Point>
<coordinates>-58.214380276631935,-32.2080886113549</coordinates>
</Point>
</Placemark>
<Placemark>
<name>11</name>
<styleUrl>#botellaIcon</styleUrl>
<Point>
<coordinates>-58.21994049591981,-32.20985196867471</coordinates>
</Point>
</Placemark>
<Placemark>
<name>12</name>
<styleUrl>#botellaIcon</styleUrl>
<Point>
<coordinates>-58.22070760769807,-32.20800010217136</coordinates>
</Point>
</Placemark>
<Placemark>
<name>13</name>
<styleUrl>#botellaIcon</styleUrl>
<Point>
<coordinates>-58.221732211541756,-32.20836995730235</coordinates>
</Point>
</Placemark>
<Placemark>
<name>14</name>
<styleUrl>#botellaIcon</styleUrl>
<Point>
<coordinates>-58.2213620666977,-32.209184756412085</coordinates>
</Point>
</Placemark>
<Placemark>
<name>15</name>
<styleUrl>#botellaIcon</styleUrl>
<Point>
<coordinates>-58.22108848137818,-32.20715213853643</coordinates>
</Point>
</Placemark>
<Placemark>
<name>16</name>
<styleUrl>#botellaIcon</styleUrl>
<Point>
<coordinates>-58.22219355149232,-32.20739642185354</coordinates>
</Point>
</Placemark>
<Placemark>
<name>17</name>
<styleUrl>#botellaIcon</styleUrl>
<Point>
<coordinates>-58.221600783300026,-32.20632521984819</coordinates>
</Point>
</Placemark>
<Placemark>
<name>18</name>
<styleUrl>#botellaIcon</styleUrl>
<Point>
<coordinates>-58.22200847907029,-32.2053459213839</coordinates>
</Point>
</Placemark>
<Placemark>
<name>19</name>
<styleUrl>#botellaIcon</styleUrl>
<Point>
<coordinates>-58.22311220807992,-32.20560124355229</coordinates>
</Point>
</Placemark>
<Placemark>
<name>20</name>
<styleUrl>#botellaIcon</styleUrl>
<Point>
<coordinates>-58.22468264145814,-32.2062480565048</coordinates>
</Point>
</Placemark>
<Placemark>
<name>21</name>
<styleUrl>#botellaIcon</styleUrl>
<Point>
<coordinates>-58.22243446548,-32.204374212433116</coordinates>
</Point>
</Placemark>
<Placemark>
<name>22</name>
<styleUrl>#botellaIcon</styleUrl>
<Point>
<coordinates>-58.22277827305755,-32.203673747913996</coordinates>
</Point>
</Placemark>
<Placemark>
<name>23</name>
<styleUrl>#botellaIcon</styleUrl>
<Point>
<coordinates>-58.223286551665886,-32.202448644822695</coordinates>
</Point>
</Placemark>
<Placemark>
<name>24</name>
<styleUrl>#botellaIcon</styleUrl>
<Point>
<coordinates>-58.22695179028474,-32.203551837404724</coordinates>
</Point>
</Placemark>
<Placemark>
<name>25</name>
<styleUrl>#botellaIcon</styleUrl>
<Point>
<coordinates>-58.22394235177003,-32.20103806931485</coordinates>
</Point>
</Placemark>
<Placemark>
<name>26</name>
<styleUrl>#botellaIcon</styleUrl>
<Point>
<coordinates>-58.224406373929604,-32.19983589958255</coordinates>
</Point>
</Placemark>
<Placemark>
<name>27</name>
<styleUrl>#botellaIcon</styleUrl>
<Point>
<coordinates>-58.22431249661408,-32.1989154658304</coordinates>
</Point>
</Placemark>
<Placemark>
<name>28</name>
<styleUrl>#botellaIcon</styleUrl>
<Point>
<coordinates>-58.22474433226548,-32.19809049615625</coordinates>
</Point>
</Placemark>
<Placemark>
<name>29</name>
<styleUrl>#botellaIcon</styleUrl>
<Point>
<coordinates>-58.22518421454392,-32.19713097373527</coordinates>
</Point>
</Placemark>
<Placemark>
<name>30</name>
<styleUrl>#botellaIcon</styleUrl>
<Point>
<coordinates>-58.22587890667878,-32.19524026191771</coordinates>
</Point>
</Placemark>
<Placemark>
<name>31</name>
<styleUrl>#botellaIcon</styleUrl>
<Point>
<coordinates>-58.221575302314385,-32.21130552129949</coordinates>
</Point>
</Placemark>
<Placemark>
<name>32</name>
<styleUrl>#botellaIcon</styleUrl>
<Point>
<coordinates>-58.22131110472642,-32.21223042398646</coordinates>
</Point>
</Placemark>
<Placemark>
<name>33</name>
<styleUrl>#botellaIcon</styleUrl>
<Point>
<coordinates>-58.22188241524659,-32.212424072947485</coordinates>
</Point>
</Placemark>
<Placemark>
<name>34</name>
<styleUrl>#botellaIcon</styleUrl>
<Point>
<coordinates>-58.22711272282563,-32.21219398113614</coordinates>
</Point>
</Placemark>
<Placemark>
<name>35</name>
<styleUrl>#botellaIcon</styleUrl>
<Point>
<coordinates>-58.22809441132508,-32.21246743893027</coordinates>
</Point>
</Placemark>
<Placemark>
<name>36</name>
<styleUrl>#botellaIcon</styleUrl>
<Point>
<coordinates>-58.22634561104737,-32.21387102470732</coordinates>
</Point>
</Placemark>
<Placemark>
<name>37</name>
<styleUrl>#botellaIcon</styleUrl>
<Point>
<coordinates>-58.22582660360299,-32.21501135128397</coordinates>
</Point>
</Placemark>
<Placemark>
<name>38</name>
<styleUrl>#botellaIcon</styleUrl>
<Point>
<coordinates>-58.21815414471589,-32.211068370271406</coordinates>
</Point>
</Placemark>
<Placemark>
<name>39</name>
<styleUrl>#botellaIcon</styleUrl>
<Point>
<coordinates>-58.217505050134285,-32.212631652846895</coordinates>
</Point>
</Placemark>
<Placemark>
<name>40</name>
<styleUrl>#botellaIcon</styleUrl>
<Point>
<coordinates>-58.21759624524079,-32.21091906732918</coordinates>
</Point>
</Placemark>
<Placemark>
<name>41</name>
<styleUrl>#botellaIcon</styleUrl>
<Point>
<coordinates>-58.21581794066392,-32.2104112793555</coordinates>
</Point>
</Placemark>
<Placemark>
<name>42</name>
<styleUrl>#botellaIcon</styleUrl>
<Point>
<coordinates>-58.21367753787003,-32.209733958698855</coordinates>
</Point>
</Placemark>
<Placemark>
<name>43</name>
<styleUrl>#botellaIcon</styleUrl>
<Point>
<coordinates>-58.21664674324952,-32.213128953761874</coordinates>
</Point>
</Placemark>
<Placemark>
<name>44</name>
<styleUrl>#botellaIcon</styleUrl>
<Point>
<coordinates>-58.215657008123024,-32.212782299926985</coordinates>
</Point>
</Placemark>
<Placemark>
<name>45</name>
<styleUrl>#botellaIcon</styleUrl>
<Point>
<coordinates>-58.216035199594124,-32.21190123287675</coordinates>
</Point>
</Placemark>
<Placemark>
<name>46</name>
<styleUrl>#botellaIcon</styleUrl>
<Point>
<coordinates>-58.216271233987435,-32.21395952817738</coordinates>
</Point>
</Placemark>
<Placemark>
<name>47</name>
<styleUrl>#botellaIcon</styleUrl>
<Point>
<coordinates>-58.21594266338311,-32.21470840024506</coordinates>
</Point>
</Placemark>
<Placemark>
<name>48</name>
<styleUrl>#botellaIcon</styleUrl>
<Point>
<coordinates>-58.2189480785843,-32.21484909673325</coordinates>
</Point>
</Placemark>
<Placemark>
<name>49</name>
<styleUrl>#botellaIcon</styleUrl>
<Point>
<coordinates>-58.219358456563576,-32.213944777605015</coordinates>
</Point>
</Placemark>
<Placemark>
<name>50</name>
<styleUrl>#botellaIcon</styleUrl>
<Point>
<coordinates>-58.220283818673714,-32.21426815498874</coordinates>
</Point>
</Placemark>
<Placemark>
<name>51</name>
<styleUrl>#botellaIcon</styleUrl>
<Point>
<coordinates>-58.21100483315429,-32.20889876642076</coordinates>
</Point>
</Placemark>
<Placemark>
<name>52</name>
<styleUrl>#botellaIcon</styleUrl>
<Point>
<coordinates>-58.21046130669537,-32.210129263518965</coordinates>
</Point>
</Placemark>
<Placemark>
<name>53</name>
<styleUrl>#botellaIcon</styleUrl>
<Point>
<coordinates>-58.20958725625924,-32.2120743826218</coordinates>
</Point>
</Placemark>
<Placemark>
<name>54</name>
<styleUrl>#botellaIcon</styleUrl>
<Point>
<coordinates>-58.208228105124505,-32.21163613378614</coordinates>
</Point>
</Placemark>
<Placemark>
<name>55</name>
<styleUrl>#botellaIcon</styleUrl>
<Point>
<coordinates>-58.206936854619485,-32.21125005308541</coordinates>
</Point>
</Placemark>
<Placemark>
<name>56</name>
<styleUrl>#botellaIcon</styleUrl>
<Point>
<coordinates>-58.2131665770527,-32.21100600769407</coordinates>
</Point>
</Placemark>
<Placemark>
<name>57</name>
<styleUrl>#botellaIcon</styleUrl>
<Point>
<coordinates>-58.21224369229271,-32.21297867250951</coordinates>
</Point>
</Placemark>
<Placemark>
<name>58</name>
<styleUrl>#botellaIcon</styleUrl>
<Point>
<coordinates>-58.21274818072186,-32.211829579474966</coordinates>
</Point>
</Placemark>
<Placemark>
<name>59</name>
<styleUrl>#botellaIcon</styleUrl>
<Point>
<coordinates>-58.21131209092941,-32.21136723337834</coordinates>
</Point>
</Placemark>
<Placemark>
<name>60</name>
<styleUrl>#botellaIcon</styleUrl>
<Point>
<coordinates>-58.21174036953735,-32.21409655953661</coordinates>
</Point>
</Placemark>
<Placemark>
<name>61</name>
<styleUrl>#botellaIcon</styleUrl>
<Point>
<coordinates>-58.21040474601513,-32.21360993034971</coordinates>
</Point>
</Placemark>
<Placemark>
<name>62</name>
<styleUrl>#botellaIcon</styleUrl>
<Point>
<coordinates>-58.21297538079084,-32.21447882520792</coordinates>
</Point>
</Placemark>
<Placemark>
<name>63</name>
<styleUrl>#botellaIcon</styleUrl>
<Point>
<coordinates>-58.214666863277294,-32.2149498410408</coordinates>
</Point>
</Placemark>
<Placemark>
<name>64</name>
<styleUrl>#botellaIcon</styleUrl>
<Point>
<coordinates>-58.214922811689135,-32.21446887255428</coordinates>
</Point>
</Placemark>
<Placemark>
<name>65</name>
<styleUrl>#botellaIcon</styleUrl>
<Point>
<coordinates>-58.21560799779115,-32.215669340650415</coordinates>
</Point>
</Placemark>
<Placemark>
<name>66</name>
<styleUrl>#botellaIcon</styleUrl>
<Point>
<coordinates>-58.21406914038621,-32.216333740142694</coordinates>
</Point>
</Placemark>
<Placemark>
<name>67</name>
<styleUrl>#botellaIcon</styleUrl>
<Point>
<coordinates>-58.21322960896455,-32.21604773509108</coordinates>
</Point>
</Placemark>
<Placemark>
<name>68</name>
<styleUrl>#botellaIcon</styleUrl>
<Point>
<coordinates>-58.213827974710185,-32.21717838628901</coordinates>
</Point>
</Placemark>
<Placemark>
<name>69</name>
<styleUrl>#botellaIcon</styleUrl>
<Point>
<coordinates>-58.21587033087597,-32.20439395656035</coordinates>
</Point>
</Placemark>
<Placemark>
<name>70</name>
<styleUrl>#botellaIcon</styleUrl>
<Point>
<coordinates>-58.21453616502661,-32.203893911250105</coordinates>
</Point>
</Placemark>
<Placemark>
<name>71</name>
<styleUrl>#botellaIcon</styleUrl>
<Point>
<coordinates>-58.213259666671235,-32.20348212812381</coordinates>
</Point>
</Placemark>
<Placemark>
<name>72</name>
<styleUrl>#botellaIcon</styleUrl>
<Point>
<coordinates>-58.21639344877207,-32.20336404066879</coordinates>
</Point>
</Placemark>
<Placemark>
<name>73</name>
<styleUrl>#botellaIcon</styleUrl>
<Point>
<coordinates>-58.2136605692042,-32.202536350090114</coordinates>
</Point>
</Placemark>
<Placemark>
<name>74</name>
<styleUrl>#botellaIcon</styleUrl>
<Point>
<coordinates>-58.21406871681789,-32.201808230832135</coordinates>
</Point>
</Placemark>
<Placemark>
<name>75</name>
<styleUrl>#botellaIcon</styleUrl>
<Point>
<coordinates>-58.2111694820084,-32.2017282095914</coordinates>
</Point>
</Placemark>
<Placemark>
<name>76</name>
<styleUrl>#botellaIcon</styleUrl>
<Point>
<coordinates>-58.21075178623775,-32.20269895074296</coordinates>
</Point>
</Placemark>
<Placemark>
<name>77</name>
<styleUrl>#botellaIcon</styleUrl>
<Point>
<coordinates>-58.21540756268464,-32.205455230810855</coordinates>
</Point>
</Placemark>
<Placemark>
<name>78</name>
<styleUrl>#botellaIcon</styleUrl>
<Point>
<coordinates>-58.21664793835538,-32.205868695451706</coordinates>
</Point>
</Placemark>
<Placemark>
<name>79</name>
<styleUrl>#botellaIcon</styleUrl>
<Point>
<coordinates>-58.21418995520276,-32.2050933819138</coordinates>
</Point>
</Placemark>
<Placemark>
<name>80</name>
<styleUrl>#botellaIcon</styleUrl>
<Point>
<coordinates>-58.21270389599763,-32.20461853296634</coordinates>
</Point>
</Placemark>
<Placemark>
<name>81</name>
<styleUrl>#botellaIcon</styleUrl>
<Point>
<coordinates>-58.21237701504386,-32.20538574474402</coordinates>
</Point>
</Placemark>
<Placemark>
<name>82</name>
<styleUrl>#botellaIcon</styleUrl>
<Point>
<coordinates>-58.21117293633179,-32.20500417931683</coordinates>
</Point>
</Placemark>
<Placemark>
<name>83</name>
<styleUrl>#botellaIcon</styleUrl>
<Point>
<coordinates>-58.2108383890412,-32.205754472825774</coordinates>
</Point>
</Placemark>
<Placemark>
<name>84</name>
<styleUrl>#botellaIcon</styleUrl>
<Point>
<coordinates>-58.21147101123579,-32.20423267432768</coordinates>
</Point>
</Placemark>
<Placemark>
<name>85</name>
<styleUrl>#botellaIcon</styleUrl>
<Point>
<coordinates>-58.21010751767121,-32.20380829939462</coordinates>
</Point>
</Placemark>
<Placemark>
<name>86</name>
<styleUrl>#botellaIcon</styleUrl>
<Point>
<coordinates>-58.21293290344088,-32.207633147280184</coordinates>
</Point>
</Placemark>
<Placemark>
<name>87</name>
<styleUrl>#botellaIcon</styleUrl>
<Point>
<coordinates>-58.2117481547544,-32.207244661636416</coordinates>
</Point>
</Placemark>
<Placemark>
<name>88</name>
<styleUrl>#botellaIcon</styleUrl>
<Point>
<coordinates>-58.21213115607978,-32.20633471333543</coordinates>
</Point>
</Placemark>
<Placemark>
<name>89</name>
<styleUrl>#botellaIcon</styleUrl>
<Point>
<coordinates>-58.212587336473,-32.20839541367408</coordinates>
</Point>
</Placemark>
<Placemark>
<name>90</name>
<styleUrl>#botellaIcon</styleUrl>
<Point>
<coordinates>-58.209943377790545,-32.207590898984826</coordinates>
</Point>
</Placemark>
<Placemark>
<name>91</name>
<styleUrl>#botellaIcon</styleUrl>
<Point>
<coordinates>-58.20808043763199,-32.207038985081674</coordinates>
</Point>
</Placemark>
<Placemark>
<name>92</name>
<styleUrl>#botellaIcon</styleUrl>
<Point>
<coordinates>-58.2134055267898,-32.206588482794054</coordinates>
</Point>
</Placemark>
<Placemark>
<name>93</name>
<styleUrl>#botellaIcon</styleUrl>
<Point>
<coordinates>-58.21506205226531,-32.206237726047036</coordinates>
</Point>
</Placemark>
<Placemark>
<name>94</name>
<styleUrl>#botellaIcon</styleUrl>
<Point>
<coordinates>-58.21855781717263,-32.21555371054804</coordinates>
</Point>
</Placemark>
<Placemark>
<name>95</name>
<styleUrl>#botellaIcon</styleUrl>
<Point>
<coordinates>-58.22022953279389,-32.2162111395986</coordinates>
</Point>
</Placemark>
<Placemark>
<name>96</name>
<styleUrl>#botellaIcon</styleUrl>
<Point>
<coordinates>-58.21753003541933,-32.215219626524856</coordinates>
</Point>
</Placemark>
<Placemark>
<name>97</name>
<styleUrl>#botellaIcon</styleUrl>
<Point>
<coordinates>-58.22960192935853,-32.19447393286221</coordinates>
</Point>
</Placemark>
<Placemark>
<name>98</name>
<styleUrl>#botellaIcon</styleUrl>
<Point>
<coordinates>-58.23003618465455,-32.19345912081225</coordinates>
</Point>
</Placemark>
<Placemark>
<name>99</name>
<styleUrl>#botellaIcon</styleUrl>
<Point>
<coordinates>-58.22888402197247,-32.19307166833009</coordinates>
</Point>
</Placemark>
<Placemark>
<name>100</name>
<styleUrl>#botellaIcon</styleUrl>
<Point>
<coordinates>-58.230422501976925,-32.19251754792148</coordinates>
</Point>
</Placemark>
<Placemark>
<name>101</name>
<styleUrl>#botellaIcon</styleUrl>
<Point>
<coordinates>-58.22767140093129,-32.191628404003104</coordinates>
</Point>
</Placemark>
<Placemark>
<name>102</name>
<styleUrl>#botellaIcon</styleUrl>
<Point>
<coordinates>-58.2313141321924,-32.19057511285397</coordinates>
</Point>
</Placemark>
<Placemark>
<name>103</name>
<styleUrl>#botellaIcon</styleUrl>
<Point>
<coordinates>-58.229812823979714,-32.190103186570305</coordinates>
</Point>
</Placemark>
<Placemark>
<name>104</name>
<styleUrl>#botellaIcon</styleUrl>
<Point>
<coordinates>-58.23171000558443,-32.18967184682213</coordinates>
</Point>
</Placemark>
<Placemark>
<name>105</name>
<styleUrl>#botellaIcon</styleUrl>
<Point>
<coordinates>-58.23194589397843,-32.18884005146209</coordinates>
</Point>
</Placemark>
<Placemark>
<name>106</name>
<styleUrl>#botellaIcon</styleUrl>
<Point>
<coordinates>-58.23275340838395,-32.18702326687788</coordinates>
</Point>
</Placemark>
<Placemark>
<name>107</name>
<styleUrl>#botellaIcon</styleUrl>
<Point>
<coordinates>-58.229093481258,-32.187962008004</coordinates>
</Point>
</Placemark>
<Placemark>
<name>108</name>
<styleUrl>#botellaIcon</styleUrl>
<Point>
<coordinates>-58.22955741034343,-32.18691822099767</coordinates>
</Point>
</Placemark>
<Placemark>
<name>109</name>
<styleUrl>#botellaIcon</styleUrl>
<Point>
<coordinates>-58.229922044770625,-32.18611182419431</coordinates>
</Point>
</Placemark>
<Placemark>
<name>110</name>
<styleUrl>#botellaIcon</styleUrl>
<Point>
<coordinates>-58.23097848541933,-32.18745855520653</coordinates>
</Point>
</Placemark>
<Placemark>
<name>Torre Colazo (111)</name>
<styleUrl>#botellaIcon</styleUrl>
<Point>
<coordinates>-58.230051023938614,-32.18316079439975</coordinates>
</Point>
</Placemark>
<Placemark>
<name>112</name>
<styleUrl>#botellaIcon</styleUrl>
<Point>
<coordinates>-58.23145209901577,-32.179022385364426</coordinates>
</Point>
</Placemark>
<Placemark>
<name>113</name>
<styleUrl>#botellaIcon</styleUrl>
<Point>
<coordinates>-58.23059183875828,-32.17876720447742</coordinates>
</Point>
</Placemark>
<Placemark>
<name>114</name>
<styleUrl>#botellaIcon</styleUrl>
<Point>
<coordinates>-58.23077836885229,-32.17830224467971</coordinates>
</Point>
</Placemark>
<Placemark>
<name>115</name>
<styleUrl>#botellaIcon</styleUrl>
<Point>
<coordinates>-58.23050871913024,-32.175754965414995</coordinates>
</Point>
</Placemark>
<Placemark>
<name>116</name>
<styleUrl>#botellaIcon</styleUrl>
<Point>
<coordinates>-58.22074052304252,-32.179216357092244</coordinates>
</Point>
</Placemark>
<Placemark>
<name>117</name>
<styleUrl>#botellaIcon</styleUrl>
<Point>
<coordinates>-58.220216996583716,-32.17904787576233</coordinates>
</Point>
</Placemark>
<Placemark>
<name>118</name>
<styleUrl>#botellaIcon</styleUrl>
<Point>
<coordinates>-58.21957077348874,-32.178877437688975</coordinates>
</Point>
</Placemark>
<Placemark>
<name>119</name>
<styleUrl>#botellaIcon</styleUrl>
<Point>
<coordinates>-58.217770093125566,-32.178309114971114</coordinates>
</Point>
</Placemark>
<Placemark>
<name>120</name>
<styleUrl>#botellaIcon</styleUrl>
<Point>
<coordinates>-58.21828531039135,-32.17707838265786</coordinates>
</Point>
</Placemark>
<Placemark>
<name>121</name>
<styleUrl>#botellaIcon</styleUrl>
<Point>
<coordinates>-58.217242893055165,-32.179515165122474</coordinates>
</Point>
</Placemark>
<Placemark>
<name>122</name>
<styleUrl>#botellaIcon</styleUrl>
<Point>
<coordinates>-58.21565062287206,-32.1789146450758</coordinates>
</Point>
</Placemark>
<Placemark>
<name>123</name>
<styleUrl>#botellaIcon</styleUrl>
<Point>
<coordinates>-58.21688881203538,-32.18058397481742</coordinates>
</Point>
</Placemark>
<Placemark>
<name>124</name>
<styleUrl>#botellaIcon</styleUrl>
<Point>
<coordinates>-58.21639770521954,-32.18171632006181</coordinates>
</Point>
</Placemark>
<Placemark>
<name>125</name>
<styleUrl>#botellaIcon</styleUrl>
<Point>
<coordinates>-58.21546050630541,-32.18357125227515</coordinates>
</Point>
</Placemark>
<Placemark>
<name>126</name>
<styleUrl>#botellaIcon</styleUrl>
<Point>
<coordinates>-58.214700449753515,-32.181150843017086</coordinates>
</Point>
</Placemark>
<Placemark>
<name>127</name>
<styleUrl>#botellaIcon</styleUrl>
<Point>
<coordinates>-58.212940541506995,-32.180630950284666</coordinates>
</Point>
</Placemark>
<Placemark>
<name>128</name>
<styleUrl>#botellaIcon</styleUrl>
<Point>
<coordinates>-58.2113077611975,-32.18434291669003</coordinates>
</Point>
</Placemark>
<Placemark>
<name>129</name>
<styleUrl>#botellaIcon</styleUrl>
<Point>
<coordinates>-58.21328702716862,-32.179527197639054</coordinates>
</Point>
</Placemark>
<Placemark>
<name>130</name>
<styleUrl>#botellaIcon</styleUrl>
<Point>
<coordinates>-58.214357461701034,-32.17720998810202</coordinates>
</Point>
</Placemark>
<Placemark>
<name>131</name>
<styleUrl>#botellaIcon</styleUrl>
<Point>
<coordinates>-58.215255622588735,-32.17510722791095</coordinates>
</Point>
</Placemark>
<Placemark>
<name>132</name>
<styleUrl>#botellaIcon</styleUrl>
<Point>
<coordinates>-58.21257973996464,-32.17668512525521</coordinates>
</Point>
</Placemark>
<Placemark>
<name>133</name>
<styleUrl>#botellaIcon</styleUrl>
<Point>
<coordinates>-58.213132508157095,-32.175430756631606</coordinates>
</Point>
</Placemark>
<Placemark>
<name>134</name>
<styleUrl>#botellaIcon</styleUrl>
<Point>
<coordinates>-58.21129883916179,-32.17488470437329</coordinates>
</Point>
</Placemark>
<Placemark>
<name>135</name>
<styleUrl>#botellaIcon</styleUrl>
<Point>
<coordinates>-58.211071888379124,-32.18001725849819</coordinates>
</Point>
</Placemark>
<Placemark>
<name>136</name>
<styleUrl>#botellaIcon</styleUrl>
<Point>
<coordinates>-58.20759084734784,-32.178939282754946</coordinates>
</Point>
</Placemark>
<Placemark>
<name>137</name>
<styleUrl>#botellaIcon</styleUrl>
<Point>
<coordinates>-58.208095831478865,-32.17778680999482</coordinates>
</Point>
</Placemark>
<Placemark>
<name>138</name>
<styleUrl>#botellaIcon</styleUrl>
<Point>
<coordinates>-58.19694769597905,-32.17549691785813</coordinates>
</Point>
</Placemark>
<Placemark>
<name>139</name>
<styleUrl>#botellaIcon</styleUrl>
<Point>
<coordinates>-58.19480843000956,-32.18009725674284</coordinates>
</Point>
</Placemark>
<Placemark>
<name>140</name>
<styleUrl>#botellaIcon</styleUrl>
<Point>
<coordinates>-58.194407060628684,-32.18100307430238</coordinates>
</Point>
</Placemark>
<Placemark>
<name>141</name>
<styleUrl>#botellaIcon</styleUrl>
<Point>
<coordinates>-58.19395193050054,-32.18205024994697</coordinates>
</Point>
</Placemark>
<Placemark>
<name>142</name>
<styleUrl>#botellaIcon</styleUrl>
<Point>
<coordinates>-58.19514367670704,-32.18242565822031</coordinates>
</Point>
</Placemark>
<Placemark>
<name>143</name>
<styleUrl>#botellaIcon</styleUrl>
<Point>
<coordinates>-58.19653268184335,-32.18286294195745</coordinates>
</Point>
</Placemark>
<Placemark>
<name>144</name>
<styleUrl>#botellaIcon</styleUrl>
<Point>
<coordinates>-58.19616204129893,-32.18373303012935</coordinates>
</Point>
</Placemark>
<Placemark>
<name>145</name>
<styleUrl>#botellaIcon</styleUrl>
<Point>
<coordinates>-58.197583736630115,-32.18319458286253</coordinates>
</Point>
</Placemark>
</Folder>
<Schema name="cables" id="cables">
<SimpleField name="ID" type="string"></SimpleField>
</Schema><Folder><name>cables</name>
<Placemark>
<name>T1 (1)</name>
<Style>
<LineStyle>
<color>ff00ff00</color>
</LineStyle>
<PolyStyle>
<fill>0</fill>
</PolyStyle>
</Style>
<MultiGeometry>
<LineString>
<coordinates>-58.218345819117346,-32.21070097136606 -58.218497467469795,-32.210374837211134</coordinates>
</LineString>
</MultiGeometry>
</Placemark>
<Placemark>
<name>T2 (2)</name>
<Style>
<LineStyle>
<color>ff00ff00</color>
</LineStyle>
<PolyStyle>
<fill>0</fill>
</PolyStyle>
</Style>
<MultiGeometry>
<LineString>
<coordinates>-58.218345819117346,-32.21070097136606 -58.21815414471589,-32.211068370271406</coordinates>
</LineString>
</MultiGeometry>
</Placemark>
<Placemark>
<name>T1#1a24+25a32 (3)</name>
<Style>
<LineStyle>
<color>ff00ff00</color>
</LineStyle>
<PolyStyle>
<fill>0</fill>
</PolyStyle>
</Style>
<MultiGeometry>
<LineString>
<coordinates>-58.218497467469795,-32.210374837211134 -58.21865303559266,-32.210260463562534 -58.21897221846543,-32.20948205227657</coordinates>
</LineString>
</MultiGeometry>
</Placemark>
<Placemark>
<name>4</name>
<Style>
<LineStyle>
<color>ff00ff00</color>
</LineStyle>
<PolyStyle>
<fill>0</fill>
</PolyStyle>
</Style>
<MultiGeometry>
<LineString>
<coordinates>-58.21897221846543,-32.20948205227657 -58.21885151905976,-32.209536518589154 -58.21857793374024,-32.21019919683446</coordinates>
</LineString>
</MultiGeometry>
</Placemark>
<Placemark>
<name>5</name>
<Style>
<LineStyle>
<color>ff00ff00</color>
</LineStyle>
<PolyStyle>
<fill>0</fill>
</PolyStyle>
</Style>
<MultiGeometry>
<LineString>
<coordinates>-58.21857793374024,-32.21019919683446 -58.21857793374024,-32.21019919683446</coordinates>
</LineString>
</MultiGeometry>
</Placemark>
<Placemark>
<name>6</name>
<Style>
<LineStyle>
<color>ff00ff00</color>
</LineStyle>
<PolyStyle>
<fill>0</fill>
</PolyStyle>
</Style>
<MultiGeometry>
<LineString>
<coordinates>-58.21857793374024,-32.21019919683446 -58.21865303559266,-32.210260463562534</coordinates>
</LineString>
</MultiGeometry>
</Placemark>
<Placemark>
<name>7</name>
<Style>
<LineStyle>
<color>ff00ff00</color>
</LineStyle>
<PolyStyle>
<fill>0</fill>
</PolyStyle>
</Style>
<MultiGeometry>
<LineString>
<coordinates>-58.21857793374024,-32.21019919683446 -58.21792749805413,-32.21010387407244</coordinates>
</LineString>
</MultiGeometry>
</Placemark>
<Placemark>
<name>8</name>
<Style>
<LineStyle>
<color>ff00ff00</color>
</LineStyle>
<PolyStyle>
<fill>0</fill>
</PolyStyle>
</Style>
<MultiGeometry>
<LineString>
<coordinates>-58.21897221846543,-32.20948205227657 -58.218729478549584,-32.20943325951052</coordinates>
</LineString>
</MultiGeometry>
</Placemark>
<Placemark>
<name>9</name>
<Style>
<LineStyle>
<color>ff00ff00</color>
</LineStyle>
<PolyStyle>
<fill>0</fill>
</PolyStyle>
</Style>
<MultiGeometry>
<LineString>
<coordinates>-58.218729478549584,-32.20943325951052 -58.218771052789315,-32.20934815578614</coordinates>
</LineString>
</MultiGeometry>
</Placemark>
<Placemark>
<name>10</name>
<Style>
<LineStyle>
<color>ff00ff00</color>
</LineStyle>
<PolyStyle>
<fill>0</fill>
</PolyStyle>
</Style>
<MultiGeometry>
<LineString>
<coordinates>-58.21897221846543,-32.20948205227657 -58.21931285901032,-32.20873377104981</coordinates>
</LineString>
</MultiGeometry>
</Placemark>
<Placemark>
<name>11</name>
<Style>
<LineStyle>
<color>ff00ff00</color>
</LineStyle>
<PolyStyle>
<fill>0</fill>
</PolyStyle>
</Style>
<MultiGeometry>
<LineString>
<coordinates>-58.21931285901032,-32.20873377104981 -58.219406736325844,-32.20853342543456 -58.218902481031044,-32.20840627933645</coordinates>
</LineString>
</MultiGeometry>
</Placemark>
<Placemark>
<name>12</name>
<Style>
<LineStyle>
<color>ff00ff00</color>
</LineStyle>
<PolyStyle>
<fill>0</fill>
</PolyStyle>
</Style>
<MultiGeometry>
<LineString>
<coordinates>-58.218902481031044,-32.20840627933645 -58.21880323929749,-32.208585622862515</coordinates>
</LineString>
</MultiGeometry>
</Placemark>
<Placemark>
<name>T1#1a12 (13)</name>
<Style>
<LineStyle>
<color>ff00ff00</color>
</LineStyle>
<PolyStyle>
<fill>0</fill>
</PolyStyle>
</Style>
<MultiGeometry>
<LineString>
<coordinates>-58.21897221846543,-32.20948205227657 -58.21901513380967,-32.20939124050032 -58.218771052789315,-32.20934815578614 -58.21781618638001,-32.20906220668889 -58.21661992115937,-32.20867640092673</coordinates>
</LineString>
</MultiGeometry>
</Placemark>
<Placemark>
<name>14</name>
<Style>
<LineStyle>
<color>ff00ff00</color>
</LineStyle>
<PolyStyle>
<fill>0</fill>
</PolyStyle>
</Style>
<MultiGeometry>
<LineString>
<coordinates>-58.21661992115937,-32.20867640092673 -58.21638925118409,-32.208626473002646</coordinates>
</LineString>
</MultiGeometry>
</Placemark>
<Placemark>
<name>15</name>
<Style>
<LineStyle>
<color>ff00ff00</color>
</LineStyle>
<PolyStyle>
<fill>0</fill>
</PolyStyle>
</Style>
<MultiGeometry>
<LineString>
<coordinates>-58.21661992115937,-32.20867640092673 -58.21650995058976,-32.20884380822299 -58.21641070885621,-32.208832992874626</coordinates>
</LineString>
</MultiGeometry>
</Placemark>
<Placemark>
<name>16</name>
<Style>
<LineStyle>
<color>ff00ff00</color>
</LineStyle>
<PolyStyle>
<fill>0</fill>
</PolyStyle>
</Style>
<MultiGeometry>
<LineString>
<coordinates>-58.21661992115937,-32.20867640092673 -58.21674598498307,-32.2086886346824</coordinates>
</LineString>
</MultiGeometry>
</Placemark>
<Placemark>
<name>17</name>
<Style>
<LineStyle>
<color>ff00ff00</color>
</LineStyle>
<PolyStyle>
<fill>0</fill>
</PolyStyle>
</Style>
<MultiGeometry>
<LineString>
<coordinates>-58.21661992115937,-32.20867640092673 -58.21658237023316,-32.20875810110708 -58.21732265992127,-32.20903951227767</coordinates>
</LineString>
</MultiGeometry>
</Placemark>
<Placemark>
<name>18</name>
<Style>
<LineStyle>
<color>ff00ff00</color>
</LineStyle>
<PolyStyle>
<fill>0</fill>
</PolyStyle>
</Style>
<MultiGeometry>
<LineString>
<coordinates>-58.21732265992127,-32.20903951227767 -58.2175613765236,-32.20912348157118</coordinates>
</LineString>
</MultiGeometry>
</Placemark>
<Placemark>
<name>19</name>
<Style>
<LineStyle>
<color>ff00ff00</color>
</LineStyle>
<PolyStyle>
<fill>0</fill>
</PolyStyle>
</Style>
<MultiGeometry>
<LineString>
<coordinates>-58.2175613765236,-32.20912348157118 -58.21781618638001,-32.20906220668889</coordinates>
</LineString>
</MultiGeometry>
</Placemark>
<Placemark>
<name>20</name>
<Style>
<LineStyle>
<color>ff00ff00</color>
</LineStyle>
<PolyStyle>
<fill>0</fill>
</PolyStyle>
</Style>
<MultiGeometry>
<LineString>
<coordinates>-58.21732265992127,-32.20903951227767 -58.217000794839485,-32.20962956513103</coordinates>
</LineString>
</MultiGeometry>
</Placemark>
<Placemark>
<name>21</name>
<Style>
<LineStyle>
<color>ff00ff00</color>
</LineStyle>
<PolyStyle>
<fill>0</fill>
</PolyStyle>
</Style>
<MultiGeometry>
<LineString>
<coordinates>-58.217000794839485,-32.20962956513103 -58.21685595555268,-32.210007055353465</coordinates>
</LineString>
</MultiGeometry>
</Placemark>
<Placemark>
<name>T1#5a11+s12c5 (22)</name>
<Style>
<LineStyle>
<color>ff00ff00</color>
</LineStyle>
<PolyStyle>
<fill>0</fill>
</PolyStyle>
</Style>
<MultiGeometry>
<LineString>
<coordinates>-58.21661992115937,-32.20867640092673 -58.217016888093575,-32.207720108003734</coordinates>
</LineString>
</MultiGeometry>
</Placemark>
<Placemark>
<name>23</name>
<Style>
<LineStyle>
<color>ff00ff00</color>
</LineStyle>
<PolyStyle>
<fill>0</fill>
</PolyStyle>
</Style>
<MultiGeometry>
<LineString>
<coordinates>-58.217016888093575,-32.207720108003734 -58.2170034770485,-32.20786271142446</coordinates>
</LineString>
</MultiGeometry>
</Placemark>
<Placemark>
<name>24</name>
<Style>
<LineStyle>
<color>ff00ff00</color>
</LineStyle>
<PolyStyle>
<fill>0</fill>
</PolyStyle>
</Style>
<MultiGeometry>
<LineString>
<coordinates>-58.217016888093575,-32.207720108003734 -58.21756942315064,-32.20791386237129</coordinates>
</LineString>
</MultiGeometry>
</Placemark>
<Placemark>
<name>25</name>
<Style>
<LineStyle>
<color>ff00ff00</color>
</LineStyle>
<PolyStyle>
<fill>0</fill>
</PolyStyle>
</Style>
<MultiGeometry>
<LineString>
<coordinates>-58.21756942315064,-32.20791386237129 -58.21804685635529,-32.20800464110598</coordinates>
</LineString>
</MultiGeometry>
</Placemark>
<Placemark>
<name>26</name>
<Style>
<LineStyle>
<color>ff00ff00</color>
</LineStyle>
<PolyStyle>
<fill>0</fill>
</PolyStyle>
</Style>
<MultiGeometry>
<LineString>
<coordinates>-58.21804685635529,-32.20800464110598 -58.21855379385911,-32.20795244334462 -58.21892662091218,-32.20760521399566</coordinates>
</LineString>
</MultiGeometry>
</Placemark>
<Placemark>
<name>27</name>
<Style>
<LineStyle>
<color>ff00ff00</color>
</LineStyle>
<PolyStyle>
<fill>0</fill>
</PolyStyle>
</Style>
<MultiGeometry>
<LineString>
<coordinates>-58.217016888093575,-32.207720108003734 -58.21682913346253,-32.20768010671241</coordinates>
</LineString>
</MultiGeometry>
</Placemark>
<Placemark>
<name>29</name>
<Style>
<LineStyle>
<color>ff00ff00</color>
</LineStyle>
<PolyStyle>
<fill>0</fill>
</PolyStyle>
</Style>
<MultiGeometry>
<LineString>
<coordinates>-58.21682913346253,-32.20768010671241 -58.21722341818772,-32.2071143348802</coordinates>
</LineString>
</MultiGeometry>
</Placemark>
<Placemark>
<name>30</name>
<Style>
<LineStyle>
<color>ff00ff00</color>
</LineStyle>
<PolyStyle>
<fill>0</fill>
</PolyStyle>
</Style>
<MultiGeometry>
<LineString>
<coordinates>-58.21722341818772,-32.2071143348802 -58.21711881203614,-32.20701093166818 -58.21648849291764,-32.206789325942985</coordinates>
</LineString>
</MultiGeometry>
</Placemark>
<Placemark>
<name>31</name>
<Style>
<LineStyle>
<color>ff00ff00</color>
</LineStyle>
<PolyStyle>
<fill>0</fill>
</PolyStyle>
</Style>
<MultiGeometry>
<LineString>
<coordinates>-58.21682913346253,-32.20768010671241 -58.21659578127824,-32.20759386660891</coordinates>
</LineString>
</MultiGeometry>
</Placemark>
<Placemark>
<name>32</name>
<Style>
<LineStyle>
<color>ff00ff00</color>
</LineStyle>
<PolyStyle>
<fill>0</fill>
</PolyStyle>
</Style>
<MultiGeometry>
<LineString>
<coordinates>-58.21682913346253,-32.20768010671241 -58.21670575184785,-32.20778677199051 -58.21630878491364,-32.207652873004385</coordinates>
</LineString>
</MultiGeometry>
</Placemark>
<Placemark>
<name>33</name>
<Style>
<LineStyle>
<color>ff00ff00</color>
</LineStyle>
<PolyStyle>
<fill>0</fill>
</PolyStyle>
</Style>
<MultiGeometry>
<LineString>
<coordinates>-58.21630878491364,-32.207652873004385 -58.215745521020516,-32.20749698402649</coordinates>
</LineString>
</MultiGeometry>
</Placemark>
<Placemark>
<name>T1#1a4 (34)</name>
<Style>
<LineStyle>
<color>ff00ff00</color>
</LineStyle>
<PolyStyle>
<fill>0</fill>
</PolyStyle>
</Style>
<MultiGeometry>
<LineString>
<coordinates>-58.21661992115937,-32.20867640092673 -58.21638925118409,-32.208626473002646 -58.215729427766426,-32.208417683204814</coordinates>
</LineString>
</MultiGeometry>
</Placemark>
<Placemark>
<name>35</name>
<Style>
<LineStyle>
<color>ff00ff00</color>
</LineStyle>
<PolyStyle>
<fill>0</fill>
</PolyStyle>
</Style>
<MultiGeometry>
<LineString>
<coordinates>-58.215729427766426,-32.208417683204814 -58.21563152713738,-32.20838931498883</coordinates>
</LineString>
</MultiGeometry>
</Placemark>
<Placemark>
<name>36</name>
<Style>
<LineStyle>
<color>ff00ff00</color>
</LineStyle>
<PolyStyle>
<fill>0</fill>
</PolyStyle>
</Style>
<MultiGeometry>
<LineString>
<coordinates>-58.215729427766426,-32.208417683204814 -58.21534318966828,-32.209175678660515</coordinates>
</LineString>
</MultiGeometry>
</Placemark>
<Placemark>
<name>37</name>
<Style>
<LineStyle>
<color>ff00ff00</color>
</LineStyle>
<PolyStyle>
<fill>0</fill>
</PolyStyle>
</Style>
<MultiGeometry>
<LineString>
<coordinates>-58.21534318966828,-32.209175678660515 -58.21545852465592,-32.20921425909856</coordinates>
</LineString>
</MultiGeometry>
</Placemark>
<Placemark>
<name>38</name>
<Style>
<LineStyle>
<color>ff00ff00</color>
</LineStyle>
<PolyStyle>
<fill>0</fill>
</PolyStyle>
</Style>
<MultiGeometry>
<LineString>
<coordinates>-58.21545852465592,-32.20921425909856 -58.21531368536912,-32.20947751341572</coordinates>
</LineString>
</MultiGeometry>
</Placemark>
<Placemark>
<name>39</name>
<Style>
<LineStyle>
<color>ff00ff00</color>
</LineStyle>
<PolyStyle>
<fill>0</fill>
</PolyStyle>
</Style>
<MultiGeometry>
<LineString>
<coordinates>-58.215729427766426,-32.208417683204814 -58.21509106202088,-32.208188467766234</coordinates>
</LineString>
</MultiGeometry>
</Placemark>
<Placemark>
<name>40</name>
<Style>
<LineStyle>
<color>ff00ff00</color>
</LineStyle>
<PolyStyle>
<fill>0</fill>
</PolyStyle>
</Style>
<MultiGeometry>
<LineString>
<coordinates>-58.21509106202088,-32.208188467766234 -58.21495963377915,-32.2081453479657</coordinates>
</LineString>
</MultiGeometry>
</Placemark>
<Placemark>
<name>41</name>
<Style>
<LineStyle>
<color>ff00ff00</color>
</LineStyle>
<PolyStyle>
<fill>0</fill>
</PolyStyle>
</Style>
<MultiGeometry>
<LineString>
<coordinates>-58.21509106202088,-32.208188467766234 -58.21541292710267,-32.20736915282813 -58.21477724356614,-32.207155915860255 -58.21462972207032,-32.20718309025675</coordinates>
</LineString>
</MultiGeometry>
</Placemark>
<Placemark>
<name>42</name>
<Style>
<LineStyle>
<color>ff00ff00</color>
</LineStyle>
<PolyStyle>
<fill>0</fill>
</PolyStyle>
</Style>
<MultiGeometry>
<LineString>
<coordinates>-58.21509106202088,-32.208188467766234 -58.2149864558693,-32.208272437845444 -58.214380276631935,-32.2080886113549</coordinates>
</LineString>
</MultiGeometry>
</Placemark>
<Placemark>
<name>T1 F1a9 (43)</name>
<Style>
<LineStyle>
<color>ff00ff00</color>
</LineStyle>
<PolyStyle>
<fill>0</fill>
</PolyStyle>
</Style>
<MultiGeometry>
<LineString>
<coordinates>-58.21509106202088,-32.208188467766234 -58.2149864558693,-32.208272437845444 -58.21293290344088,-32.207633147280184</coordinates>
</LineString>
</MultiGeometry>
</Placemark>
<Placemark>
<name>44</name>
<Style>
<LineStyle>
<color>ff00ff00</color>
</LineStyle>
<PolyStyle>
<fill>0</fill>
</PolyStyle>
</Style>
<MultiGeometry>
<LineString>
<coordinates>-58.214380276631935,-32.2080886113549 -58.21425153059922,-32.208068186166365</coordinates>
</LineString>
</MultiGeometry>
</Placemark>
<Placemark>
<name>45</name>
<Style>
<LineStyle>
<color>ff00ff00</color>
</LineStyle>
<PolyStyle>
<fill>0</fill>
</PolyStyle>
</Style>
<MultiGeometry>
<LineString>
<coordinates>-58.214380276631935,-32.2080886113549 -58.21412010235749,-32.2087535622101</coordinates>
</LineString>
</MultiGeometry>
</Placemark>
<Placemark>
<name>T1#13a23+25a32 (46)</name>
<Style>
<LineStyle>
<color>ff00ff00</color>
</LineStyle>
<PolyStyle>
<fill>0</fill>
</PolyStyle>
</Style>
<MultiGeometry>
<LineString>
<coordinates>-58.21897221846543,-32.20948205227657 -58.21994049591981,-32.20985196867471</coordinates>
</LineString>
</MultiGeometry>
</Placemark>
<Placemark>
<name>47</name>
<Style>
<LineStyle>
<color>ff00ff00</color>
</LineStyle>
<PolyStyle>
<fill>0</fill>
</PolyStyle>
</Style>
<MultiGeometry>
<LineString>
<coordinates>-58.21994049591981,-32.20985196867471 -58.21986002964936,-32.20999721151173</coordinates>
</LineString>
</MultiGeometry>
</Placemark>
<Placemark>
<name>48</name>
<Style>
<LineStyle>
<color>ff00ff00</color>
</LineStyle>
<PolyStyle>
<fill>0</fill>
</PolyStyle>
</Style>
<MultiGeometry>
<LineString>
<coordinates>-58.21994049591981,-32.20985196867471 -58.219495249223336,-32.210809659353664</coordinates>
</LineString>
</MultiGeometry>
</Placemark>
<Placemark>
<name>49</name>
<Style>
<LineStyle>
<color>ff00ff00</color>
</LineStyle>
<PolyStyle>
<fill>0</fill>
</PolyStyle>
</Style>
<MultiGeometry>
<LineString>
<coordinates>-58.219495249223336,-32.210809659353664 -58.21917338414155,-32.21140423948775 -58.21926592035256,-32.21146853382896</coordinates>
</LineString>
</MultiGeometry>
</Placemark>
<Placemark>
<name>50</name>
<Style>
<LineStyle>
<color>ff00ff00</color>
</LineStyle>
<PolyStyle>
<fill>0</fill>
</PolyStyle>
</Style>
<MultiGeometry>
<LineString>
<coordinates>-58.21994049591981,-32.20985196867471 -58.22084708256684,-32.210124298803834</coordinates>
</LineString>
</MultiGeometry>
</Placemark>
<Placemark>
<name>51</name>
<Style>
<LineStyle>
<color>ff00ff00</color>
</LineStyle>
<PolyStyle>
<fill>0</fill>
</PolyStyle>
</Style>
<MultiGeometry>
<LineString>
<coordinates>-58.22084708256684,-32.210124298803834 -58.22113139672242,-32.21021961415639</coordinates>
</LineString>
</MultiGeometry>
</Placemark>
<Placemark>
<name>52</name>
<Style>
<LineStyle>
<color>ff00ff00</color>
</LineStyle>
<PolyStyle>
<fill>0</fill>
</PolyStyle>
</Style>
<MultiGeometry>
<LineString>
<coordinates>-58.22113139672242,-32.21021961415639 -58.22119040532075,-32.210109598325204</coordinates>
</LineString>
</MultiGeometry>
</Placemark>
<Placemark>
<name>53</name>
<Style>
<LineStyle>
<color>ff00ff00</color>
</LineStyle>
<PolyStyle>
<fill>0</fill>
</PolyStyle>
</Style>
<MultiGeometry>
<LineString>
<coordinates>-58.21994049591981,-32.20985196867471 -58.220015597772225,-32.20960687086133</coordinates>
</LineString>
</MultiGeometry>
</Placemark>
<Placemark>
<name>54</name>
<Style>
<LineStyle>
<color>ff00ff00</color>
</LineStyle>
<PolyStyle>
<fill>0</fill>
</PolyStyle>
</Style>
<MultiGeometry>
<LineString>
<coordinates>-58.220015597772225,-32.20960687086133 -58.22014434380494,-32.20967949250451</coordinates>
</LineString>
</MultiGeometry>
</Placemark>
<Placemark>
<name>T1#13a20+25a32 (55)</name>
<Style>
<LineStyle>
<color>ff00ff00</color>
</LineStyle>
<PolyStyle>
<fill>0</fill>
</PolyStyle>
</Style>
<MultiGeometry>
<LineString>
<coordinates>-58.21994049591981,-32.20985196867471 -58.22070760769807,-32.20800010217136</coordinates>
</LineString>
</MultiGeometry>
</Placemark>
<Placemark>
<name>56</name>
<Style>
<LineStyle>
<color>ff00ff00</color>
</LineStyle>
<PolyStyle>
<fill>0</fill>
</PolyStyle>
</Style>
<MultiGeometry>
<LineString>
<coordinates>-58.22070760769807,-32.20800010217136 -58.22059495491944,-32.20817258152626</coordinates>
</LineString>
</MultiGeometry>
</Placemark>
<Placemark>
<name>57</name>
<Style>
<LineStyle>
<color>ff00ff00</color>
</LineStyle>
<PolyStyle>
<fill>0</fill>
</PolyStyle>
</Style>
<MultiGeometry>
<LineString>
<coordinates>-58.22070760769807,-32.20800010217136 -58.22067005677186,-32.20786847296998</coordinates>
</LineString>
</MultiGeometry>
</Placemark>
<Placemark>
<name>58</name>
<Style>
<LineStyle>
<color>ff00ff00</color>
</LineStyle>
<PolyStyle>
<fill>0</fill>
</PolyStyle>
</Style>
<MultiGeometry>
<LineString>
<coordinates>-58.22070760769807,-32.20800010217136 -58.221732211541756,-32.20836995730235</coordinates>
</LineString>
</MultiGeometry>
</Placemark>
<Placemark>
<name>59</name>
<Style>
<LineStyle>
<color>ff00ff00</color>
</LineStyle>
<PolyStyle>
<fill>0</fill>
</PolyStyle>
</Style>
<MultiGeometry>
<LineString>
<coordinates>-58.221732211541756,-32.20836995730235 -58.22164101643525,-32.20835413838866</coordinates>
</LineString>
</MultiGeometry>
</Placemark>
<Placemark>
<name>60</name>
<Style>
<LineStyle>
<color>ff00ff00</color>
</LineStyle>
<PolyStyle>
<fill>0</fill>
</PolyStyle>
</Style>
<MultiGeometry>
<LineString>
<coordinates>-58.221732211541756,-32.20836995730235 -58.22164101643525,-32.20835413838866 -58.22170002503358,-32.20820228375474</coordinates>
</LineString>
</MultiGeometry>
</Placemark>
<Placemark>
<name>61</name>
<Style>
<LineStyle>
<color>ff00ff00</color>
</LineStyle>
<PolyStyle>
<fill>0</fill>
</PolyStyle>
</Style>
<MultiGeometry>
<LineString>
<coordinates>-58.221732211541756,-32.20836995730235 -58.222678664528424,-32.20865411832562 -58.222729993295296,-32.20856292833232</coordinates>
</LineString>
</MultiGeometry>
</Placemark>
<Placemark>
<name>62</name>
<Style>
<LineStyle>
<color>ff00ff00</color>
</LineStyle>
<PolyStyle>
<fill>0</fill>
</PolyStyle>
</Style>
<MultiGeometry>
<LineString>
<coordinates>-58.221732211541756,-32.20836995730235 -58.2213620666977,-32.209184756412085</coordinates>
</LineString>
</MultiGeometry>
</Placemark>
<Placemark>
<name>63</name>
<Style>
<LineStyle>
<color>ff00ff00</color>
</LineStyle>
<PolyStyle>
<fill>0</fill>
</PolyStyle>
</Style>
<MultiGeometry>
<LineString>
<coordinates>-58.2213620666977,-32.209184756412085 -58.221244049501045,-32.20930730597015</coordinates>
</LineString>
</MultiGeometry>
</Placemark>
<Placemark>
<name>64</name>
<Style>
<LineStyle>
<color>ff00ff00</color>
</LineStyle>
<PolyStyle>
<fill>0</fill>
</PolyStyle>
</Style>
<MultiGeometry>
<LineString>
<coordinates>-58.2213620666977,-32.209184756412085 -58.220525217485054,-32.208903345690956</coordinates>
</LineString>
</MultiGeometry>
</Placemark>
<Placemark>
<name>65</name>
<Style>
<LineStyle>
<color>ff00ff00</color>
</LineStyle>
<PolyStyle>
<fill>0</fill>
</PolyStyle>
</Style>
<MultiGeometry>
<LineString>
<coordinates>-58.2213620666977,-32.209184756412085 -58.22234375519715,-32.20949793828774</coordinates>
</LineString>
</MultiGeometry>
</Placemark>
<Placemark>
<name>T1#13a19+25a32 (66)</name>
<Style>
<LineStyle>
<color>ff00ff00</color>
</LineStyle>
<PolyStyle>
<fill>0</fill>
</PolyStyle>
</Style>
<MultiGeometry>
<LineString>
<coordinates>-58.22070760769807,-32.20800010217136 -58.22108848137818,-32.20715213853643</coordinates>
</LineString>
</MultiGeometry>
</Placemark>
<Placemark>
<name>67</name>
<Style>
<LineStyle>
<color>ff00ff00</color>
</LineStyle>
<PolyStyle>
<fill>0</fill>
</PolyStyle>
</Style>
<MultiGeometry>
<LineString>
<coordinates>-58.22108848137818,-32.20715213853643 -58.22119845194779,-32.207172877561405 -58.2211635832306,-32.207296564572665</coordinates>
</LineString>
</MultiGeometry>
</Placemark>
<Placemark>
<name>68</name>
<Style>
<LineStyle>
<color>ff00ff00</color>
</LineStyle>
<PolyStyle>
<fill>0</fill>
</PolyStyle>
</Style>
<MultiGeometry>
<LineString>
<coordinates>-58.22108848137818,-32.20715213853643 -58.21954084677659,-32.206629216658605</coordinates>
</LineString>
</MultiGeometry>
</Placemark>
<Placemark>
<name>69</name>
<Style>
<LineStyle>
<color>ff00ff00</color>
</LineStyle>
<PolyStyle>
<fill>0</fill>
</PolyStyle>
</Style>
<MultiGeometry>
<LineString>
<coordinates>-58.21954084677659,-32.206629216658605 -58.219900262784584,-32.205833952615585</coordinates>
</LineString>
</MultiGeometry>
</Placemark>
<Placemark>
<name>70</name>
<Style>
<LineStyle>
<color>ff00ff00</color>
</LineStyle>
<PolyStyle>
<fill>0</fill>
</PolyStyle>
</Style>
<MultiGeometry>
<LineString>
<coordinates>-58.22108848137818,-32.20715213853643 -58.22119845194779,-32.207172877561405 -58.22129232926331,-32.20695943462527</coordinates>
</LineString>
</MultiGeometry>
</Placemark>
<Placemark>
<name>71</name>
<Style>
<LineStyle>
<color>ff00ff00</color>
</LineStyle>
<PolyStyle>
<fill>0</fill>
</PolyStyle>
</Style>
<MultiGeometry>
<LineString>
<coordinates>-58.22129232926331,-32.20695943462527 -58.221249413919075,-32.206809794219424</coordinates>
</LineString>
</MultiGeometry>
</Placemark>
<Placemark>
<name>72</name>
<Style>
<LineStyle>
<color>ff00ff00</color>
</LineStyle>
<PolyStyle>
<fill>0</fill>
</PolyStyle>
</Style>
<MultiGeometry>
<LineString>
<coordinates>-58.22108848137818,-32.20715213853643 -58.22119845194779,-32.207172877561405 -58.22125209612809,-32.20709943434978 -58.22219355149232,-32.20739642185354</coordinates>
</LineString>
</MultiGeometry>
</Placemark>
<Placemark>
<name>73</name>
<Style>
<LineStyle>
<color>ff00ff00</color>
</LineStyle>
<PolyStyle>
<fill>0</fill>
</PolyStyle>
</Style>
<MultiGeometry>
<LineString>
<coordinates>-58.22219355149232,-32.20739642185354 -58.22250200552903,-32.20669741858524</coordinates>
</LineString>
</MultiGeometry>
</Placemark>
<Placemark>
<name>74</name>
<Style>
<LineStyle>
<color>ff00ff00</color>
</LineStyle>
<PolyStyle>
<fill>0</fill>
</PolyStyle>
</Style>
<MultiGeometry>
<LineString>
<coordinates>-58.22219355149232,-32.20739642185354 -58.22318328661881,-32.207700531988145</coordinates>
</LineString>
</MultiGeometry>
</Placemark>
<Placemark>
<name>75</name>
<Style>
<LineStyle>
<color>ff00ff00</color>
</LineStyle>
<PolyStyle>
<fill>0</fill>
</PolyStyle>
</Style>
<MultiGeometry>
<LineString>
<coordinates>-58.22318328661881,-32.207700531988145 -58.22308672709428,-32.20795017387601</coordinates>
</LineString>
</MultiGeometry>
</Placemark>
<Placemark>
<name>T1#13a18+25a32 (76)</name>
<Style>
<LineStyle>
<color>ff00ff00</color>
</LineStyle>
<PolyStyle>
<fill>0</fill>
</PolyStyle>
</Style>
<MultiGeometry>
<LineString>
<coordinates>-58.22108848137818,-32.20715213853643 -58.22119845194779,-32.207172877561405 -58.221600783300026,-32.20632521984819</coordinates>
</LineString>
</MultiGeometry>
</Placemark>
<Placemark>
<name>77</name>
<Style>
<LineStyle>
<color>ff00ff00</color>
</LineStyle>
<PolyStyle>
<fill>0</fill>
</PolyStyle>
</Style>
<MultiGeometry>
<LineString>
<coordinates>-58.221600783300026,-32.20632521984819 -58.22164839251004,-32.20620777267455</coordinates>
</LineString>
</MultiGeometry>
</Placemark>
<Placemark>
<name>78</name>
<Style>
<LineStyle>
<color>ff00ff00</color>
</LineStyle>
<PolyStyle>
<fill>0</fill>
</PolyStyle>
</Style>
<MultiGeometry>
<LineString>
<coordinates>-58.221600783300026,-32.20632521984819 -58.22164839251004,-32.20620777267455 -58.22016580147706,-32.20571245031718</coordinates>
</LineString>
</MultiGeometry>
</Placemark>
<Placemark>
<name>T1#13a18+25a32+S18C3a4 (79)</name>
<Style>
<LineStyle>
<color>ff00ff00</color>
</LineStyle>
<PolyStyle>
<fill>0</fill>
</PolyStyle>
</Style>
<MultiGeometry>
<LineString>
<coordinates>-58.221600783300026,-32.20632521984819 -58.22200847907029,-32.2053459213839</coordinates>
</LineString>
</MultiGeometry>
</Placemark>
<Placemark>
<name>80</name>
<Style>
<LineStyle>
<color>ff00ff00</color>
</LineStyle>
<PolyStyle>
<fill>0</fill>
</PolyStyle>
</Style>
<MultiGeometry>
<LineString>
<coordinates>-58.22200847907029,-32.2053459213839 -58.22183949990235,-32.20530748115093</coordinates>
</LineString>
</MultiGeometry>
</Placemark>
<Placemark>
<name>81</name>
<Style>
<LineStyle>
<color>ff00ff00</color>
</LineStyle>
<PolyStyle>
<fill>0</fill>
</PolyStyle>
</Style>
<MultiGeometry>
<LineString>
<coordinates>-58.22183949990235,-32.20530748115093 -58.22186095757447,-32.205212018804716</coordinates>
</LineString>
</MultiGeometry>
</Placemark>
<Placemark>
<name>T1#16a17+S18C1a2 (82)</name>
<Style>
<LineStyle>
<color>ff00ff00</color>
</LineStyle>
<PolyStyle>
<fill>0</fill>
</PolyStyle>
</Style>
<MultiGeometry>
<LineString>
<coordinates>-58.22200847907029,-32.2053459213839 -58.2230733160492,-32.20572152841442 -58.22311220807992,-32.20560124355229</coordinates>
</LineString>
</MultiGeometry>
</Placemark>
<Placemark>
<name>83</name>
<Style>
<LineStyle>
<color>ff00ff00</color>
</LineStyle>
<PolyStyle>
<fill>0</fill>
</PolyStyle>
</Style>
<MultiGeometry>
<LineString>
<coordinates>-58.22311220807992,-32.20560124355229 -58.22290165467225,-32.20553996629727</coordinates>
</LineString>
</MultiGeometry>
</Placemark>
<Placemark>
<name>84</name>
<Style>
<LineStyle>
<color>ff00ff00</color>
</LineStyle>
<PolyStyle>
<fill>0</fill>
</PolyStyle>
</Style>
<MultiGeometry>
<LineString>
<coordinates>-58.22290165467225,-32.20553996629727 -58.222861421537026,-32.205630747401145</coordinates>
</LineString>
</MultiGeometry>
</Placemark>
<Placemark>
<name>85</name>
<Style>
<LineStyle>
<color>ff00ff00</color>
</LineStyle>
<PolyStyle>
<fill>0</fill>
</PolyStyle>
</Style>
<MultiGeometry>
<LineString>
<coordinates>-58.22311220807992,-32.20560124355229 -58.22272194666825,-32.206465929305914</coordinates>
</LineString>
</MultiGeometry>
</Placemark>
<Placemark>
<name>86</name>
<Style>
<LineStyle>
<color>ff00ff00</color>
</LineStyle>
<PolyStyle>
<fill>0</fill>
</PolyStyle>
</Style>
<MultiGeometry>
<LineString>
<coordinates>-58.22272194666825,-32.206465929305914 -58.22267903132401,-32.206527205937164 -58.22371168179475,-32.206872169905935 -58.22333617253266,-32.2076279087648</coordinates>
</LineString>
</MultiGeometry>
</Placemark>
<Placemark>
<name>87</name>
<Style>
<LineStyle>
<color>ff00ff00</color>
</LineStyle>
<PolyStyle>
<fill>0</fill>
</PolyStyle>
</Style>
<MultiGeometry>
<LineString>
<coordinates>-58.22311220807992,-32.20560124355229 -58.22341127438508,-32.20485740795149</coordinates>
</LineString>
</MultiGeometry>
</Placemark>
<Placemark>
<name>T1#16a17+S17C1a3 (88)</name>
<Style>
<LineStyle>
<color>ff00ff00</color>
</LineStyle>
<PolyStyle>
<fill>0</fill>
</PolyStyle>
</Style>
<MultiGeometry>
<LineString>
<coordinates>-58.22311220807992,-32.20560124355229 -58.2230733160492,-32.20572152841442 -58.22468264145814,-32.2062480565048</coordinates>
</LineString>
</MultiGeometry>
</Placemark>
<Placemark>
<name>89</name>
<Style>
<LineStyle>
<color>ff00ff00</color>
</LineStyle>
<PolyStyle>
<fill>0</fill>
</PolyStyle>
</Style>
<MultiGeometry>
<LineString>
<coordinates>-58.22468264145814,-32.2062480565048 -58.22558285991646,-32.20653855345694</coordinates>
</LineString>
</MultiGeometry>
</Placemark>
<Placemark>
<name>90</name>
<Style>
<LineStyle>
<color>ff00ff00</color>
</LineStyle>
<PolyStyle>
<fill>0</fill>
</PolyStyle>
</Style>
<MultiGeometry>
<LineString>
<coordinates>-58.22558285991646,-32.20653855345694 -58.22566969437562,-32.20643415622158</coordinates>
</LineString>
</MultiGeometry>
</Placemark>
<Placemark>
<name>T1#13a14+25a32+S18C6a7 (91)</name>
<Style>
<LineStyle>
<color>ff00ff00</color>
</LineStyle>
<PolyStyle>
<fill>0</fill>
</PolyStyle>
</Style>
<MultiGeometry>
<LineString>
<coordinates>-58.22200847907029,-32.2053459213839 -58.22243446548,-32.204374212433116</coordinates>
</LineString>
</MultiGeometry>
</Placemark>
<Placemark>
<name>92</name>
<Style>
<LineStyle>
<color>ff00ff00</color>
</LineStyle>
<PolyStyle>
<fill>0</fill>
</PolyStyle>
</Style>
<MultiGeometry>
<LineString>
<coordinates>-58.22243446548,-32.204374212433116 -58.22255296750031,-32.204409733968596</coordinates>
</LineString>
</MultiGeometry>
</Placemark>
<Placemark>
<name>93</name>
<Style>
<LineStyle>
<color>ff00ff00</color>
</LineStyle>
<PolyStyle>
<fill>0</fill>
</PolyStyle>
</Style>
<MultiGeometry>
<LineString>
<coordinates>-58.22243446548,-32.204374212433116 -58.22255296750031,-32.204409733968596</coordinates>
</LineString>
</MultiGeometry>
</Placemark>
<Placemark>
<name>94</name>
<Style>
<LineStyle>
<color>ff00ff00</color>
</LineStyle>
<PolyStyle>
<fill>0</fill>
</PolyStyle>
</Style>
<MultiGeometry>
<LineString>
<coordinates>-58.22243446548,-32.204374212433116 -58.22234375519715,-32.204585112922</coordinates>
</LineString>
</MultiGeometry>
</Placemark>
<Placemark>
<name>95</name>
<Style>
<LineStyle>
<color>ff00ff00</color>
</LineStyle>
<PolyStyle>
<fill>0</fill>
</PolyStyle>
</Style>
<MultiGeometry>
<LineString>
<coordinates>-58.22243446548,-32.204374212433116 -58.22196824593507,-32.204232840826855 -58.22182340664826,-32.20433256900037 -58.2209114555832,-32.20400692598974</coordinates>
</LineString>
</MultiGeometry>
</Placemark>
<Placemark>
<name>T1#13a14+25a32+S32C1a2 (96)</name>
<Style>
<LineStyle>
<color>ff00ff00</color>
</LineStyle>
<PolyStyle>
<fill>0</fill>
</PolyStyle>
</Style>
<MultiGeometry>
<LineString>
<coordinates>-58.22243446548,-32.204374212433116 -58.22277827305755,-32.203673747913996</coordinates>
</LineString>
</MultiGeometry>
</Placemark>
<Placemark>
<name>97</name>
<Style>
<LineStyle>
<color>ff00ff00</color>
</LineStyle>
<PolyStyle>
<fill>0</fill>
</PolyStyle>
</Style>
<MultiGeometry>
<LineString>
<coordinates>-58.22277827305755,-32.203673747913996 -58.22358830018006,-32.203921777920435</coordinates>
</LineString>
</MultiGeometry>
</Placemark>
<Placemark>
<name>98</name>
<Style>
<LineStyle>
<color>ff00ff00</color>
</LineStyle>
<PolyStyle>
<fill>0</fill>
</PolyStyle>
</Style>
<MultiGeometry>
<LineString>
<coordinates>-58.22358830018006,-32.203921777920435 -58.22369558854066,-32.20381964725359</coordinates>
</LineString>
</MultiGeometry>
</Placemark>
<Placemark>
<name>99</name>
<Style>
<LineStyle>
<color>ff00ff00</color>
</LineStyle>
<PolyStyle>
<fill>0</fill>
</PolyStyle>
</Style>
<MultiGeometry>
<LineString>
<coordinates>-58.22277827305755,-32.203673747913996 -58.22135670227967,-32.20320031819142</coordinates>
</LineString>
</MultiGeometry>
</Placemark>
<Placemark>
<name>100</name>
<Style>
<LineStyle>
<color>ff00ff00</color>
</LineStyle>
<PolyStyle>
<fill>0</fill>
</PolyStyle>
</Style>
<MultiGeometry>
<LineString>
<coordinates>-58.22135670227967,-32.20320031819142 -58.22134195013009,-32.2030718203213</coordinates>
</LineString>
</MultiGeometry>
</Placemark>
<Placemark>
<name>T1#13a14+25a31+S32C5a6 (101)</name>
<Style>
<LineStyle>
<color>ff00ff00</color>
</LineStyle>
<PolyStyle>
<fill>0</fill>
</PolyStyle>
</Style>
<MultiGeometry>
<LineString>
<coordinates>-58.22277827305755,-32.203673747913996 -58.223286551665886,-32.202448644822695</coordinates>
</LineString>
</MultiGeometry>
</Placemark>
<Placemark>
<name>102</name>
<Style>
<LineStyle>
<color>ff00ff00</color>
</LineStyle>
<PolyStyle>
<fill>0</fill>
</PolyStyle>
</Style>
<MultiGeometry>
<LineString>
<coordinates>-58.223286551665886,-32.202448644822695 -58.223360312413796,-32.20233987450298</coordinates>
</LineString>
</MultiGeometry>
</Placemark>
<Placemark>
<name>103</name>
<Style>
<LineStyle>
<color>ff00ff00</color>
</LineStyle>
<PolyStyle>
<fill>0</fill>
</PolyStyle>
</Style>
<MultiGeometry>
<LineString>
<coordinates>-58.223286551665886,-32.202448644822695 -58.22321279091798,-32.202666697549574</coordinates>
</LineString>
</MultiGeometry>
</Placemark>
<Placemark>
<name>T1#13a14 (104)</name>
<Style>
<LineStyle>
<color>ff00ff00</color>
</LineStyle>
<PolyStyle>
<fill>0</fill>
</PolyStyle>
</Style>
<MultiGeometry>
<LineString>
<coordinates>-58.223286551665886,-32.202448644822695 -58.22695179028474,-32.203551837404724</coordinates>
</LineString>
</MultiGeometry>
</Placemark>
<Placemark>
<name>105</name>
<Style>
<LineStyle>
<color>ff00ff00</color>
</LineStyle>
<PolyStyle>
<fill>0</fill>
</PolyStyle>
</Style>
<MultiGeometry>
<LineString>
<coordinates>-58.22695179028474,-32.203551837404724 -58.22605593247376,-32.203243174228085</coordinates>
</LineString>
</MultiGeometry>
</Placemark>
<Placemark>
<name>106</name>
<Style>
<LineStyle>
<color>ff00ff00</color>
</LineStyle>
<PolyStyle>
<fill>0</fill>
</PolyStyle>
</Style>
<MultiGeometry>
<LineString>
<coordinates>-58.22695179028474,-32.203551837404724 -58.226796222161894,-32.20389846286374</coordinates>
</LineString>
</MultiGeometry>
</Placemark>
<Placemark>
<name>107</name>
<Style>
<LineStyle>
<color>ff00ff00</color>
</LineStyle>
<PolyStyle>
<fill>0</fill>
</PolyStyle>
</Style>
<MultiGeometry>
<LineString>
<coordinates>-58.226796222161894,-32.20389846286374 -58.226485085916146,-32.20460945475903</coordinates>
</LineString>
</MultiGeometry>
</Placemark>
<Placemark>
<name>108</name>
<Style>
<LineStyle>
<color>ff00ff00</color>
</LineStyle>
<PolyStyle>
<fill>0</fill>
</PolyStyle>
</Style>
<MultiGeometry>
<LineString>
<coordinates>-58.22695179028474,-32.203551837404724 -58.22745604557954,-32.202414771554885</coordinates>
</LineString>
</MultiGeometry>
</Placemark>
<Placemark>
<name>109</name>
<Style>
<LineStyle>
<color>ff00ff00</color>
</LineStyle>
<PolyStyle>
<fill>0</fill>
</PolyStyle>
</Style>
<MultiGeometry>
<LineString>
<coordinates>-58.22745604557954,-32.202414771554885 -58.22761697812043,-32.20202212874879</coordinates>
</LineString>
</MultiGeometry>
</Placemark>
<Placemark>
<name>110</name>
<Style>
<LineStyle>
<color>ff00ff00</color>
</LineStyle>
<PolyStyle>
<fill>0</fill>
</PolyStyle>
</Style>
<MultiGeometry>
<LineString>
<coordinates>-58.22761697812043,-32.20202212874879 -58.2280622248169,-32.20110886871668 -58.226742577981575,-32.200719359553986</coordinates>
</LineString>
</MultiGeometry>
</Placemark>
<Placemark>
<name>T1#25a31 (111)</name>
<Style>
<LineStyle>
<color>ff00ff00</color>
</LineStyle>
<PolyStyle>
<fill>0</fill>
</PolyStyle>
</Style>
<MultiGeometry>
<LineString>
<coordinates>-58.223286551665886,-32.202448644822695 -58.22394235177003,-32.20103806931485</coordinates>
</LineString>
</MultiGeometry>
</Placemark>
<Placemark>
<name>112</name>
<Style>
<LineStyle>
<color>ff00ff00</color>
</LineStyle>
<PolyStyle>
<fill>0</fill>
</PolyStyle>
</Style>
<MultiGeometry>
<LineString>
<coordinates>-58.22394235177003,-32.20103806931485 -58.22395308060609,-32.20116874894482 -58.224532437753304,-32.2013412412528</coordinates>
</LineString>
</MultiGeometry>
</Placemark>
<Placemark>
<name>113</name>
<Style>
<LineStyle>
<color>ff00ff00</color>
</LineStyle>
<PolyStyle>
<fill>0</fill>
</PolyStyle>
</Style>
<MultiGeometry>
<LineString>
<coordinates>-58.224532437753304,-32.2013412412528 -58.22463436169587,-32.20123229878054</coordinates>
</LineString>
</MultiGeometry>
</Placemark>
<Placemark>
<name>114</name>
<Style>
<LineStyle>
<color>ff00ff00</color>
</LineStyle>
<PolyStyle>
<fill>0</fill>
</PolyStyle>
</Style>
<MultiGeometry>
<LineString>
<coordinates>-58.22463436169587,-32.20123229878054 -58.22506083292924,-32.20137074648325</coordinates>
</LineString>
</MultiGeometry>
</Placemark>
<Placemark>
<name>115</name>
<Style>
<LineStyle>
<color>ff00ff00</color>
</LineStyle>
<PolyStyle>
<fill>0</fill>
</PolyStyle>
</Style>
<MultiGeometry>
<LineString>
<coordinates>-58.22394235177003,-32.20103806931485 -58.2224429969307,-32.2005536750266</coordinates>
</LineString>
</MultiGeometry>
</Placemark>
<Placemark>
<name>116</name>
<Style>
<LineStyle>
<color>ff00ff00</color>
</LineStyle>
<PolyStyle>
<fill>0</fill>
</PolyStyle>
</Style>
<MultiGeometry>
<LineString>
<coordinates>-58.2224429969307,-32.2005536750266 -58.22236923618279,-32.20059921442309</coordinates>
</LineString>
</MultiGeometry>
</Placemark>
<Placemark>
<name>T1#25a30 (117)</name>
<Style>
<LineStyle>
<color>ff00ff00</color>
</LineStyle>
<PolyStyle>
<fill>0</fill>
</PolyStyle>
</Style>
<MultiGeometry>
<LineString>
<coordinates>-58.22394235177003,-32.20103806931485 -58.224406373929604,-32.19983589958255</coordinates>
</LineString>
</MultiGeometry>
</Placemark>
<Placemark>
<name>118</name>
<Style>
<LineStyle>
<color>ff00ff00</color>
</LineStyle>
<PolyStyle>
<fill>0</fill>
</PolyStyle>
</Style>
<MultiGeometry>
<LineString>
<coordinates>-58.224406373929604,-32.19983589958255 -58.22433931870423,-32.20010655226201</coordinates>
</LineString>
</MultiGeometry>
</Placemark>
<Placemark>
<name>119</name>
<Style>
<LineStyle>
<color>ff00ff00</color>
</LineStyle>
<PolyStyle>
<fill>0</fill>
</PolyStyle>
</Style>
<MultiGeometry>
<LineString>
<coordinates>-58.22433931870423,-32.20010655226201 -58.224221301507576,-32.20004293738737</coordinates>
</LineString>
</MultiGeometry>
</Placemark>
<Placemark>
<name>120</name>
<Style>
<LineStyle>
<color>ff00ff00</color>
</LineStyle>
<PolyStyle>
<fill>0</fill>
</PolyStyle>
</Style>
<MultiGeometry>
<LineString>
<coordinates>-58.224406373929604,-32.19983589958255 -58.224100602101906,-32.19974340525237</coordinates>
</LineString>
</MultiGeometry>
</Placemark>
<Placemark>
<name>121</name>
<Style>
<LineStyle>
<color>ff00ff00</color>
</LineStyle>
<PolyStyle>
<fill>0</fill>
</PolyStyle>
</Style>
<MultiGeometry>
<LineString>
<coordinates>-58.224100602101906,-32.19974340525237 -58.223628533315285,-32.19957771894777</coordinates>
</LineString>
</MultiGeometry>
</Placemark>
<Placemark>
<name>T1#25a30+S30C1a4 (122)</name>
<Style>
<LineStyle>
<color>ff00ff00</color>
</LineStyle>
<PolyStyle>
<fill>0</fill>
</PolyStyle>
</Style>
<MultiGeometry>
<LineString>
<coordinates>-58.224406373929604,-32.19983589958255 -58.22399331374131,-32.19969574209976 -58.22431249661408,-32.1989154658304</coordinates>
</LineString>
</MultiGeometry>
</Placemark>
<Placemark>
<name>123</name>
<Style>
<LineStyle>
<color>ff00ff00</color>
</LineStyle>
<PolyStyle>
<fill>0</fill>
</PolyStyle>
</Style>
<MultiGeometry>
<LineString>
<coordinates>-58.22431249661408,-32.1989154658304 -58.22554228944741,-32.19930530578002</coordinates>
</LineString>
</MultiGeometry>
</Placemark>
<Placemark>
<name>124</name>
<Style>
<LineStyle>
<color>ff00ff00</color>
</LineStyle>
<PolyStyle>
<fill>0</fill>
</PolyStyle>
</Style>
<MultiGeometry>
<LineString>
<coordinates>-58.22554228944741,-32.19930530578002 -58.22571260971986,-32.19924861511901</coordinates>
</LineString>
</MultiGeometry>
</Placemark>
<Placemark>
<name>125</name>
<Style>
<LineStyle>
<color>ff00ff00</color>
</LineStyle>
<PolyStyle>
<fill>0</fill>
</PolyStyle>
</Style>
<MultiGeometry>
<LineString>
<coordinates>-58.22431249661408,-32.1989154658304 -58.22333349032365,-32.198596483626304</coordinates>
</LineString>
</MultiGeometry>
</Placemark>
<Placemark>
<name>126</name>
<Style>
<LineStyle>
<color>ff00ff00</color>
</LineStyle>
<PolyStyle>
<fill>0</fill>
</PolyStyle>
</Style>
<MultiGeometry>
<LineString>
<coordinates>-58.22333349032365,-32.198596483626304 -58.22331069154702,-32.19849507635225</coordinates>
</LineString>
</MultiGeometry>
</Placemark>
<Placemark>
<name>T1#25a29 (127)</name>
<Style>
<LineStyle>
<color>ff00ff00</color>
</LineStyle>
<PolyStyle>
<fill>0</fill>
</PolyStyle>
</Style>
<MultiGeometry>
<LineString>
<coordinates>-58.22431249661408,-32.1989154658304 -58.22474433226548,-32.19809049615625</coordinates>
</LineString>
</MultiGeometry>
</Placemark>
<Placemark>
<name>128</name>
<Style>
<LineStyle>
<color>ff00ff00</color>
</LineStyle>
<PolyStyle>
<fill>0</fill>
</PolyStyle>
</Style>
<MultiGeometry>
<LineString>
<coordinates>-58.22474433226548,-32.19809049615625 -58.22516543908082,-32.19826810562125</coordinates>
</LineString>
</MultiGeometry>
</Placemark>
<Placemark>
<name>129</name>
<Style>
<LineStyle>
<color>ff00ff00</color>
</LineStyle>
<PolyStyle>
<fill>0</fill>
</PolyStyle>
</Style>
<MultiGeometry>
<LineString>
<coordinates>-58.22516543908082,-32.19826810562125 -58.225272727441414,-32.19816596860755</coordinates>
</LineString>
</MultiGeometry>
</Placemark>
<Placemark>
<name>130</name>
<Style>
<LineStyle>
<color>ff00ff00</color>
</LineStyle>
<PolyStyle>
<fill>0</fill>
</PolyStyle>
</Style>
<MultiGeometry>
<LineString>
<coordinates>-58.22474433226548,-32.19809049615625 -58.22421057267152,-32.19791176043135</coordinates>
</LineString>
</MultiGeometry>
</Placemark>
<Placemark>
<name>131</name>
<Style>
<LineStyle>
<color>ff00ff00</color>
</LineStyle>
<PolyStyle>
<fill>0</fill>
</PolyStyle>
</Style>
<MultiGeometry>
<LineString>
<coordinates>-58.22421057267152,-32.19791176043135 -58.22419179720841,-32.19779559542704</coordinates>
</LineString>
</MultiGeometry>
</Placemark>
<Placemark>
<name>T1#25a29+S29C5a8 (132)</name>
<Style>
<LineStyle>
<color>ff00ff00</color>
</LineStyle>
<PolyStyle>
<fill>0</fill>
</PolyStyle>
</Style>
<MultiGeometry>
<LineString>
<coordinates>-58.22474433226548,-32.19809049615625 -58.22518421454392,-32.19713097373527</coordinates>
</LineString>
</MultiGeometry>
</Placemark>
<Placemark>
<name>133</name>
<Style>
<LineStyle>
<color>ff00ff00</color>
</LineStyle>
<PolyStyle>
<fill>0</fill>
</PolyStyle>
</Style>
<MultiGeometry>
<LineString>
<coordinates>-58.22518421454392,-32.19713097373527 -58.22631878895722,-32.197500940359575</coordinates>
</LineString>
</MultiGeometry>
</Placemark>
<Placemark>
<name>134</name>
<Style>
<LineStyle>
<color>ff00ff00</color>
</LineStyle>
<PolyStyle>
<fill>0</fill>
</PolyStyle>
</Style>
<MultiGeometry>
<LineString>
<coordinates>-58.22631878895722,-32.197500940359575 -58.22633488221131,-32.19763712401424</coordinates>
</LineString>
</MultiGeometry>
</Placemark>
<Placemark>
<name>135</name>
<Style>
<LineStyle>
<color>ff00ff00</color>
</LineStyle>
<PolyStyle>
<fill>0</fill>
</PolyStyle>
</Style>
<MultiGeometry>
<LineString>
<coordinates>-58.22518421454392,-32.19713097373527 -58.224242759179695,-32.19681094004318</coordinates>
</LineString>
</MultiGeometry>
</Placemark>
<Placemark>
<name>136</name>
<Style>
<LineStyle>
<color>ff00ff00</color>
</LineStyle>
<PolyStyle>
<fill>0</fill>
</PolyStyle>
</Style>
<MultiGeometry>
<LineString>
<coordinates>-58.224242759179695,-32.19681094004318 -58.22403086466752,-32.19686158470223</coordinates>
</LineString>
</MultiGeometry>
</Placemark>
<Placemark>
<name>T1#25a28 (137)</name>
<Style>
<LineStyle>
<color>ff00ff00</color>
</LineStyle>
<PolyStyle>
<fill>0</fill>
</PolyStyle>
</Style>
<MultiGeometry>
<LineString>
<coordinates>-58.22518421454392,-32.19713097373527 -58.22510643048249,-32.19703337492711 -58.22587890667878,-32.19524026191771</coordinates>
</LineString>
</MultiGeometry>
</Placemark>
<Placemark>
<name>138</name>
<Style>
<LineStyle>
<color>ff00ff00</color>
</LineStyle>
<PolyStyle>
<fill>0</fill>
</PolyStyle>
</Style>
<MultiGeometry>
<LineString>
<coordinates>-58.22587890667878,-32.19524026191771 -58.22532637162171,-32.19651133301347</coordinates>
</LineString>
</MultiGeometry>
</Placemark>
<Placemark>
<name>139</name>
<Style>
<LineStyle>
<color>ff00ff00</color>
</LineStyle>
<PolyStyle>
<fill>0</fill>
</PolyStyle>
</Style>
<MultiGeometry>
<LineString>
<coordinates>-58.22532637162171,-32.19651133301347 -58.225524855088814,-32.196477286697714</coordinates>
</LineString>
</MultiGeometry>
</Placemark>
<Placemark>
<name>140</name>
<Style>
<LineStyle>
<color>ff00ff00</color>
</LineStyle>
<PolyStyle>
<fill>0</fill>
</PolyStyle>
</Style>
<MultiGeometry>
<LineString>
<coordinates>-58.22587890667878,-32.19524026191771 -58.2249454979416,-32.19494518930274</coordinates>
</LineString>
</MultiGeometry>
</Placemark>
<Placemark>
<name>141</name>
<Style>
<LineStyle>
<color>ff00ff00</color>
</LineStyle>
<PolyStyle>
<fill>0</fill>
</PolyStyle>
</Style>
<MultiGeometry>
<LineString>
<coordinates>-58.2249454979416,-32.19494518930274 -58.224838209581,-32.19500193411065</coordinates>
</LineString>
</MultiGeometry>
</Placemark>
<Placemark>
<name>142</name>
<Style>
<LineStyle>
<color>ff00ff00</color>
</LineStyle>
<PolyStyle>
<fill>0</fill>
</PolyStyle>
</Style>
<MultiGeometry>
<LineString>
<coordinates>-58.22587890667878,-32.19524026191771 -58.22610421223603,-32.19456926215609</coordinates>
</LineString>
</MultiGeometry>
</Placemark>
<Placemark>
<name>143</name>
<Style>
<LineStyle>
<color>ff00ff00</color>
</LineStyle>
<PolyStyle>
<fill>0</fill>
</PolyStyle>
</Style>
<MultiGeometry>
<LineString>
<coordinates>-58.22610421223603,-32.19456926215609 -58.226216865014656,-32.19432553369705</coordinates>
</LineString>
</MultiGeometry>
</Placemark>
<Placemark>
<name>144</name>
<Style>
<LineStyle>
<color>ff00ff00</color>
</LineStyle>
<PolyStyle>
<fill>0</fill>
</PolyStyle>
</Style>
<MultiGeometry>
<LineString>
<coordinates>-58.226216865014656,-32.19432553369705 -58.22517080349885,-32.19400549013848 -58.225476575326546,-32.19341533594444</coordinates>
</LineString>
</MultiGeometry>
</Placemark>
<Placemark>
<name>T1#33a48 (145)</name>
<Style>
<LineStyle>
<color>ff00ff00</color>
</LineStyle>
<PolyStyle>
<fill>0</fill>
</PolyStyle>
</Style>
<MultiGeometry>
<LineString>
<coordinates>-58.218497467469795,-32.210374837211134 -58.221575302314385,-32.21130552129949</coordinates>
</LineString>
</MultiGeometry>
</Placemark>
<Placemark>
<name>146</name>
<Style>
<LineStyle>
<color>ff00ff00</color>
</LineStyle>
<PolyStyle>
<fill>0</fill>
</PolyStyle>
</Style>
<MultiGeometry>
<LineString>
<coordinates>-58.221575302314385,-32.21130552129949 -58.22139291210137,-32.211345235526046 -58.220356238317116,-32.21100895695253</coordinates>
</LineString>
</MultiGeometry>
</Placemark>
<Placemark>
<name>147</name>
<Style>
<LineStyle>
<color>ff00ff00</color>
</LineStyle>
<PolyStyle>
<fill>0</fill>
</PolyStyle>
</Style>
<MultiGeometry>
<LineString>
<coordinates>-58.220356238317116,-32.21100895695253 -58.2196695928093,-32.210714344619454 -58.21987075848542,-32.210246847095895</coordinates>
</LineString>
</MultiGeometry>
</Placemark>
<Placemark>
<name>148</name>
<Style>
<LineStyle>
<color>ff00ff00</color>
</LineStyle>
<PolyStyle>
<fill>0</fill>
</PolyStyle>
</Style>
<MultiGeometry>
<LineString>
<coordinates>-58.221575302314385,-32.21130552129949 -58.22144521517716,-32.21127034582721</coordinates>
</LineString>
</MultiGeometry>
</Placemark>
<Placemark>
<name>149</name>
<Style>
<LineStyle>
<color>ff00ff00</color>
</LineStyle>
<PolyStyle>
<fill>0</fill>
</PolyStyle>
</Style>
<MultiGeometry>
<LineString>
<coordinates>-58.22144521517716,-32.21127034582721 -58.22139291210137,-32.211345235526046</coordinates>
</LineString>
</MultiGeometry>
</Placemark>
<Placemark>
<name>150</name>
<Style>
<LineStyle>
<color>ff00ff00</color>
</LineStyle>
<PolyStyle>
<fill>0</fill>
</PolyStyle>
</Style>
<MultiGeometry>
<LineString>
<coordinates>-58.221575302314385,-32.21130552129949 -58.22168393177949,-32.21135204367744 -58.22169734282456,-32.211270913173614</coordinates>
</LineString>
</MultiGeometry>
</Placemark>
<Placemark>
<name>151</name>
<Style>
<LineStyle>
<color>ff00ff00</color>
</LineStyle>
<PolyStyle>
<fill>0</fill>
</PolyStyle>
</Style>
<MultiGeometry>
<LineString>
<coordinates>-58.221575302314385,-32.21130552129949 -58.22236521286927,-32.21156763487423</coordinates>
</LineString>
</MultiGeometry>
</Placemark>
<Placemark>
<name>152</name>
<Style>
<LineStyle>
<color>ff00ff00</color>
</LineStyle>
<PolyStyle>
<fill>0</fill>
</PolyStyle>
</Style>
<MultiGeometry>
<LineString>
<coordinates>-58.22236521286927,-32.21156763487423 -58.22319133324586,-32.21183995986598 -58.22314841790162,-32.21193527342045</coordinates>
</LineString>
</MultiGeometry>
</Placemark>
<Placemark>
<name>153</name>
<Style>
<LineStyle>
<color>ff00ff00</color>
</LineStyle>
<PolyStyle>
<fill>0</fill>
</PolyStyle>
</Style>
<MultiGeometry>
<LineString>
<coordinates>-58.22314841790162,-32.21193527342045 -58.22331471486054,-32.21199200763159 -58.22375191492997,-32.21113320946953</coordinates>
</LineString>
</MultiGeometry>
</Placemark>
<Placemark>
<name>T1#37 (154)</name>
<Style>
<LineStyle>
<color>ff00ff00</color>
</LineStyle>
<PolyStyle>
<fill>0</fill>
</PolyStyle>
</Style>
<MultiGeometry>
<LineString>
<coordinates>-58.221575302314385,-32.21130552129949 -58.22168393177949,-32.21135204367744 -58.22131110472642,-32.21223042398646</coordinates>
</LineString>
</MultiGeometry>
</Placemark>
<Placemark>
<name>155</name>
<Style>
<LineStyle>
<color>ff00ff00</color>
</LineStyle>
<PolyStyle>
<fill>0</fill>
</PolyStyle>
</Style>
<MultiGeometry>
<LineString>
<coordinates>-58.22131110472642,-32.21223042398646 -58.22040183587037,-32.21190804098648</coordinates>
</LineString>
</MultiGeometry>
</Placemark>
<Placemark>
<name>156</name>
<Style>
<LineStyle>
<color>ff00ff00</color>
</LineStyle>
<PolyStyle>
<fill>0</fill>
</PolyStyle>
</Style>
<MultiGeometry>
<LineString>
<coordinates>-58.22131110472642,-32.21223042398646 -58.22129367036782,-32.212306314520376 -58.221013379525765,-32.21222802157027</coordinates>
</LineString>
</MultiGeometry>
</Placemark>
<Placemark>
<name>157</name>
<Style>
<LineStyle>
<color>ff00ff00</color>
</LineStyle>
<PolyStyle>
<fill>0</fill>
</PolyStyle>
</Style>
<MultiGeometry>
<LineString>
<coordinates>-58.22131110472642,-32.21223042398646 -58.22129367036782,-32.212306314520376 -58.220871222447975,-32.21324922866884</coordinates>
</LineString>
</MultiGeometry>
</Placemark>
<Placemark>
<name>158</name>
<Style>
<LineStyle>
<color>ff00ff00</color>
</LineStyle>
<PolyStyle>
<fill>0</fill>
</PolyStyle>
</Style>
<MultiGeometry>
<LineString>
<coordinates>-58.22131110472642,-32.21223042398646 -58.22188241524659,-32.212424072947485</coordinates>
</LineString>
</MultiGeometry>
</Placemark>
<Placemark>
<name>159</name>
<Style>
<LineStyle>
<color>ff00ff00</color>
</LineStyle>
<PolyStyle>
<fill>0</fill>
</PolyStyle>
</Style>
<MultiGeometry>
<LineString>
<coordinates>-58.22188241524659,-32.212424072947485 -58.22167052073441,-32.21235442361808</coordinates>
</LineString>
</MultiGeometry>
</Placemark>
<Placemark>
<name>160</name>
<Style>
<LineStyle>
<color>ff00ff00</color>
</LineStyle>
<PolyStyle>
<fill>0</fill>
</PolyStyle>
</Style>
<MultiGeometry>
<LineString>
<coordinates>-58.22188241524659,-32.212424072947485 -58.22203530116046,-32.21247167406016</coordinates>
</LineString>
</MultiGeometry>
</Placemark>
<Placemark>
<name>161</name>
<Style>
<LineStyle>
<color>ff00ff00</color>
</LineStyle>
<PolyStyle>
<fill>0</fill>
</PolyStyle>
</Style>
<MultiGeometry>
<LineString>
<coordinates>-58.22188241524659,-32.212424072947485 -58.221769762467964,-32.212666007352524</coordinates>
</LineString>
</MultiGeometry>
</Placemark>
<Placemark>
<name>162</name>
<Style>
<LineStyle>
<color>ff00ff00</color>
</LineStyle>
<PolyStyle>
<fill>0</fill>
</PolyStyle>
</Style>
<MultiGeometry>
<LineString>
<coordinates>-58.22188241524659,-32.212424072947485 -58.222872150373085,-32.212745001872044 -58.22241617484055,-32.21382904226189 -58.222299498748406,-32.21379840641115</coordinates>
</LineString>
</MultiGeometry>
</Placemark>
<Placemark>
<name>163</name>
<Style>
<LineStyle>
<color>ff00ff00</color>
</LineStyle>
<PolyStyle>
<fill>0</fill>
</PolyStyle>
</Style>
<MultiGeometry>
<LineString>
<coordinates>-58.222299498748406,-32.21379840641115 -58.22230352206193,-32.21391641111297</coordinates>
</LineString>
</MultiGeometry>
</Placemark>
<Placemark>
<name>T1#33a36 (164)</name>
<Style>
<LineStyle>
<color>ff00ff00</color>
</LineStyle>
<PolyStyle>
<fill>0</fill>
</PolyStyle>
</Style>
<MultiGeometry>
<LineString>
<coordinates>-58.221575302314385,-32.21130552129949 -58.22394235177003,-32.21210320658287 -58.224658501577004,-32.21036031758947 -58.22754858179055,-32.21128509683337 -58.22711272282563,-32.21219398113614</coordinates>
</LineString>
</MultiGeometry>
</Placemark>
<Placemark>
<name>165</name>
<Style>
<LineStyle>
<color>ff00ff00</color>
</LineStyle>
<PolyStyle>
<fill>0</fill>
</PolyStyle>
</Style>
<MultiGeometry>
<LineString>
<coordinates>-58.22711272282563,-32.21219398113614 -58.22689412279092,-32.212086334454725</coordinates>
</LineString>
</MultiGeometry>
</Placemark>
<Placemark>
<name>166</name>
<Style>
<LineStyle>
<color>ff00ff00</color>
</LineStyle>
<PolyStyle>
<fill>0</fill>
</PolyStyle>
</Style>
<MultiGeometry>
<LineString>
<coordinates>-58.22689412279092,-32.212086334454725 -58.22690216941796,-32.21200902788808</coordinates>
</LineString>
</MultiGeometry>
</Placemark>
<Placemark>
<name>167</name>
<Style>
<LineStyle>
<color>ff00ff00</color>
</LineStyle>
<PolyStyle>
<fill>0</fill>
</PolyStyle>
</Style>
<MultiGeometry>
<LineString>
<coordinates>-58.22711272282563,-32.21219398113614 -58.22809441132508,-32.21246743893027</coordinates>
</LineString>
</MultiGeometry>
</Placemark>
<Placemark>
<name>168</name>
<Style>
<LineStyle>
<color>ff00ff00</color>
</LineStyle>
<PolyStyle>
<fill>0</fill>
</PolyStyle>
</Style>
<MultiGeometry>
<LineString>
<coordinates>-58.22809441132508,-32.21246743893027 -58.22820169968568,-32.212298371760404</coordinates>
</LineString>
</MultiGeometry>
</Placemark>
<Placemark>
<name>169</name>
<Style>
<LineStyle>
<color>ff00ff00</color>
</LineStyle>
<PolyStyle>
<fill>0</fill>
</PolyStyle>
</Style>
<MultiGeometry>
<LineString>
<coordinates>-58.22820169968568,-32.212298371760404 -58.228500635597825,-32.211650019960146 -58.228417617511376,-32.21160198724181</coordinates>
</LineString>
</MultiGeometry>
</Placemark>
<Placemark>
<name>170</name>
<Style>
<LineStyle>
<color>ff00ff00</color>
</LineStyle>
<PolyStyle>
<fill>0</fill>
</PolyStyle>
</Style>
<MultiGeometry>
<LineString>
<coordinates>-58.22809441132508,-32.21246743893027 -58.229017091226204,-32.2127658587382 -58.22883470101319,-32.21318341789039</coordinates>
</LineString>
</MultiGeometry>
</Placemark>
<Placemark>
<name>T1#33a34 (171)</name>
<Style>
<LineStyle>
<color>ff00ff00</color>
</LineStyle>
<PolyStyle>
<fill>0</fill>
</PolyStyle>
</Style>
<MultiGeometry>
<LineString>
<coordinates>-58.22711272282563,-32.21219398113614 -58.22634561104737,-32.21387102470732</coordinates>
</LineString>
</MultiGeometry>
</Placemark>
<Placemark>
<name>172</name>
<Style>
<LineStyle>
<color>ff00ff00</color>
</LineStyle>
<PolyStyle>
<fill>0</fill>
</PolyStyle>
</Style>
<MultiGeometry>
<LineString>
<coordinates>-58.22634561104737,-32.21387102470732 -58.22683109087907,-32.21285663263002</coordinates>
</LineString>
</MultiGeometry>
</Placemark>
<Placemark>
<name>173</name>
<Style>
<LineStyle>
<color>ff00ff00</color>
</LineStyle>
<PolyStyle>
<fill>0</fill>
</PolyStyle>
</Style>
<MultiGeometry>
<LineString>
<coordinates>-58.22634561104737,-32.21387102470732 -58.2269625191208,-32.21405937814272</coordinates>
</LineString>
</MultiGeometry>
</Placemark>
<Placemark>
<name>174</name>
<Style>
<LineStyle>
<color>ff00ff00</color>
</LineStyle>
<PolyStyle>
<fill>0</fill>
</PolyStyle>
</Style>
<MultiGeometry>
<LineString>
<coordinates>-58.2269625191208,-32.21405937814272 -58.227346075009926,-32.21415922799841 -58.22767330450974,-32.213489778005496</coordinates>
</LineString>
</MultiGeometry>
</Placemark>
<Placemark>
<name>175</name>
<Style>
<LineStyle>
<color>ff00ff00</color>
</LineStyle>
<PolyStyle>
<fill>0</fill>
</PolyStyle>
</Style>
<MultiGeometry>
<LineString>
<coordinates>-58.22634561104737,-32.21387102470732 -58.22606129689179,-32.21377798250491</coordinates>
</LineString>
</MultiGeometry>
</Placemark>
<Placemark>
<name>176</name>
<Style>
<LineStyle>
<color>ff00ff00</color>
</LineStyle>
<PolyStyle>
<fill>0</fill>
</PolyStyle>
</Style>
<MultiGeometry>
<LineString>
<coordinates>-58.22606129689179,-32.21377798250491 -58.22516543908082,-32.213482228754216 -58.224999142121895,-32.21354197258888</coordinates>
</LineString>
</MultiGeometry>
</Placemark>
<Placemark>
<name>T1#33a35 (177)</name>
<Style>
<LineStyle>
<color>ff00ff00</color>
</LineStyle>
<PolyStyle>
<fill>0</fill>
</PolyStyle>
</Style>
<MultiGeometry>
<LineString>
<coordinates>-58.22634561104737,-32.21387102470732 -58.22582660360299,-32.21501135128397</coordinates>
</LineString>
</MultiGeometry>
</Placemark>
<Placemark>
<name>178</name>
<Style>
<LineStyle>
<color>ff00ff00</color>
</LineStyle>
<PolyStyle>
<fill>0</fill>
</PolyStyle>
</Style>
<MultiGeometry>
<LineString>
<coordinates>-58.22582660360299,-32.21501135128397 -58.22595937294923,-32.21505446782922</coordinates>
</LineString>
</MultiGeometry>
</Placemark>
<Placemark>
<name>179</name>
<Style>
<LineStyle>
<color>ff00ff00</color>
</LineStyle>
<PolyStyle>
<fill>0</fill>
</PolyStyle>
</Style>
<MultiGeometry>
<LineString>
<coordinates>-58.22595937294923,-32.21505446782922 -58.22596674902402,-32.214978446538375</coordinates>
</LineString>
</MultiGeometry>
</Placemark>
<Placemark>
<name>180</name>
<Style>
<LineStyle>
<color>ff00ff00</color>
</LineStyle>
<PolyStyle>
<fill>0</fill>
</PolyStyle>
</Style>
<MultiGeometry>
<LineString>
<coordinates>-58.22582660360299,-32.21501135128397 -58.2255853748257,-32.21494531380433 -58.22562141461335,-32.21485363532602</coordinates>
</LineString>
</MultiGeometry>
</Placemark>
<Placemark>
<name>181</name>
<Style>
<LineStyle>
<color>ff00ff00</color>
</LineStyle>
<PolyStyle>
<fill>0</fill>
</PolyStyle>
</Style>
<MultiGeometry>
<LineString>
<coordinates>-58.22582660360299,-32.21501135128397 -58.226978612374886,-32.2153768934339</coordinates>
</LineString>
</MultiGeometry>
</Placemark>
<Placemark>
<name>182</name>
<Style>
<LineStyle>
<color>ff00ff00</color>
</LineStyle>
<PolyStyle>
<fill>0</fill>
</PolyStyle>
</Style>
<MultiGeometry>
<LineString>
<coordinates>-58.226978612374886,-32.2153768934339 -58.22765452904664,-32.21561157714049 -58.22764245910607,-32.215489036077685</coordinates>
</LineString>
</MultiGeometry>
</Placemark>
<Placemark>
<name>183</name>
<Style>
<LineStyle>
<color>ff00ff00</color>
</LineStyle>
<PolyStyle>
<fill>0</fill>
</PolyStyle>
</Style>
<MultiGeometry>
<LineString>
<coordinates>-58.22582660360299,-32.21501135128397 -58.2255853748257,-32.21494531380433</coordinates>
</LineString>
</MultiGeometry>
</Placemark>
<Placemark>
<name>184</name>
<Style>
<LineStyle>
<color>ff00ff00</color>
</LineStyle>
<PolyStyle>
<fill>0</fill>
</PolyStyle>
</Style>
<MultiGeometry>
<LineString>
<coordinates>-58.2255853748257,-32.21494531380433 -58.22455657763444,-32.2146108202948</coordinates>
</LineString>
</MultiGeometry>
</Placemark>
<Placemark>
<name>185</name>
<Style>
<LineStyle>
<color>ff00ff00</color>
</LineStyle>
<PolyStyle>
<fill>0</fill>
</PolyStyle>
</Style>
<MultiGeometry>
<LineString>
<coordinates>-58.21815414471589,-32.211068370271406 -58.218497467469795,-32.210374837211134</coordinates>
</LineString>
</MultiGeometry>
</Placemark>
<Placemark>
<name>186</name>
<Style>
<LineStyle>
<color>ff00ff00</color>
</LineStyle>
<PolyStyle>
<fill>0</fill>
</PolyStyle>
</Style>
<MultiGeometry>
<LineString>
<coordinates>-58.21815414471589,-32.211068370271406 -58.218030763101204,-32.211334755947696</coordinates>
</LineString>
</MultiGeometry>
</Placemark>
<Placemark>
<name>187</name>
<Style>
<LineStyle>
<color>ff00ff00</color>
</LineStyle>
<PolyStyle>
<fill>0</fill>
</PolyStyle>
</Style>
<MultiGeometry>
<LineString>
<coordinates>-58.21815414471589,-32.211068370271406 -58.218140733670815,-32.21117864416404 -58.21841163678132,-32.21126240297674</coordinates>
</LineString>
</MultiGeometry>
</Placemark>
<Placemark>
<name>188</name>
<Style>
<LineStyle>
<color>ff00ff00</color>
</LineStyle>
<PolyStyle>
<fill>0</fill>
</PolyStyle>
</Style>
<MultiGeometry>
<LineString>
<coordinates>-58.21841163678132,-32.21126240297674 -58.218754959535225,-32.21138608442669 -58.21870667977296,-32.21147459031514</coordinates>
</LineString>
</MultiGeometry>
</Placemark>
<Placemark>
<name>T2#43a48+s43c7a8 (189)</name>
<Style>
<LineStyle>
<color>ff00ff00</color>
</LineStyle>
<PolyStyle>
<fill>0</fill>
</PolyStyle>
</Style>
<MultiGeometry>
<LineString>
<coordinates>-58.21815414471589,-32.211068370271406 -58.217505050134285,-32.212631652846895</coordinates>
</LineString>
</MultiGeometry>
</Placemark>
<Placemark>
<name>190</name>
<Style>
<LineStyle>
<color>ff00ff00</color>
</LineStyle>
<PolyStyle>
<fill>0</fill>
</PolyStyle>
</Style>
<MultiGeometry>
<LineString>
<coordinates>-58.217505050134285,-32.212631652846895 -58.21769012255631,-32.21217774541081</coordinates>
</LineString>
</MultiGeometry>
</Placemark>
<Placemark>
<name>191</name>
<Style>
<LineStyle>
<color>ff00ff00</color>
</LineStyle>
<PolyStyle>
<fill>0</fill>
</PolyStyle>
</Style>
<MultiGeometry>
<LineString>
<coordinates>-58.217505050134285,-32.212631652846895 -58.2175613765236,-32.21251169135906</coordinates>
</LineString>
</MultiGeometry>
</Placemark>
<Placemark>
<name>192</name>
<Style>
<LineStyle>
<color>ff00ff00</color>
</LineStyle>
<PolyStyle>
<fill>0</fill>
</PolyStyle>
</Style>
<MultiGeometry>
<LineString>
<coordinates>-58.217505050134285,-32.212631652846895 -58.21731193108521,-32.21308356696319</coordinates>
</LineString>
</MultiGeometry>
</Placemark>
<Placemark>
<name>193</name>
<Style>
<LineStyle>
<color>ff00ff00</color>
</LineStyle>
<PolyStyle>
<fill>0</fill>
</PolyStyle>
</Style>
<MultiGeometry>
<LineString>
<coordinates>-58.217505050134285,-32.212631652846895 -58.217620385121926,-32.2126932395595 -58.21757478756867,-32.21280670700074</coordinates>
</LineString>
</MultiGeometry>
</Placemark>
<Placemark>
<name>194</name>
<Style>
<LineStyle>
<color>ff00ff00</color>
</LineStyle>
<PolyStyle>
<fill>0</fill>
</PolyStyle>
</Style>
<MultiGeometry>
<LineString>
<coordinates>-58.217505050134285,-32.212631652846895 -58.217620385121926,-32.2126932395595 -58.21757478756867,-32.21280670700074 -58.21843309445344,-32.213097183005175</coordinates>
</LineString>
</MultiGeometry>
</Placemark>
<Placemark>
<name>195</name>
<Style>
<LineStyle>
<color>ff00ff00</color>
</LineStyle>
<PolyStyle>
<fill>0</fill>
</PolyStyle>
</Style>
<MultiGeometry>
<LineString>
<coordinates>-58.21843309445344,-32.213097183005175 -58.21865840001069,-32.21315701646784</coordinates>
</LineString>
</MultiGeometry>
</Placemark>
<Placemark>
<name>T2#1a42+s42c7a8 (196)</name>
<Style>
<LineStyle>
<color>ff00ff00</color>
</LineStyle>
<PolyStyle>
<fill>0</fill>
</PolyStyle>
</Style>
<MultiGeometry>
<LineString>
<coordinates>-58.21815414471589,-32.211068370271406 -58.21759624524079,-32.21091906732918</coordinates>
</LineString>
</MultiGeometry>
</Placemark>
<Placemark>
<name>197</name>
<Style>
<LineStyle>
<color>ff00ff00</color>
</LineStyle>
<PolyStyle>
<fill>0</fill>
</PolyStyle>
</Style>
<MultiGeometry>
<LineString>
<coordinates>-58.21759624524079,-32.21091906732918 -58.217794728707894,-32.21098395515708</coordinates>
</LineString>
</MultiGeometry>
</Placemark>
<Placemark>
<name>198</name>
<Style>
<LineStyle>
<color>ff00ff00</color>
</LineStyle>
<PolyStyle>
<fill>0</fill>
</PolyStyle>
</Style>
<MultiGeometry>
<LineString>
<coordinates>-58.21759624524079,-32.21091906732918 -58.21783764405213,-32.21036712581454</coordinates>
</LineString>
</MultiGeometry>
</Placemark>
<Placemark>
<name>199</name>
<Style>
<LineStyle>
<color>ff00ff00</color>
</LineStyle>
<PolyStyle>
<fill>0</fill>
</PolyStyle>
</Style>
<MultiGeometry>
<LineString>
<coordinates>-58.21759624524079,-32.21091906732918 -58.21679962916337,-32.2107370564155</coordinates>
</LineString>
</MultiGeometry>
</Placemark>
<Placemark>
<name>200</name>
<Style>
<LineStyle>
<color>ff00ff00</color>
</LineStyle>
<PolyStyle>
<fill>0</fill>
</PolyStyle>
</Style>
<MultiGeometry>
<LineString>
<coordinates>-58.21759624524079,-32.21091906732918 -58.2174715225216,-32.210987806862775</coordinates>
</LineString>
</MultiGeometry>
</Placemark>
<Placemark>
<name>201</name>
<Style>
<LineStyle>
<color>ff00ff00</color>
</LineStyle>
<PolyStyle>
<fill>0</fill>
</PolyStyle>
</Style>
<MultiGeometry>
<LineString>
<coordinates>-58.21759624524079,-32.21091906732918 -58.21714026970826,-32.21202150940745</coordinates>
</LineString>
</MultiGeometry>
</Placemark>
<Placemark>
<name>202</name>
<Style>
<LineStyle>
<color>ff00ff00</color>
</LineStyle>
<PolyStyle>
<fill>0</fill>
</PolyStyle>
</Style>
<MultiGeometry>
<LineString>
<coordinates>-58.21714026970826,-32.21202150940745 -58.217011523675545,-32.212298371760404</coordinates>
</LineString>
</MultiGeometry>
</Placemark>
<Placemark>
<name>T2#1a24 (203)</name>
<Style>
<LineStyle>
<color>ff00ff00</color>
</LineStyle>
<PolyStyle>
<fill>0</fill>
</PolyStyle>
</Style>
<MultiGeometry>
<LineString>
<coordinates>-58.21759624524079,-32.21091906732918 -58.21679962916337,-32.2107370564155 -58.21581794066392,-32.2104112793555</coordinates>
</LineString>
</MultiGeometry>
</Placemark>
<Placemark>
<name>204</name>
<Style>
<LineStyle>
<color>ff00ff00</color>
</LineStyle>
<PolyStyle>
<fill>0</fill>
</PolyStyle>
</Style>
<MultiGeometry>
<LineString>
<coordinates>-58.21581794066392,-32.2104112793555 -58.21589036030732,-32.21027408002727</coordinates>
</LineString>
</MultiGeometry>
</Placemark>
<Placemark>
<name>205</name>
<Style>
<LineStyle>
<color>ff00ff00</color>
</LineStyle>
<PolyStyle>
<fill>0</fill>
</PolyStyle>
</Style>
<MultiGeometry>
<LineString>
<coordinates>-58.21581794066392,-32.2104112793555 -58.215687853526696,-32.21064285850332</coordinates>
</LineString>
</MultiGeometry>
</Placemark>
<Placemark>
<name>206</name>
<Style>
<LineStyle>
<color>ff00ff00</color>
</LineStyle>
<PolyStyle>
<fill>0</fill>
</PolyStyle>
</Style>
<MultiGeometry>
<LineString>
<coordinates>-58.21581794066392,-32.2104112793555 -58.21553362650834,-32.21032663705977</coordinates>
</LineString>
</MultiGeometry>
</Placemark>
<Placemark>
<name>T2#1a21+s21c6a8 (207)</name>
<Style>
<LineStyle>
<color>ff00ff00</color>
</LineStyle>
<PolyStyle>
<fill>0</fill>
</PolyStyle>
</Style>
<MultiGeometry>
<LineString>
<coordinates>-58.21581794066392,-32.2104112793555 -58.21367753787003,-32.209733958698855</coordinates>
</LineString>
</MultiGeometry>
</Placemark>
<Placemark>
<name>208</name>
<Style>
<LineStyle>
<color>ff00ff00</color>
</LineStyle>
<PolyStyle>
<fill>0</fill>
</PolyStyle>
</Style>
<MultiGeometry>
<LineString>
<coordinates>-58.21367753787003,-32.209733958698855 -58.21356488509141,-32.20999494209418</coordinates>
</LineString>
</MultiGeometry>
</Placemark>
<Placemark>
<name>209</name>
<Style>
<LineStyle>
<color>ff00ff00</color>
</LineStyle>
<PolyStyle>
<fill>0</fill>
</PolyStyle>
</Style>
<MultiGeometry>
<LineString>
<coordinates>-58.21367753787003,-32.209733958698855 -58.213749957513436,-32.20962956513103</coordinates>
</LineString>
</MultiGeometry>
</Placemark>
<Placemark>
<name>210</name>
<Style>
<LineStyle>
<color>ff00ff00</color>
</LineStyle>
<PolyStyle>
<fill>0</fill>
</PolyStyle>
</Style>
<MultiGeometry>
<LineString>
<coordinates>-58.213749957513436,-32.20962956513103 -58.21403293056451,-32.20896008179353 -58.21380896611175,-32.2088787958979</coordinates>
</LineString>
</MultiGeometry>
</Placemark>
<Placemark>
<name>211</name>
<Style>
<LineStyle>
<color>ff00ff00</color>
</LineStyle>
<PolyStyle>
<fill>0</fill>
</PolyStyle>
</Style>
<MultiGeometry>
<LineString>
<coordinates>-58.21367753787003,-32.209733958698855 -58.21321888012849,-32.20959537883802</coordinates>
</LineString>
</MultiGeometry>
</Placemark>
<Placemark>
<name>212</name>
<Style>
<LineStyle>
<color>ff00ff00</color>
</LineStyle>
<PolyStyle>
<fill>0</fill>
</PolyStyle>
</Style>
<MultiGeometry>
<LineString>
<coordinates>-58.21321888012849,-32.20959537883802 -58.21230692906342,-32.20930503653537 -58.21185631794892,-32.21039249735398</coordinates>
</LineString>
</MultiGeometry>
</Placemark>
<Placemark>
<name>T2#25a41 (213)</name>
<Style>
<LineStyle>
<color>ff00ff00</color>
</LineStyle>
<PolyStyle>
<fill>0</fill>
</PolyStyle>
</Style>
<MultiGeometry>
<LineString>
<coordinates>-58.21759624524079,-32.21091906732918 -58.21664674324952,-32.213128953761874</coordinates>
</LineString>
</MultiGeometry>
</Placemark>
<Placemark>
<name>T2#31a36 (214)</name>
<Style>
<LineStyle>
<color>ff00ff00</color>
</LineStyle>
<PolyStyle>
<fill>0</fill>
</PolyStyle>
</Style>
<MultiGeometry>
<LineString>
<coordinates>-58.21664674324952,-32.213128953761874 -58.215657008123024,-32.212782299926985</coordinates>
</LineString>
</MultiGeometry>
</Placemark>
<Placemark>
<name>215</name>
<Style>
<LineStyle>
<color>ff00ff00</color>
</LineStyle>
<PolyStyle>
<fill>0</fill>
</PolyStyle>
</Style>
<MultiGeometry>
<LineString>
<coordinates>-58.215657008123024,-32.212782299926985 -58.21599630756341,-32.21289294216143</coordinates>
</LineString>
</MultiGeometry>
</Placemark>
<Placemark>
<name>216</name>
<Style>
<LineStyle>
<color>ff00ff00</color>
</LineStyle>
<PolyStyle>
<fill>0</fill>
</PolyStyle>
</Style>
<MultiGeometry>
<LineString>
<coordinates>-58.21599630756341,-32.21289294216143 -58.216481787395104,-32.213038180141865</coordinates>
</LineString>
</MultiGeometry>
</Placemark>
<Placemark>
<name>217</name>
<Style>
<LineStyle>
<color>ff00ff00</color>
</LineStyle>
<PolyStyle>
<fill>0</fill>
</PolyStyle>
</Style>
<MultiGeometry>
<LineString>
<coordinates>-58.215657008123024,-32.212782299926985 -58.21558995289765,-32.21291109692168</coordinates>
</LineString>
</MultiGeometry>
</Placemark>
<Placemark>
<name>218</name>
<Style>
<LineStyle>
<color>ff00ff00</color>
</LineStyle>
<PolyStyle>
<fill>0</fill>
</PolyStyle>
</Style>
<MultiGeometry>
<LineString>
<coordinates>-58.215657008123024,-32.212782299926985 -58.21477590246163,-32.212481055064494</coordinates>
</LineString>
</MultiGeometry>
</Placemark>
<Placemark>
<name>219</name>
<Style>
<LineStyle>
<color>ff00ff00</color>
</LineStyle>
<PolyStyle>
<fill>0</fill>
</PolyStyle>
</Style>
<MultiGeometry>
<LineString>
<coordinates>-58.21477590246163,-32.212481055064494 -58.21490330738984,-32.21239822354973</coordinates>
</LineString>
</MultiGeometry>
</Placemark>
<Placemark>
<name>220</name>
<Style>
<LineStyle>
<color>ff00ff00</color>
</LineStyle>
<PolyStyle>
<fill>0</fill>
</PolyStyle>
</Style>
<MultiGeometry>
<LineString>
<coordinates>-58.215657008123024,-32.212782299926985 -58.216035199594124,-32.21190123287675</coordinates>
</LineString>
</MultiGeometry>
</Placemark>
<Placemark>
<name>221</name>
<Style>
<LineStyle>
<color>ff00ff00</color>
</LineStyle>
<PolyStyle>
<fill>0</fill>
</PolyStyle>
</Style>
<MultiGeometry>
<LineString>
<coordinates>-58.216035199594124,-32.21190123287675 -58.215251994561775,-32.21163840363192</coordinates>
</LineString>
</MultiGeometry>
</Placemark>
<Placemark>
<name>222</name>
<Style>
<LineStyle>
<color>ff00ff00</color>
</LineStyle>
<PolyStyle>
<fill>0</fill>
</PolyStyle>
</Style>
<MultiGeometry>
<LineString>
<coordinates>-58.216035199594124,-32.21190123287675 -58.21613712353669,-32.21163571619862</coordinates>
</LineString>
</MultiGeometry>
</Placemark>
<Placemark>
<name>223</name>
<Style>
<LineStyle>
<color>ff00ff00</color>
</LineStyle>
<PolyStyle>
<fill>0</fill>
</PolyStyle>
</Style>
<MultiGeometry>
<LineString>
<coordinates>-58.21613712353669,-32.21163571619862 -58.216292691659554,-32.211603944920235</coordinates>
</LineString>
</MultiGeometry>
</Placemark>
<Placemark>
<name>T2#37a41 (224)</name>
<Style>
<LineStyle>
<color>ff00ff00</color>
</LineStyle>
<PolyStyle>
<fill>0</fill>
</PolyStyle>
</Style>
<MultiGeometry>
<LineString>
<coordinates>-58.21664674324952,-32.213128953761874 -58.216271233987435,-32.21395952817738</coordinates>
</LineString>
</MultiGeometry>
</Placemark>
<Placemark>
<name>225</name>
<Style>
<LineStyle>
<color>ff00ff00</color>
</LineStyle>
<PolyStyle>
<fill>0</fill>
</PolyStyle>
</Style>
<MultiGeometry>
<LineString>
<coordinates>-58.216271233987435,-32.21395952817738 -58.21619613213502,-32.214063916774904</coordinates>
</LineString>
</MultiGeometry>
</Placemark>
<Placemark>
<name>226</name>
<Style>
<LineStyle>
<color>ff00ff00</color>
</LineStyle>
<PolyStyle>
<fill>0</fill>
</PolyStyle>
</Style>
<MultiGeometry>
<LineString>
<coordinates>-58.216271233987435,-32.21395952817738 -58.21661992115937,-32.2140729940386</coordinates>
</LineString>
</MultiGeometry>
</Placemark>
<Placemark>
<name>227</name>
<Style>
<LineStyle>
<color>ff00ff00</color>
</LineStyle>
<PolyStyle>
<fill>0</fill>
</PolyStyle>
</Style>
<MultiGeometry>
<LineString>
<coordinates>-58.216271233987435,-32.21395952817738 -58.21522785468064,-32.21362100652697</coordinates>
</LineString>
</MultiGeometry>
</Placemark>
<Placemark>
<name>228</name>
<Style>
<LineStyle>
<color>ff00ff00</color>
</LineStyle>
<PolyStyle>
<fill>0</fill>
</PolyStyle>
</Style>
<MultiGeometry>
<LineString>
<coordinates>-58.21522785468064,-32.21362100652697 -58.21525065345727,-32.21350452865167</coordinates>
</LineString>
</MultiGeometry>
</Placemark>
<Placemark>
<name>229</name>
<Style>
<LineStyle>
<color>ff00ff00</color>
</LineStyle>
<PolyStyle>
<fill>0</fill>
</PolyStyle>
</Style>
<MultiGeometry>
<LineString>
<coordinates>-58.21522785468064,-32.21362100652697 -58.21435345454179,-32.21331730873435</coordinates>
</LineString>
</MultiGeometry>
</Placemark>
<Placemark>
<name>230</name>
<Style>
<LineStyle>
<color>ff00ff00</color>
</LineStyle>
<PolyStyle>
<fill>0</fill>
</PolyStyle>
</Style>
<MultiGeometry>
<LineString>
<coordinates>-58.216271233987435,-32.21395952817738 -58.21594266338311,-32.21470840024506</coordinates>
</LineString>
</MultiGeometry>
</Placemark>
<Placemark>
<name>231</name>
<Style>
<LineStyle>
<color>ff00ff00</color>
</LineStyle>
<PolyStyle>
<fill>0</fill>
</PolyStyle>
</Style>
<MultiGeometry>
<LineString>
<coordinates>-58.21594266338311,-32.21470840024506 -58.216786218118294,-32.21498071583156</coordinates>
</LineString>
</MultiGeometry>
</Placemark>
<Placemark>
<name>232</name>
<Style>
<LineStyle>
<color>ff00ff00</color>
</LineStyle>
<PolyStyle>
<fill>0</fill>
</PolyStyle>
</Style>
<MultiGeometry>
<LineString>
<coordinates>-58.21594266338311,-32.21470840024506 -58.2158689026352,-32.214858173918536</coordinates>
</LineString>
</MultiGeometry>
</Placemark>
<Placemark>
<name>233</name>
<Style>
<LineStyle>
<color>ff00ff00</color>
</LineStyle>
<PolyStyle>
<fill>0</fill>
</PolyStyle>
</Style>
<MultiGeometry>
<LineString>
<coordinates>-58.21594266338311,-32.21470840024506 -58.21517152829133,-32.214436083843125</coordinates>
</LineString>
</MultiGeometry>
</Placemark>
<Placemark>
<name>T2#25a30 (234)</name>
<Style>
<LineStyle>
<color>ff00ff00</color>
</LineStyle>
<PolyStyle>
<fill>0</fill>
</PolyStyle>
</Style>
<MultiGeometry>
<LineString>
<coordinates>-58.21664674324952,-32.213128953761874 -58.218335193824394,-32.213642957676 -58.21796639008485,-32.21450870163002 -58.2189480785843,-32.21484909673325</coordinates>
</LineString>
</MultiGeometry>
</Placemark>
<Placemark>
<name>235</name>
<Style>
<LineStyle>
<color>ff00ff00</color>
</LineStyle>
<PolyStyle>
<fill>0</fill>
</PolyStyle>
</Style>
<MultiGeometry>
<LineString>
<coordinates>-58.2189480785843,-32.21484909673325 -58.21915192646943,-32.21489448265072</coordinates>
</LineString>
</MultiGeometry>
</Placemark>
<Placemark>
<name>236</name>
<Style>
<LineStyle>
<color>ff00ff00</color>
</LineStyle>
<PolyStyle>
<fill>0</fill>
</PolyStyle>
</Style>
<MultiGeometry>
<LineString>
<coordinates>-58.2189480785843,-32.21484909673325 -58.219044638108834,-32.21464530489824</coordinates>
</LineString>
</MultiGeometry>
</Placemark>
<Placemark>
<name>237</name>
<Style>
<LineStyle>
<color>ff00ff00</color>
</LineStyle>
<PolyStyle>
<fill>0</fill>
</PolyStyle>
</Style>
<MultiGeometry>
<LineString>
<coordinates>-58.2189480785843,-32.21484909673325 -58.21809513611756,-32.21456770353923</coordinates>
</LineString>
</MultiGeometry>
</Placemark>
<Placemark>
<name>238</name>
<Style>
<LineStyle>
<color>ff00ff00</color>
</LineStyle>
<PolyStyle>
<fill>0</fill>
</PolyStyle>
</Style>
<MultiGeometry>
<LineString>
<coordinates>-58.21809513611756,-32.21456770353923 -58.21767671151124,-32.214408852158066</coordinates>
</LineString>
</MultiGeometry>
</Placemark>
<Placemark>
<name>239</name>
<Style>
<LineStyle>
<color>ff00ff00</color>
</LineStyle>
<PolyStyle>
<fill>0</fill>
</PolyStyle>
</Style>
<MultiGeometry>
<LineString>
<coordinates>-58.2189480785843,-32.21484909673325 -58.218529653977974,-32.2158884285633</coordinates>
</LineString>
</MultiGeometry>
</Placemark>
<Placemark>
<name>240</name>
<Style>
<LineStyle>
<color>ff00ff00</color>
</LineStyle>
<PolyStyle>
<fill>0</fill>
</PolyStyle>
</Style>
<MultiGeometry>
<LineString>
<coordinates>-58.218529653977974,-32.2158884285633 -58.21867449326478,-32.21558888436355 -58.21943892283401,-32.21584781449155</coordinates>
</LineString>
</MultiGeometry>
</Placemark>
<Placemark>
<name>241</name>
<Style>
<LineStyle>
<color>ff00ff00</color>
</LineStyle>
<PolyStyle>
<fill>0</fill>
</PolyStyle>
</Style>
<MultiGeometry>
<LineString>
<coordinates>-58.21943892283401,-32.21584781449155 -58.21965618176423,-32.21591565980524 -58.21993785628554,-32.2153120790181</coordinates>
</LineString>
</MultiGeometry>
</Placemark>
<Placemark>
<name>T2#25a29 (242)</name>
<Style>
<LineStyle>
<color>ff00ff00</color>
</LineStyle>
<PolyStyle>
<fill>0</fill>
</PolyStyle>
</Style>
<MultiGeometry>
<LineString>
<coordinates>-58.2189480785843,-32.21484909673325 -58.219358456563576,-32.213944777605015</coordinates>
</LineString>
</MultiGeometry>
</Placemark>
<Placemark>
<name>243</name>
<Style>
<LineStyle>
<color>ff00ff00</color>
</LineStyle>
<PolyStyle>
<fill>0</fill>
</PolyStyle>
</Style>
<MultiGeometry>
<LineString>
<coordinates>-58.219358456563576,-32.213944777605015 -58.219149244260414,-32.21389825655342</coordinates>
</LineString>
</MultiGeometry>
</Placemark>
<Placemark>
<name>244</name>
<Style>
<LineStyle>
<color>ff00ff00</color>
</LineStyle>
<PolyStyle>
<fill>0</fill>
</PolyStyle>
</Style>
<MultiGeometry>
<LineString>
<coordinates>-58.219358456563576,-32.213944777605015 -58.219149244260414,-32.21389825655342 -58.21920557064973,-32.213778333206555</coordinates>
</LineString>
</MultiGeometry>
</Placemark>
<Placemark>
<name>245</name>
<Style>
<LineStyle>
<color>ff00ff00</color>
</LineStyle>
<PolyStyle>
<fill>0</fill>
</PolyStyle>
</Style>
<MultiGeometry>
<LineString>
<coordinates>-58.219358456563576,-32.213944777605015 -58.21967763943635,-32.2131850048977</coordinates>
</LineString>
</MultiGeometry>
</Placemark>
<Placemark>
<name>246</name>
<Style>
<LineStyle>
<color>ff00ff00</color>
</LineStyle>
<PolyStyle>
<fill>0</fill>
</PolyStyle>
</Style>
<MultiGeometry>
<LineString>
<coordinates>-58.21967763943635,-32.2131850048977 -58.21986002964936,-32.21277720547968</coordinates>
</LineString>
</MultiGeometry>
</Placemark>
<Placemark>
<name>247</name>
<Style>
<LineStyle>
<color>ff00ff00</color>
</LineStyle>
<PolyStyle>
<fill>0</fill>
</PolyStyle>
</Style>
<MultiGeometry>
<LineString>
<coordinates>-58.219358456563576,-32.213944777605015 -58.220283818673714,-32.21426815498874</coordinates>
</LineString>
</MultiGeometry>
</Placemark>
<Placemark>
<name>248</name>
<Style>
<LineStyle>
<color>ff00ff00</color>
</LineStyle>
<PolyStyle>
<fill>0</fill>
</PolyStyle>
</Style>
<MultiGeometry>
<LineString>
<coordinates>-58.220283818673714,-32.21426815498874 -58.22016982479058,-32.21421262733878</coordinates>
</LineString>
</MultiGeometry>
</Placemark>
<Placemark>
<name>249</name>
<Style>
<LineStyle>
<color>ff00ff00</color>
</LineStyle>
<PolyStyle>
<fill>0</fill>
</PolyStyle>
</Style>
<MultiGeometry>
<LineString>
<coordinates>-58.220283818673714,-32.21426815498874 -58.22033746285401,-32.21413199623049 -58.22021408123933,-32.214107808994996</coordinates>
</LineString>
</MultiGeometry>
</Placemark>
<Placemark>
<name>250</name>
<Style>
<LineStyle>
<color>ff00ff00</color>
</LineStyle>
<PolyStyle>
<fill>0</fill>
</PolyStyle>
</Style>
<MultiGeometry>
<LineString>
<coordinates>-58.220283818673714,-32.21426815498874 -58.22060031933747,-32.21438162046487</coordinates>
</LineString>
</MultiGeometry>
</Placemark>
<Placemark>
<name>251</name>
<Style>
<LineStyle>
<color>ff00ff00</color>
</LineStyle>
<PolyStyle>
<fill>0</fill>
</PolyStyle>
</Style>
<MultiGeometry>
<LineString>
<coordinates>-58.22060031933747,-32.21438162046487 -58.22117162985764,-32.21456316493219</coordinates>
</LineString>
</MultiGeometry>
</Placemark>
<Placemark>
<name>252</name>
<Style>
<LineStyle>
<color>ff00ff00</color>
</LineStyle>
<PolyStyle>
<fill>0</fill>
</PolyStyle>
</Style>
<MultiGeometry>
<LineString>
<coordinates>-58.22117162985764,-32.21456316493219 -58.22121454520188,-32.21443592566314 -58.220970464181526,-32.214324116283464</coordinates>
</LineString>
</MultiGeometry>
</Placemark>
<Placemark>
<name>T1 1a18 (253)</name>
<Style>
<LineStyle>
<color>ff00ff00</color>
</LineStyle>
<PolyStyle>
<fill>0</fill>
</PolyStyle>
</Style>
<MultiGeometry>
<LineString>
<coordinates>-58.22117162985764,-32.21456316493219 -58.220970464181526,-32.214324116283464</coordinates>
</LineString>
</MultiGeometry>
</Placemark>
<Placemark>
<name>256</name>
<Style>
<LineStyle>
<color>ff00ff00</color>
</LineStyle>
<PolyStyle>
<fill>0</fill>
</PolyStyle>
</Style>
<MultiGeometry>
<LineString>
<coordinates>-58.22117162985764,-32.21456316493219 -58.220970464181526,-32.214324116283464</coordinates>
</LineString>
</MultiGeometry>
</Placemark>
<Placemark>
<name>257</name>
<Style>
<LineStyle>
<color>ff00ff00</color>
</LineStyle>
<PolyStyle>
<fill>0</fill>
</PolyStyle>
</Style>
<MultiGeometry>
<LineString>
<coordinates>-58.22711272282563,-32.21219398113614 -58.22701849863343,-32.212167545689844 -58.227216876121524,-32.21172805235148</coordinates>
</LineString>
</MultiGeometry>
</Placemark>
<Placemark>
<name>258</name>
<Style>
<LineStyle>
<color>ff00ff00</color>
</LineStyle>
<PolyStyle>
<fill>0</fill>
</PolyStyle>
</Style>
<MultiGeometry>
<LineString>
<coordinates>-58.22468264145814,-32.2062480565048 -58.224607086750034,-32.2063243790659</coordinates>
</LineString>
</MultiGeometry>
</Placemark>
<Placemark>
<name>259</name>
<Style>
<LineStyle>
<color>ff00ff00</color>
</LineStyle>
<PolyStyle>
<fill>0</fill>
</PolyStyle>
</Style>
<MultiGeometry>
<LineString>
<coordinates>-58.22341127438508,-32.20485740795149 -58.2234489729309,-32.204704787701864 -58.22462363285981,-32.20510341925857</coordinates>
</LineString>
</MultiGeometry>
</Placemark>
<Placemark>
<name>260</name>
<Style>
<LineStyle>
<color>ff00ff00</color>
</LineStyle>
<PolyStyle>
<fill>0</fill>
</PolyStyle>
</Style>
<MultiGeometry>
<LineString>
<coordinates>-58.22711272282563,-32.21219398113614 -58.22701849863343,-32.212167545689844</coordinates>
</LineString>
</MultiGeometry>
</Placemark>
<Placemark>
<name>261</name>
<Style>
<LineStyle>
<color>ff00ff00</color>
</LineStyle>
<PolyStyle>
<fill>0</fill>
</PolyStyle>
</Style>
<MultiGeometry>
<LineString>
<coordinates>-58.22462363285981,-32.20510341925857 -58.22591645760499,-32.20550819288952 -58.22591645760499,-32.2056148607145</coordinates>
</LineString>
</MultiGeometry>
</Placemark>
<Placemark>
<name>262</name>
<Style>
<LineStyle>
<color>ff00ff00</color>
</LineStyle>
<PolyStyle>
<fill>0</fill>
</PolyStyle>
</Style>
<MultiGeometry>
<LineString>
<coordinates>-58.226485085916146,-32.20460945475903 -58.22635231656991,-32.2049022264888</coordinates>
</LineString>
</MultiGeometry>
</Placemark>
<Placemark>
<name>263</name>
<Style>
<LineStyle>
<color>ff00ff00</color>
</LineStyle>
<PolyStyle>
<fill>0</fill>
</PolyStyle>
</Style>
<MultiGeometry>
<LineString>
<coordinates>-58.226485085916146,-32.20460945475903 -58.22635231656991,-32.2049022264888</coordinates>
</LineString>
</MultiGeometry>
</Placemark>
<Placemark>
<name>T2 F6a8 (265)</name>
<Style>
<LineStyle>
<color>ff00ff00</color>
</LineStyle>
<PolyStyle>
<fill>0</fill>
</PolyStyle>
</Style>
<MultiGeometry>
<LineString>
<coordinates>-58.226485085916146,-32.20460945475903 -58.22635231656991,-32.2049022264888</coordinates>
</LineString>
</MultiGeometry>
</Placemark>
<Placemark>
<name>T2 F1a20 (266)</name>
<Style>
<LineStyle>
<color>ff00ff00</color>
</LineStyle>
<PolyStyle>
<fill>0</fill>
</PolyStyle>
</Style>
<MultiGeometry>
<LineString>
<coordinates>-58.21367753787003,-32.209733958698855 -58.21100483315429,-32.20889876642076</coordinates>
</LineString>
</MultiGeometry>
</Placemark>
<Placemark>
<name>267</name>
<Style>
<LineStyle>
<color>ff00ff00</color>
</LineStyle>
<PolyStyle>
<fill>0</fill>
</PolyStyle>
</Style>
<MultiGeometry>
<LineString>
<coordinates>-58.21100483315429,-32.20889876642076 -58.21155407373359,-32.20908507321671</coordinates>
</LineString>
</MultiGeometry>
</Placemark>
<Placemark>
<name>268</name>
<Style>
<LineStyle>
<color>ff00ff00</color>
</LineStyle>
<PolyStyle>
<fill>0</fill>
</PolyStyle>
</Style>
<MultiGeometry>
<LineString>
<coordinates>-58.21155407373359,-32.20908507321671 -58.212992466602046,-32.20950172703509</coordinates>
</LineString>
</MultiGeometry>
</Placemark>
<Placemark>
<name>269</name>
<Style>
<LineStyle>
<color>ff00ff00</color>
</LineStyle>
<PolyStyle>
<fill>0</fill>
</PolyStyle>
</Style>
<MultiGeometry>
<LineString>
<coordinates>-58.21100483315429,-32.20889876642076 -58.21059530057876,-32.20880408710639</coordinates>
</LineString>
</MultiGeometry>
</Placemark>
<Placemark>
<name>270</name>
<Style>
<LineStyle>
<color>ff00ff00</color>
</LineStyle>
<PolyStyle>
<fill>0</fill>
</PolyStyle>
</Style>
<MultiGeometry>
<LineString>
<coordinates>-58.21100483315429,-32.20889876642076 -58.2108535214805,-32.209265534846615</coordinates>
</LineString>
</MultiGeometry>
</Placemark>
<Placemark>
<name>T2 F1a19 s20 C1a4 (271)</name>
<Style>
<LineStyle>
<color>ff00ff00</color>
</LineStyle>
<PolyStyle>
<fill>0</fill>
</PolyStyle>
</Style>
<MultiGeometry>
<LineString>
<coordinates>-58.21100483315429,-32.20889876642076 -58.21046130669537,-32.210129263518965</coordinates>
</LineString>
</MultiGeometry>
</Placemark>
<Placemark>
<name>272</name>
<Style>
<LineStyle>
<color>ff00ff00</color>
</LineStyle>
<PolyStyle>
<fill>0</fill>
</PolyStyle>
</Style>
<MultiGeometry>
<LineString>
<coordinates>-58.21046130669537,-32.210129263518965 -58.21030999502082,-32.21053018553999</coordinates>
</LineString>
</MultiGeometry>
</Placemark>
<Placemark>
<name>273</name>
<Style>
<LineStyle>
<color>ff00ff00</color>
</LineStyle>
<PolyStyle>
<fill>0</fill>
</PolyStyle>
</Style>
<MultiGeometry>
<LineString>
<coordinates>-58.21030999502082,-32.21053018553999 -58.20991375692285,-32.21140583975126</coordinates>
</LineString>
</MultiGeometry>
</Placemark>
<Placemark>
<name>274</name>
<Style>
<LineStyle>
<color>ff00ff00</color>
</LineStyle>
<PolyStyle>
<fill>0</fill>
</PolyStyle>
</Style>
<MultiGeometry>
<LineString>
<coordinates>-58.21046130669537,-32.210129263518965 -58.211003841752074,-32.21030762472498</coordinates>
</LineString>
</MultiGeometry>
</Placemark>
<Placemark>
<name>275</name>
<Style>
<LineStyle>
<color>ff00ff00</color>
</LineStyle>
<PolyStyle>
<fill>0</fill>
</PolyStyle>
</Style>
<MultiGeometry>
<LineString>
<coordinates>-58.211003841752074,-32.21030762472498 -58.21169255720038,-32.210507544909575 -58.21161550197462,-32.21069755318412</coordinates>
</LineString>
</MultiGeometry>
</Placemark>
<Placemark>
<name>T2 F17 + S17 C1a3 (276)</name>
<Style>
<LineStyle>
<color>ff00ff00</color>
</LineStyle>
<PolyStyle>
<fill>0</fill>
</PolyStyle>
</Style>
<MultiGeometry>
<LineString>
<coordinates>-58.21046130669537,-32.210129263518965 -58.2131665770527,-32.21100600769407</coordinates>
</LineString>
</MultiGeometry>
</Placemark>
<Placemark>
<name>T2 F1a16 (277)</name>
<Style>
<LineStyle>
<color>ff00ff00</color>
</LineStyle>
<PolyStyle>
<fill>0</fill>
</PolyStyle>
</Style>
<MultiGeometry>
<LineString>
<coordinates>-58.21046130669537,-32.210129263518965 -58.20958725625924,-32.2120743826218</coordinates>
</LineString>
</MultiGeometry>
</Placemark>
<Placemark>
<name>278</name>
<Style>
<LineStyle>
<color>ff00ff00</color>
</LineStyle>
<PolyStyle>
<fill>0</fill>
</PolyStyle>
</Style>
<MultiGeometry>
<LineString>
<coordinates>-58.20958725625924,-32.2120743826218 -58.209423961781766,-32.212566573710426</coordinates>
</LineString>
</MultiGeometry>
</Placemark>
<Placemark>
<name>T2 F14a16 + S16 C8 (279)</name>
<Style>
<LineStyle>
<color>ff00ff00</color>
</LineStyle>
<PolyStyle>
<fill>0</fill>
</PolyStyle>
</Style>
<MultiGeometry>
<LineString>
<coordinates>-58.20958725625924,-32.2120743826218 -58.208228105124505,-32.21163613378614</coordinates>
</LineString>
</MultiGeometry>
</Placemark>
<Placemark>
<name>280</name>
<Style>
<LineStyle>
<color>ff00ff00</color>
</LineStyle>
<PolyStyle>
<fill>0</fill>
</PolyStyle>
</Style>
<MultiGeometry>
<LineString>
<coordinates>-58.208228105124505,-32.21163613378614 -58.20816580204921,-32.21179179814658</coordinates>
</LineString>
</MultiGeometry>
</Placemark>
<Placemark>
<name>281</name>
<Style>
<LineStyle>
<color>ff00ff00</color>
</LineStyle>
<PolyStyle>
<fill>0</fill>
</PolyStyle>
</Style>
<MultiGeometry>
<LineString>
<coordinates>-58.208228105124505,-32.21163613378614 -58.20775956395104,-32.21152216682022</coordinates>
</LineString>
</MultiGeometry>
</Placemark>
<Placemark>
<name>282</name>
<Style>
<LineStyle>
<color>ff00ff00</color>
</LineStyle>
<PolyStyle>
<fill>0</fill>
</PolyStyle>
</Style>
<MultiGeometry>
<LineString>
<coordinates>-58.208228105124505,-32.21163613378614 -58.20878518862687,-32.21182789321422</coordinates>
</LineString>
</MultiGeometry>
</Placemark>
<Placemark>
<name>283</name>
<Style>
<LineStyle>
<color>ff00ff00</color>
</LineStyle>
<PolyStyle>
<fill>0</fill>
</PolyStyle>
</Style>
<MultiGeometry>
<LineString>
<coordinates>-58.208228105124505,-32.21163613378614 -58.208483031548816,-32.21112594698948</coordinates>
</LineString>
</MultiGeometry>
</Placemark>
<Placemark>
<name>T2 F14a15 (284)</name>
<Style>
<LineStyle>
<color>ff00ff00</color>
</LineStyle>
<PolyStyle>
<fill>0</fill>
</PolyStyle>
</Style>
<MultiGeometry>
<LineString>
<coordinates>-58.208228105124505,-32.21163613378614 -58.206936854619485,-32.21125005308541</coordinates>
</LineString>
</MultiGeometry>
</Placemark>
<Placemark>
<name>285</name>
<Style>
<LineStyle>
<color>ff00ff00</color>
</LineStyle>
<PolyStyle>
<fill>0</fill>
</PolyStyle>
</Style>
<MultiGeometry>
<LineString>
<coordinates>-58.206936854619485,-32.21125005308541 -58.2062060692301,-32.21103375086498</coordinates>
</LineString>
</MultiGeometry>
</Placemark>
<Placemark>
<name>286</name>
<Style>
<LineStyle>
<color>ff00ff00</color>
</LineStyle>
<PolyStyle>
<fill>0</fill>
</PolyStyle>
</Style>
<MultiGeometry>
<LineString>
<coordinates>-58.2062060692301,-32.21103375086498 -58.205550997961915,-32.2108558157093 -58.2052700948515,-32.2114426649882</coordinates>
</LineString>
</MultiGeometry>
</Placemark>
<Placemark>
<name>287</name>
<Style>
<LineStyle>
<color>ff00ff00</color>
</LineStyle>
<PolyStyle>
<fill>0</fill>
</PolyStyle>
</Style>
<MultiGeometry>
<LineString>
<coordinates>-58.206936854619485,-32.21125005308541 -58.20673641777894,-32.211727969874374</coordinates>
</LineString>
</MultiGeometry>
</Placemark>
<Placemark>
<name>T2 F14 + S15 C3a5 (288)</name>
<Style>
<LineStyle>
<color>ff00ff00</color>
</LineStyle>
<PolyStyle>
<fill>0</fill>
</PolyStyle>
</Style>
<MultiGeometry>
<LineString>
<coordinates>-58.206936854619485,-32.21125005308541 -58.206445631235574,-32.212365376082545</coordinates>
</LineString>
</MultiGeometry>
</Placemark>
<Placemark>
<name>289</name>
<Style>
<LineStyle>
<color>ff00ff00</color>
</LineStyle>
<PolyStyle>
<fill>0</fill>
</PolyStyle>
</Style>
<MultiGeometry>
<LineString>
<coordinates>-58.2131665770527,-32.21100600769407 -58.21310500281291,-32.211097207899456</coordinates>
</LineString>
</MultiGeometry>
</Placemark>
<Placemark>
<name>290</name>
<Style>
<LineStyle>
<color>ff00ff00</color>
</LineStyle>
<PolyStyle>
<fill>0</fill>
</PolyStyle>
</Style>
<MultiGeometry>
<LineString>
<coordinates>-58.2131665770527,-32.21100600769407 -58.21380847041097,-32.211171175301985</coordinates>
</LineString>
</MultiGeometry>
</Placemark>
<Placemark>
<name>291</name>
<Style>
<LineStyle>
<color>ff00ff00</color>
</LineStyle>
<PolyStyle>
<fill>0</fill>
</PolyStyle>
</Style>
<MultiGeometry>
<LineString>
<coordinates>-58.21380847041097,-32.211171175301985 -58.21445829382866,-32.21134272619853</coordinates>
</LineString>
</MultiGeometry>
</Placemark>
<Placemark>
<name>292</name>
<Style>
<LineStyle>
<color>ff00ff00</color>
</LineStyle>
<PolyStyle>
<fill>0</fill>
</PolyStyle>
</Style>
<MultiGeometry>
<LineString>
<coordinates>-58.2131665770527,-32.21100600769407 -58.21342441882184,-32.21031511399407</coordinates>
</LineString>
</MultiGeometry>
</Placemark>
<Placemark>
<name>293</name>
<Style>
<LineStyle>
<color>ff00ff00</color>
</LineStyle>
<PolyStyle>
<fill>0</fill>
</PolyStyle>
</Style>
<MultiGeometry>
<LineString>
<coordinates>-58.2131665770527,-32.21100600769407 -58.21249943584434,-32.21077587634606</coordinates>
</LineString>
</MultiGeometry>
</Placemark>
<Placemark>
<name>T2 F1a13 (294)</name>
<Style>
<LineStyle>
<color>ff00ff00</color>
</LineStyle>
<PolyStyle>
<fill>0</fill>
</PolyStyle>
</Style>
<MultiGeometry>
<LineString>
<coordinates>-58.20958725625924,-32.2120743826218 -58.21224369229271,-32.21297867250951</coordinates>
</LineString>
</MultiGeometry>
</Placemark>
<Placemark>
<name>295</name>
<Style>
<LineStyle>
<color>ff00ff00</color>
</LineStyle>
<PolyStyle>
<fill>0</fill>
</PolyStyle>
</Style>
<MultiGeometry>
<LineString>
<coordinates>-58.21224369229271,-32.21297867250951 -58.21121981728537,-32.2126464251809</coordinates>
</LineString>
</MultiGeometry>
</Placemark>
<Placemark>
<name>296</name>
<Style>
<LineStyle>
<color>ff00ff00</color>
</LineStyle>
<PolyStyle>
<fill>0</fill>
</PolyStyle>
</Style>
<MultiGeometry>
<LineString>
<coordinates>-58.21121981728537,-32.2126464251809 -58.210205709141526,-32.21227567178978</coordinates>
</LineString>
</MultiGeometry>
</Placemark>
<Placemark>
<name>297</name>
<Style>
<LineStyle>
<color>ff00ff00</color>
</LineStyle>
<PolyStyle>
<fill>0</fill>
</PolyStyle>
</Style>
<MultiGeometry>
<LineString>
<coordinates>-58.21224369229271,-32.21297867250951 -58.212063488587326,-32.21340707883098</coordinates>
</LineString>
</MultiGeometry>
</Placemark>
<Placemark>
<name>298</name>
<Style>
<LineStyle>
<color>ff00ff00</color>
</LineStyle>
<PolyStyle>
<fill>0</fill>
</PolyStyle>
</Style>
<MultiGeometry>
<LineString>
<coordinates>-58.21224369229271,-32.21297867250951 -58.21273331200546,-32.21314475853174</coordinates>
</LineString>
</MultiGeometry>
</Placemark>
<Placemark>
<name>T2 F10a12 (299)</name>
<Style>
<LineStyle>
<color>ff00ff00</color>
</LineStyle>
<PolyStyle>
<fill>0</fill>
</PolyStyle>
</Style>
<MultiGeometry>
<LineString>
<coordinates>-58.21224369229271,-32.21297867250951 -58.21274818072186,-32.211829579474966</coordinates>
</LineString>
</MultiGeometry>
</Placemark>
<Placemark>
<name>300</name>
<Style>
<LineStyle>
<color>ff00ff00</color>
</LineStyle>
<PolyStyle>
<fill>0</fill>
</PolyStyle>
</Style>
<MultiGeometry>
<LineString>
<coordinates>-58.21274818072186,-32.211829579474966 -58.2126155279434,-32.212182890433276</coordinates>
</LineString>
</MultiGeometry>
</Placemark>
<Placemark>
<name>301</name>
<Style>
<LineStyle>
<color>ff00ff00</color>
</LineStyle>
<PolyStyle>
<fill>0</fill>
</PolyStyle>
</Style>
<MultiGeometry>
<LineString>
<coordinates>-58.21274818072186,-32.211829579474966 -58.21327462252499,-32.21197730069516</coordinates>
</LineString>
</MultiGeometry>
</Placemark>
<Placemark>
<name>T2 F10a12 + S12 C7a8 (302)</name>
<Style>
<LineStyle>
<color>ff00ff00</color>
</LineStyle>
<PolyStyle>
<fill>0</fill>
</PolyStyle>
</Style>
<MultiGeometry>
<LineString>
<coordinates>-58.21274818072186,-32.211829579474966 -58.21131209092941,-32.21136723337834</coordinates>
</LineString>
</MultiGeometry>
</Placemark>
<Placemark>
<name>303</name>
<Style>
<LineStyle>
<color>ff00ff00</color>
</LineStyle>
<PolyStyle>
<fill>0</fill>
</PolyStyle>
</Style>
<MultiGeometry>
<LineString>
<coordinates>-58.21131209092941,-32.21136723337834 -58.211167980478265,-32.21172192407784</coordinates>
</LineString>
</MultiGeometry>
</Placemark>
<Placemark>
<name>304</name>
<Style>
<LineStyle>
<color>ff00ff00</color>
</LineStyle>
<PolyStyle>
<fill>0</fill>
</PolyStyle>
</Style>
<MultiGeometry>
<LineString>
<coordinates>-58.21131209092941,-32.21136723337834 -58.211878649299976,-32.21155108278343</coordinates>
</LineString>
</MultiGeometry>
</Placemark>
<Placemark>
<name>305</name>
<Style>
<LineStyle>
<color>ff00ff00</color>
</LineStyle>
<PolyStyle>
<fill>0</fill>
</PolyStyle>
</Style>
<MultiGeometry>
<LineString>
<coordinates>-58.21131209092941,-32.21136723337834 -58.21136048725862,-32.211260440817924 -58.21101521113213,-32.21115058776845</coordinates>
</LineString>
</MultiGeometry>
</Placemark>
<Placemark>
<name>306</name>
<Style>
<LineStyle>
<color>ff00ff00</color>
</LineStyle>
<PolyStyle>
<fill>0</fill>
</PolyStyle>
</Style>
<MultiGeometry>
<LineString>
<coordinates>-58.21101521113213,-32.21115058776845 -58.20866632487101,-32.21039892029074</coordinates>
</LineString>
</MultiGeometry>
</Placemark>
<Placemark>
<name>307</name>
<Style>
<LineStyle>
<color>ff00ff00</color>
</LineStyle>
<PolyStyle>
<fill>0</fill>
</PolyStyle>
</Style>
<MultiGeometry>
<LineString>
<coordinates>-58.20866632487101,-32.21039892029074 -58.20688070250315,-32.209835183116255</coordinates>
</LineString>
</MultiGeometry>
</Placemark>
<Placemark>
<name>308</name>
<Style>
<LineStyle>
<color>ff00ff00</color>
</LineStyle>
<PolyStyle>
<fill>0</fill>
</PolyStyle>
</Style>
<MultiGeometry>
<LineString>
<coordinates>-58.20688070250315,-32.209835183116255 -58.206125048396856,-32.20960731836142 -58.20628402756493,-32.209241017546454</coordinates>
</LineString>
</MultiGeometry>
</Placemark>
<Placemark>
<name>T2 F1a11 + S13 C1a4 (309)</name>
<Style>
<LineStyle>
<color>ff00ff00</color>
</LineStyle>
<PolyStyle>
<fill>0</fill>
</PolyStyle>
</Style>
<MultiGeometry>
<LineString>
<coordinates>-58.21224369229271,-32.21297867250951 -58.21174036953735,-32.21409655953661</coordinates>
</LineString>
</MultiGeometry>
</Placemark>
<Placemark>
<name>310</name>
<Style>
<LineStyle>
<color>ff00ff00</color>
</LineStyle>
<PolyStyle>
<fill>0</fill>
</PolyStyle>
</Style>
<MultiGeometry>
<LineString>
<coordinates>-58.21174036953735,-32.21409655953661 -58.21153077810091,-32.21447911230669</coordinates>
</LineString>
</MultiGeometry>
</Placemark>
<Placemark>
<name>311</name>
<Style>
<LineStyle>
<color>ff00ff00</color>
</LineStyle>
<PolyStyle>
<fill>0</fill>
</PolyStyle>
</Style>
<MultiGeometry>
<LineString>
<coordinates>-58.21174036953735,-32.21409655953661 -58.21201162235072,-32.21416275549127</coordinates>
</LineString>
</MultiGeometry>
</Placemark>
<Placemark>
<name>312</name>
<Style>
<LineStyle>
<color>ff00ff00</color>
</LineStyle>
<PolyStyle>
<fill>0</fill>
</PolyStyle>
</Style>
<MultiGeometry>
<LineString>
<coordinates>-58.21201162235072,-32.21416275549127 -58.21231141749222,-32.21421970022398 -58.21211098065193,-32.214604559723824</coordinates>
</LineString>
</MultiGeometry>
</Placemark>
<Placemark>
<name>T2 S13 C1a4 (313)</name>
<Style>
<LineStyle>
<color>ff00ff00</color>
</LineStyle>
<PolyStyle>
<fill>0</fill>
</PolyStyle>
</Style>
<MultiGeometry>
<LineString>
<coordinates>-58.21174036953735,-32.21409655953661 -58.21040474601513,-32.21360993034971</coordinates>
</LineString>
</MultiGeometry>
</Placemark>
<Placemark>
<name>314</name>
<Style>
<LineStyle>
<color>ff00ff00</color>
</LineStyle>
<PolyStyle>
<fill>0</fill>
</PolyStyle>
</Style>
<MultiGeometry>
<LineString>
<coordinates>-58.21040474601513,-32.21360993034971 -58.21040474601513,-32.21360993034971</coordinates>
</LineString>
</MultiGeometry>
</Placemark>
<Placemark>
<name>315</name>
<Style>
<LineStyle>
<color>ff00ff00</color>
</LineStyle>
<PolyStyle>
<fill>0</fill>
</PolyStyle>
</Style>
<MultiGeometry>
<LineString>
<coordinates>-58.21040474601513,-32.21360993034971 -58.21093923444503,-32.21379509231541</coordinates>
</LineString>
</MultiGeometry>
</Placemark>
<Placemark>
<name>316</name>
<Style>
<LineStyle>
<color>ff00ff00</color>
</LineStyle>
<PolyStyle>
<fill>0</fill>
</PolyStyle>
</Style>
<MultiGeometry>
<LineString>
<coordinates>-58.21040474601513,-32.21360993034971 -58.21066101354351,-32.21307252210322</coordinates>
</LineString>
</MultiGeometry>
</Placemark>
<Placemark>
<name>T2 F1a9 + S9 C6a8 (317)</name>
<Style>
<LineStyle>
<color>ff00ff00</color>
</LineStyle>
<PolyStyle>
<fill>0</fill>
</PolyStyle>
</Style>
<MultiGeometry>
<LineString>
<coordinates>-58.21174036953735,-32.21409655953661 -58.21297538079084,-32.21447882520792</coordinates>
</LineString>
</MultiGeometry>
</Placemark>
<Placemark>
<name>318</name>
<Style>
<LineStyle>
<color>ff00ff00</color>
</LineStyle>
<PolyStyle>
<fill>0</fill>
</PolyStyle>
</Style>
<MultiGeometry>
<LineString>
<coordinates>-58.21297538079084,-32.21447882520792 -58.21266229117233,-32.214358763803745</coordinates>
</LineString>
</MultiGeometry>
</Placemark>
<Placemark>
<name>319</name>
<Style>
<LineStyle>
<color>ff00ff00</color>
</LineStyle>
<PolyStyle>
<fill>0</fill>
</PolyStyle>
</Style>
<MultiGeometry>
<LineString>
<coordinates>-58.21297538079084,-32.21447882520792 -58.21244039665982,-32.215542412465076</coordinates>
</LineString>
</MultiGeometry>
</Placemark>
<Placemark>
<name>320</name>
<Style>
<LineStyle>
<color>ff00ff00</color>
</LineStyle>
<PolyStyle>
<fill>0</fill>
</PolyStyle>
</Style>
<MultiGeometry>
<LineString>
<coordinates>-58.21244039665982,-32.215542412465076 -58.21257791815581,-32.21561410648627</coordinates>
</LineString>
</MultiGeometry>
</Placemark>
<Placemark>
<name>321</name>
<Style>
<LineStyle>
<color>ff00ff00</color>
</LineStyle>
<PolyStyle>
<fill>0</fill>
</PolyStyle>
</Style>
<MultiGeometry>
<LineString>
<coordinates>-58.21257791815581,-32.21561410648627 -58.21226751074634,-32.21622134789776</coordinates>
</LineString>
</MultiGeometry>
</Placemark>
<Placemark>
<name>T2 F1a8 (322)</name>
<Style>
<LineStyle>
<color>ff00ff00</color>
</LineStyle>
<PolyStyle>
<fill>0</fill>
</PolyStyle>
</Style>
<MultiGeometry>
<LineString>
<coordinates>-58.21297538079084,-32.21447882520792 -58.21462321909712,-32.215026785186566 -58.214666863277294,-32.2149498410408</coordinates>
</LineString>
</MultiGeometry>
</Placemark>
<Placemark>
<name>323</name>
<Style>
<LineStyle>
<color>ff00ff00</color>
</LineStyle>
<PolyStyle>
<fill>0</fill>
</PolyStyle>
</Style>
<MultiGeometry>
<LineString>
<coordinates>-58.214666863277294,-32.2149498410408 -58.21397692329173,-32.21472312318894</coordinates>
</LineString>
</MultiGeometry>
</Placemark>
<Placemark>
<name>324</name>
<Style>
<LineStyle>
<color>ff00ff00</color>
</LineStyle>
<PolyStyle>
<fill>0</fill>
</PolyStyle>
</Style>
<MultiGeometry>
<LineString>
<coordinates>-58.21397692329173,-32.21472312318894 -58.21350290113242,-32.21456561858013</coordinates>
</LineString>
</MultiGeometry>
</Placemark>
<Placemark>
<name>325</name>
<Style>
<LineStyle>
<color>ff00ff00</color>
</LineStyle>
<PolyStyle>
<fill>0</fill>
</PolyStyle>
</Style>
<MultiGeometry>
<LineString>
<coordinates>-58.214666863277294,-32.2149498410408 -58.214860827729595,-32.2150049396153</coordinates>
</LineString>
</MultiGeometry>
</Placemark>
<Placemark>
<name>T2 F6a8 (326)</name>
<Style>
<LineStyle>
<color>ff00ff00</color>
</LineStyle>
<PolyStyle>
<fill>0</fill>
</PolyStyle>
</Style>
<MultiGeometry>
<LineString>
<coordinates>-58.214666863277294,-32.2149498410408 -58.214922811689135,-32.21446887255428</coordinates>
</LineString>
</MultiGeometry>
</Placemark>
<Placemark>
<name>327</name>
<Style>
<LineStyle>
<color>ff00ff00</color>
</LineStyle>
<PolyStyle>
<fill>0</fill>
</PolyStyle>
</Style>
<MultiGeometry>
<LineString>
<coordinates>-58.214922811689135,-32.21446887255428 -58.21482977804307,-32.21460389043187</coordinates>
</LineString>
</MultiGeometry>
</Placemark>
<Placemark>
<name>328</name>
<Style>
<LineStyle>
<color>ff00ff00</color>
</LineStyle>
<PolyStyle>
<fill>0</fill>
</PolyStyle>
</Style>
<MultiGeometry>
<LineString>
<coordinates>-58.214922811689135,-32.21446887255428 -58.21536158426401,-32.21462339136371</coordinates>
</LineString>
</MultiGeometry>
</Placemark>
<Placemark>
<name>329</name>
<Style>
<LineStyle>
<color>ff00ff00</color>
</LineStyle>
<PolyStyle>
<fill>0</fill>
</PolyStyle>
</Style>
<MultiGeometry>
<LineString>
<coordinates>-58.214922811689135,-32.21446887255428 -58.21433234483835,-32.21430022710419</coordinates>
</LineString>
</MultiGeometry>
</Placemark>
<Placemark>
<name>330</name>
<Style>
<LineStyle>
<color>ff00ff00</color>
</LineStyle>
<PolyStyle>
<fill>0</fill>
</PolyStyle>
</Style>
<MultiGeometry>
<LineString>
<coordinates>-58.21433234483835,-32.21430022710419 -58.21351846925252,-32.214018058284786</coordinates>
</LineString>
</MultiGeometry>
</Placemark>
<Placemark>
<name>331</name>
<Style>
<LineStyle>
<color>ff00ff00</color>
</LineStyle>
<PolyStyle>
<fill>0</fill>
</PolyStyle>
</Style>
<MultiGeometry>
<LineString>
<coordinates>-58.21351846925252,-32.214018058284786 -58.213297974129496,-32.21394529664803 -58.213222260008145,-32.21413215987943</coordinates>
</LineString>
</MultiGeometry>
</Placemark>
<Placemark>
<name>332</name>
<Style>
<LineStyle>
<color>ff00ff00</color>
</LineStyle>
<PolyStyle>
<fill>0</fill>
</PolyStyle>
</Style>
<MultiGeometry>
<LineString>
<coordinates>-58.21351846925252,-32.214018058284786 -58.213297974129496,-32.21394529664803 -58.21321677902264,-32.21387473578828</coordinates>
</LineString>
</MultiGeometry>
</Placemark>
<Placemark>
<name>T2 F7 + S7 C1a3 (333)</name>
<Style>
<LineStyle>
<color>ff00ff00</color>
</LineStyle>
<PolyStyle>
<fill>0</fill>
</PolyStyle>
</Style>
<MultiGeometry>
<LineString>
<coordinates>-58.214666863277294,-32.2149498410408 -58.21462321909712,-32.215026785186566 -58.21574534443645,-32.215367102872754 -58.21560799779115,-32.215669340650415</coordinates>
</LineString>
</MultiGeometry>
</Placemark>
<Placemark>
<name>334</name>
<Style>
<LineStyle>
<color>ff00ff00</color>
</LineStyle>
<PolyStyle>
<fill>0</fill>
</PolyStyle>
</Style>
<MultiGeometry>
<LineString>
<coordinates>-58.21560799779115,-32.215669340650415 -58.21510715354128,-32.21552453294445</coordinates>
</LineString>
</MultiGeometry>
</Placemark>
<Placemark>
<name>335</name>
<Style>
<LineStyle>
<color>ff00ff00</color>
</LineStyle>
<PolyStyle>
<fill>0</fill>
</PolyStyle>
</Style>
<MultiGeometry>
<LineString>
<coordinates>-58.21560799779115,-32.215669340650415 -58.2154726628031,-32.21597973411994</coordinates>
</LineString>
</MultiGeometry>
</Placemark>
<Placemark>
<name>336</name>
<Style>
<LineStyle>
<color>ff00ff00</color>
</LineStyle>
<PolyStyle>
<fill>0</fill>
</PolyStyle>
</Style>
<MultiGeometry>
<LineString>
<coordinates>-58.21560799779115,-32.215669340650415 -58.216054089890775,-32.21581996227738</coordinates>
</LineString>
</MultiGeometry>
</Placemark>
<Placemark>
<name>337</name>
<Style>
<LineStyle>
<color>ff00ff00</color>
</LineStyle>
<PolyStyle>
<fill>0</fill>
</PolyStyle>
</Style>
<MultiGeometry>
<LineString>
<coordinates>-58.216054089890775,-32.21581996227738 -58.21662881145623,-32.2159983116962</coordinates>
</LineString>
</MultiGeometry>
</Placemark>
<Placemark>
<name>338</name>
<Style>
<LineStyle>
<color>ff00ff00</color>
</LineStyle>
<PolyStyle>
<fill>0</fill>
</PolyStyle>
</Style>
<MultiGeometry>
<LineString>
<coordinates>-58.21560799779115,-32.215669340650415 -58.21586073770743,-32.215183502499436</coordinates>
</LineString>
</MultiGeometry>
</Placemark>
<Placemark>
<name>T2 F1a6 (339)</name>
<Style>
<LineStyle>
<color>ff00ff00</color>
</LineStyle>
<PolyStyle>
<fill>0</fill>
</PolyStyle>
</Style>
<MultiGeometry>
<LineString>
<coordinates>-58.214666863277294,-32.2149498410408 -58.21406914038621,-32.216333740142694</coordinates>
</LineString>
</MultiGeometry>
</Placemark>
<Placemark>
<name>340</name>
<Style>
<LineStyle>
<color>ff00ff00</color>
</LineStyle>
<PolyStyle>
<fill>0</fill>
</PolyStyle>
</Style>
<MultiGeometry>
<LineString>
<coordinates>-58.21406914038621,-32.216333740142694 -58.214325407914366,-32.21642266460403</coordinates>
</LineString>
</MultiGeometry>
</Placemark>
<Placemark>
<name>341</name>
<Style>
<LineStyle>
<color>ff00ff00</color>
</LineStyle>
<PolyStyle>
<fill>0</fill>
</PolyStyle>
</Style>
<MultiGeometry>
<LineString>
<coordinates>-58.214325407914366,-32.21642266460403 -58.214838438671904,-32.21657264711132</coordinates>
</LineString>
</MultiGeometry>
</Placemark>
<Placemark>
<name>342</name>
<Style>
<LineStyle>
<color>ff00ff00</color>
</LineStyle>
<PolyStyle>
<fill>0</fill>
</PolyStyle>
</Style>
<MultiGeometry>
<LineString>
<coordinates>-58.21406914038621,-32.216333740142694 -58.21427103489818,-32.21585627145577</coordinates>
</LineString>
</MultiGeometry>
</Placemark>
<Placemark>
<name>343</name>
<Style>
<LineStyle>
<color>ff00ff00</color>
</LineStyle>
<PolyStyle>
<fill>0</fill>
</PolyStyle>
</Style>
<MultiGeometry>
<LineString>
<coordinates>-58.21406914038621,-32.216333740142694 -58.21322960896455,-32.21604773509108</coordinates>
</LineString>
</MultiGeometry>
</Placemark>
<Placemark>
<name>344</name>
<Style>
<LineStyle>
<color>ff00ff00</color>
</LineStyle>
<PolyStyle>
<fill>0</fill>
</PolyStyle>
</Style>
<MultiGeometry>
<LineString>
<coordinates>-58.21322960896455,-32.21604773509108 -58.2130869561862,-32.21638507237904</coordinates>
</LineString>
</MultiGeometry>
</Placemark>
<Placemark>
<name>345</name>
<Style>
<LineStyle>
<color>ff00ff00</color>
</LineStyle>
<PolyStyle>
<fill>0</fill>
</PolyStyle>
</Style>
<MultiGeometry>
<LineString>
<coordinates>-58.21322960896455,-32.21604773509108 -58.21287360400208,-32.21590157898247</coordinates>
</LineString>
</MultiGeometry>
</Placemark>
<Placemark>
<name>346</name>
<Style>
<LineStyle>
<color>ff00ff00</color>
</LineStyle>
<PolyStyle>
<fill>0</fill>
</PolyStyle>
</Style>
<MultiGeometry>
<LineString>
<coordinates>-58.21322960896455,-32.21604773509108 -58.213403952550514,-32.21609720120987</coordinates>
</LineString>
</MultiGeometry>
</Placemark>
<Placemark>
<name>347</name>
<Style>
<LineStyle>
<color>ff00ff00</color>
</LineStyle>
<PolyStyle>
<fill>0</fill>
</PolyStyle>
</Style>
<MultiGeometry>
<LineString>
<coordinates>-58.21322960896455,-32.21604773509108 -58.21341882126809,-32.21561444423945</coordinates>
</LineString>
</MultiGeometry>
</Placemark>
<Placemark>
<name>T2 F5 (348)</name>
<Style>
<LineStyle>
<color>ff00ff00</color>
</LineStyle>
<PolyStyle>
<fill>0</fill>
</PolyStyle>
</Style>
<MultiGeometry>
<LineString>
<coordinates>-58.21406914038621,-32.216333740142694 -58.21370191088574,-32.21717475320081 -58.213827974710185,-32.21717838628901</coordinates>
</LineString>
</MultiGeometry>
</Placemark>
<Placemark>
<name>349</name>
<Style>
<LineStyle>
<color>ff00ff00</color>
</LineStyle>
<PolyStyle>
<fill>0</fill>
</PolyStyle>
</Style>
<MultiGeometry>
<LineString>
<coordinates>-58.213827974710185,-32.21717838628901 -58.21343806300142,-32.21804539661617</coordinates>
</LineString>
</MultiGeometry>
</Placemark>
<Placemark>
<name>350</name>
<Style>
<LineStyle>
<color>ff00ff00</color>
</LineStyle>
<PolyStyle>
<fill>0</fill>
</PolyStyle>
</Style>
<MultiGeometry>
<LineString>
<coordinates>-58.213827974710185,-32.21717838628901 -58.214349052094946,-32.21735900212812</coordinates>
</LineString>
</MultiGeometry>
</Placemark>
<Placemark>
<name>351</name>
<Style>
<LineStyle>
<color>ff00ff00</color>
</LineStyle>
<PolyStyle>
<fill>0</fill>
</PolyStyle>
</Style>
<MultiGeometry>
<LineString>
<coordinates>-58.213827974710185,-32.21717838628901 -58.213928674115714,-32.2169462121918</coordinates>
</LineString>
</MultiGeometry>
</Placemark>
<Placemark>
<name>352</name>
<Style>
<LineStyle>
<color>ff00ff00</color>
</LineStyle>
<PolyStyle>
<fill>0</fill>
</PolyStyle>
</Style>
<MultiGeometry>
<LineString>
<coordinates>-58.213928674115714,-32.2169462121918 -58.21405010235774,-32.216646883076656</coordinates>
</LineString>
</MultiGeometry>
</Placemark>
<Placemark>
<name>353</name>
<Style>
<LineStyle>
<color>ff00ff00</color>
</LineStyle>
<PolyStyle>
<fill>0</fill>
</PolyStyle>
</Style>
<MultiGeometry>
<LineString>
<coordinates>-58.213827974710185,-32.21717838628901 -58.21331590592397,-32.2170362705208</coordinates>
</LineString>
</MultiGeometry>
</Placemark>
<Placemark>
<name>354</name>
<Style>
<LineStyle>
<color>ff00ff00</color>
</LineStyle>
<PolyStyle>
<fill>0</fill>
</PolyStyle>
</Style>
<MultiGeometry>
<LineString>
<coordinates>-58.21331590592397,-32.2170362705208 -58.212469056711356,-32.216765307304364</coordinates>
</LineString>
</MultiGeometry>
</Placemark>
<Placemark>
<name>Troncal 3 (355)</name>
<Style>
<LineStyle>
<color>ff00ff00</color>
</LineStyle>
<PolyStyle>
<fill>0</fill>
</PolyStyle>
</Style>
<MultiGeometry>
<LineString>
<coordinates>-58.218345819117346,-32.21070097136606 -58.21885151905976,-32.209536518589154 -58.218729478549584,-32.20943325951052 -58.21425153059922,-32.208068186166365 -58.21587033087597,-32.20439395656035</coordinates>
</LineString>
</MultiGeometry>
</Placemark>
<Placemark>
<name>356</name>
<Style>
<LineStyle>
<color>ff00ff00</color>
</LineStyle>
<PolyStyle>
<fill>0</fill>
</PolyStyle>
</Style>
<MultiGeometry>
<LineString>
<coordinates>-58.21587033087597,-32.20439395656035 -58.21590108914338,-32.204318951646215 -58.21658050399676,-32.204553038450854</coordinates>
</LineString>
</MultiGeometry>
</Placemark>
<Placemark>
<name>357</name>
<Style>
<LineStyle>
<color>ff00ff00</color>
</LineStyle>
<PolyStyle>
<fill>0</fill>
</PolyStyle>
</Style>
<MultiGeometry>
<LineString>
<coordinates>-58.21658050399676,-32.204553038450854 -58.21730006484906,-32.20483636565426 -58.217421901654824,-32.20455044638932</coordinates>
</LineString>
</MultiGeometry>
</Placemark>
<Placemark>
<name>358</name>
<Style>
<LineStyle>
<color>ff00ff00</color>
</LineStyle>
<PolyStyle>
<fill>0</fill>
</PolyStyle>
</Style>
<MultiGeometry>
<LineString>
<coordinates>-58.21587033087597,-32.20439395656035 -58.216056248702145,-32.20396166431514</coordinates>
</LineString>
</MultiGeometry>
</Placemark>
<Placemark>
<name>359</name>
<Style>
<LineStyle>
<color>ff00ff00</color>
</LineStyle>
<PolyStyle>
<fill>0</fill>
</PolyStyle>
</Style>
<MultiGeometry>
<LineString>
<coordinates>-58.21587033087597,-32.20439395656035 -58.21590108914338,-32.204318951646215 -58.21453616502661,-32.203893911250105</coordinates>
</LineString>
</MultiGeometry>
</Placemark>
<Placemark>
<name>360</name>
<Style>
<LineStyle>
<color>ff00ff00</color>
</LineStyle>
<PolyStyle>
<fill>0</fill>
</PolyStyle>
</Style>
<MultiGeometry>
<LineString>
<coordinates>-58.21453616502661,-32.203893911250105 -58.21510313196145,-32.20408405196651</coordinates>
</LineString>
</MultiGeometry>
</Placemark>
<Placemark>
<name>361</name>
<Style>
<LineStyle>
<color>ff00ff00</color>
</LineStyle>
<PolyStyle>
<fill>0</fill>
</PolyStyle>
</Style>
<MultiGeometry>
<LineString>
<coordinates>-58.21453616502661,-32.203893911250105 -58.21436523248611,-32.20434392526305</coordinates>
</LineString>
</MultiGeometry>
</Placemark>
<Placemark>
<name>362</name>
<Style>
<LineStyle>
<color>ff00ff00</color>
</LineStyle>
<PolyStyle>
<fill>0</fill>
</PolyStyle>
</Style>
<MultiGeometry>
<LineString>
<coordinates>-58.21453616502661,-32.203893911250105 -58.214703919657936,-32.203507802101754</coordinates>
</LineString>
</MultiGeometry>
</Placemark>
<Placemark>
<name>363</name>
<Style>
<LineStyle>
<color>ff00ff00</color>
</LineStyle>
<PolyStyle>
<fill>0</fill>
</PolyStyle>
</Style>
<MultiGeometry>
<LineString>
<coordinates>-58.21453616502661,-32.203893911250105 -58.21412797355587,-32.20375539903082</coordinates>
</LineString>
</MultiGeometry>
</Placemark>
<Placemark>
<name>364</name>
<Style>
<LineStyle>
<color>ff00ff00</color>
</LineStyle>
<PolyStyle>
<fill>0</fill>
</PolyStyle>
</Style>
<MultiGeometry>
<LineString>
<coordinates>-58.21453616502661,-32.203893911250105 -58.213259666671235,-32.20348212812381</coordinates>
</LineString>
</MultiGeometry>
</Placemark>
<Placemark>
<name>365</name>
<Style>
<LineStyle>
<color>ff00ff00</color>
</LineStyle>
<PolyStyle>
<fill>0</fill>
</PolyStyle>
</Style>
<MultiGeometry>
<LineString>
<coordinates>-58.213259666671235,-32.20348212812381 -58.213127626160826,-32.20375355564831</coordinates>
</LineString>
</MultiGeometry>
</Placemark>
<Placemark>
<name>366</name>
<Style>
<LineStyle>
<color>ff00ff00</color>
</LineStyle>
<PolyStyle>
<fill>0</fill>
</PolyStyle>
</Style>
<MultiGeometry>
<LineString>
<coordinates>-58.213259666671235,-32.20348212812381 -58.21334768386824,-32.203496384918246 -58.21350934524495,-32.2031153078371</coordinates>
</LineString>
</MultiGeometry>
</Placemark>
<Placemark>
<name>367</name>
<Style>
<LineStyle>
<color>ff00ff00</color>
</LineStyle>
<PolyStyle>
<fill>0</fill>
</PolyStyle>
</Style>
<MultiGeometry>
<LineString>
<coordinates>-58.213259666671235,-32.20348212812381 -58.2128654985136,-32.203371344824696</coordinates>
</LineString>
</MultiGeometry>
</Placemark>
<Placemark>
<name>T3 F37a40 + S42 C1a5 + 35a36 (368)</name>
<Style>
<LineStyle>
<color>ff00ff00</color>
</LineStyle>
<PolyStyle>
<fill>0</fill>
</PolyStyle>
</Style>
<MultiGeometry>
<LineString>
<coordinates>-58.21587033087597,-32.20439395656035 -58.21639344877207,-32.20336404066879</coordinates>
</LineString>
</MultiGeometry>
</Placemark>
<Placemark>
<name>369</name>
<Style>
<LineStyle>
<color>ff00ff00</color>
</LineStyle>
<PolyStyle>
<fill>0</fill>
</PolyStyle>
</Style>
<MultiGeometry>
<LineString>
<coordinates>-58.21639344877207,-32.20336404066879 -58.216435139579474,-32.20328276191854 -58.21707088139932,-32.20348667008141</coordinates>
</LineString>
</MultiGeometry>
</Placemark>
<Placemark>
<name>370</name>
<Style>
<LineStyle>
<color>ff00ff00</color>
</LineStyle>
<PolyStyle>
<fill>0</fill>
</PolyStyle>
</Style>
<MultiGeometry>
<LineString>
<coordinates>-58.21639344877207,-32.20336404066879 -58.21563779466586,-32.20312254288133</coordinates>
</LineString>
</MultiGeometry>
</Placemark>
<Placemark>
<name>T3 F37a40 + S42 C1a3 (372)</name>
<Style>
<LineStyle>
<color>ff00ff00</color>
</LineStyle>
<PolyStyle>
<fill>0</fill>
</PolyStyle>
</Style>
<MultiGeometry>
<LineString>
<coordinates>-58.21639344877207,-32.20336404066879 -58.2136605692042,-32.202536350090114</coordinates>
</LineString>
</MultiGeometry>
</Placemark>
<Placemark>
<name>373</name>
<Style>
<LineStyle>
<color>ff00ff00</color>
</LineStyle>
<PolyStyle>
<fill>0</fill>
</PolyStyle>
</Style>
<MultiGeometry>
<LineString>
<coordinates>-58.2136605692042,-32.202536350090114 -58.21426467850097,-32.2027038747384</coordinates>
</LineString>
</MultiGeometry>
</Placemark>
<Placemark>
<name>374</name>
<Style>
<LineStyle>
<color>ff00ff00</color>
</LineStyle>
<PolyStyle>
<fill>0</fill>
</PolyStyle>
</Style>
<MultiGeometry>
<LineString>
<coordinates>-58.2136605692042,-32.202536350090114 -58.21303947739234,-32.20234490544056</coordinates>
</LineString>
</MultiGeometry>
</Placemark>
<Placemark>
<name>375</name>
<Style>
<LineStyle>
<color>ff00ff00</color>
</LineStyle>
<PolyStyle>
<fill>0</fill>
</PolyStyle>
</Style>
<MultiGeometry>
<LineString>
<coordinates>-58.21303947739234,-32.20234490544056 -58.21246621349887,-32.20213744927061 -58.212260412240916,-32.20263924575821</coordinates>
</LineString>
</MultiGeometry>
</Placemark>
<Placemark>
<name>376</name>
<Style>
<LineStyle>
<color>ff00ff00</color>
</LineStyle>
<PolyStyle>
<fill>0</fill>
</PolyStyle>
</Style>
<MultiGeometry>
<LineString>
<coordinates>-58.2136605692042,-32.202536350090114 -58.21373807627311,-32.20254904612631 -58.21406871681789,-32.201808230832135</coordinates>
</LineString>
</MultiGeometry>
</Placemark>
<Placemark>
<name>377</name>
<Style>
<LineStyle>
<color>ff00ff00</color>
</LineStyle>
<PolyStyle>
<fill>0</fill>
</PolyStyle>
</Style>
<MultiGeometry>
<LineString>
<coordinates>-58.21406871681789,-32.201808230832135 -58.21370218672495,-32.20167474004098</coordinates>
</LineString>
</MultiGeometry>
</Placemark>
<Placemark>
<name>378</name>
<Style>
<LineStyle>
<color>ff00ff00</color>
</LineStyle>
<PolyStyle>
<fill>0</fill>
</PolyStyle>
</Style>
<MultiGeometry>
<LineString>
<coordinates>-58.21406871681789,-32.201808230832135 -58.21436005676971,-32.201880354199375</coordinates>
</LineString>
</MultiGeometry>
</Placemark>
<Placemark>
<name>379</name>
<Style>
<LineStyle>
<color>ff00ff00</color>
</LineStyle>
<PolyStyle>
<fill>0</fill>
</PolyStyle>
</Style>
<MultiGeometry>
<LineString>
<coordinates>-58.21436005676971,-32.201880354199375 -58.2156817735459,-32.20231746829545</coordinates>
</LineString>
</MultiGeometry>
</Placemark>
<Placemark>
<name>380</name>
<Style>
<LineStyle>
<color>ff00ff00</color>
</LineStyle>
<PolyStyle>
<fill>0</fill>
</PolyStyle>
</Style>
<MultiGeometry>
<LineString>
<coordinates>-58.2156817735459,-32.20231746829545 -58.21696593939568,-32.202729614659354</coordinates>
</LineString>
</MultiGeometry>
</Placemark>
<Placemark>
<name>T3 F37a39 (381)</name>
<Style>
<LineStyle>
<color>ff00ff00</color>
</LineStyle>
<PolyStyle>
<fill>0</fill>
</PolyStyle>
</Style>
<MultiGeometry>
<LineString>
<coordinates>-58.2136605692042,-32.202536350090114 -58.2111694820084,-32.2017282095914</coordinates>
</LineString>
</MultiGeometry>
</Placemark>
<Placemark>
<name>382</name>
<Style>
<LineStyle>
<color>ff00ff00</color>
</LineStyle>
<PolyStyle>
<fill>0</fill>
</PolyStyle>
</Style>
<MultiGeometry>
<LineString>
<coordinates>-58.2111694820084,-32.2017282095914 -58.21167795104943,-32.20187756900245</coordinates>
</LineString>
</MultiGeometry>
</Placemark>
<Placemark>
<name>383</name>
<Style>
<LineStyle>
<color>ff00ff00</color>
</LineStyle>
<PolyStyle>
<fill>0</fill>
</PolyStyle>
</Style>
<MultiGeometry>
<LineString>
<coordinates>-58.2111694820084,-32.2017282095914 -58.21075178623775,-32.20269895074296</coordinates>
</LineString>
</MultiGeometry>
</Placemark>
<Placemark>
<name>384</name>
<Style>
<LineStyle>
<color>ff00ff00</color>
</LineStyle>
<PolyStyle>
<fill>0</fill>
</PolyStyle>
</Style>
<MultiGeometry>
<LineString>
<coordinates>-58.21075178623775,-32.20269895074296 -58.21021473216658,-32.20253688742542</coordinates>
</LineString>
</MultiGeometry>
</Placemark>
<Placemark>
<name>385</name>
<Style>
<LineStyle>
<color>ff00ff00</color>
</LineStyle>
<PolyStyle>
<fill>0</fill>
</PolyStyle>
</Style>
<MultiGeometry>
<LineString>
<coordinates>-58.21075178623775,-32.20269895074296 -58.210965867258984,-32.20225701733891</coordinates>
</LineString>
</MultiGeometry>
</Placemark>
<Placemark>
<name>386</name>
<Style>
<LineStyle>
<color>ff00ff00</color>
</LineStyle>
<PolyStyle>
<fill>0</fill>
</PolyStyle>
</Style>
<MultiGeometry>
<LineString>
<coordinates>-58.21075178623775,-32.20269895074296 -58.21133796547578,-32.202886618932105</coordinates>
</LineString>
</MultiGeometry>
</Placemark>
<Placemark>
<name>388</name>
<Style>
<LineStyle>
<color>ff00ff00</color>
</LineStyle>
<PolyStyle>
<fill>0</fill>
</PolyStyle>
</Style>
<MultiGeometry>
<LineString>
<coordinates>-58.2111694820084,-32.2017282095914 -58.211501696793526,-32.20096013886678 -58.21189805145975,-32.20110333965648</coordinates>
</LineString>
</MultiGeometry>
</Placemark>
<Placemark>
<name>389</name>
<Style>
<LineStyle>
<color>ff00ff00</color>
</LineStyle>
<PolyStyle>
<fill>0</fill>
</PolyStyle>
</Style>
<MultiGeometry>
<LineString>
<coordinates>-58.21189805145975,-32.20110333965648 -58.210761523673746,-32.20073246623372</coordinates>
</LineString>
</MultiGeometry>
</Placemark>
<Placemark>
<name>390</name>
<Style>
<LineStyle>
<color>ff00ff00</color>
</LineStyle>
<PolyStyle>
<fill>0</fill>
</PolyStyle>
</Style>
<MultiGeometry>
<LineString>
<coordinates>-58.210761523673746,-32.20073246623372 -58.210133274496066,-32.20053862448606 -58.20983359592239,-32.20120724842675</coordinates>
</LineString>
</MultiGeometry>
</Placemark>
<Placemark>
<name>T3 F43a48 (391)</name>
<Style>
<LineStyle>
<color>ff00ff00</color>
</LineStyle>
<PolyStyle>
<fill>0</fill>
</PolyStyle>
</Style>
<MultiGeometry>
<LineString>
<coordinates>-58.21587033087597,-32.20439395656035 -58.21540756268464,-32.205455230810855</coordinates>
</LineString>
</MultiGeometry>
</Placemark>
<Placemark>
<name>392</name>
<Style>
<LineStyle>
<color>ff00ff00</color>
</LineStyle>
<PolyStyle>
<fill>0</fill>
</PolyStyle>
</Style>
<MultiGeometry>
<LineString>
<coordinates>-58.21540756268464,-32.205455230810855 -58.21664793835538,-32.205868695451706</coordinates>
</LineString>
</MultiGeometry>
</Placemark>
<Placemark>
<name>393</name>
<Style>
<LineStyle>
<color>ff00ff00</color>
</LineStyle>
<PolyStyle>
<fill>0</fill>
</PolyStyle>
</Style>
<MultiGeometry>
<LineString>
<coordinates>-58.21664793835538,-32.205868695451706 -58.21694578012318,-32.20529794494073</coordinates>
</LineString>
</MultiGeometry>
</Placemark>
<Placemark>
<name>394</name>
<Style>
<LineStyle>
<color>ff00ff00</color>
</LineStyle>
<PolyStyle>
<fill>0</fill>
</PolyStyle>
</Style>
<MultiGeometry>
<LineString>
<coordinates>-58.21664793835538,-32.205868695451706 -58.21620207939007,-32.20572479362757</coordinates>
</LineString>
</MultiGeometry>
</Placemark>
<Placemark>
<name>395</name>
<Style>
<LineStyle>
<color>ff00ff00</color>
</LineStyle>
<PolyStyle>
<fill>0</fill>
</PolyStyle>
</Style>
<MultiGeometry>
<LineString>
<coordinates>-58.21664793835538,-32.205868695451706 -58.21651735551667,-32.20619348490556</coordinates>
</LineString>
</MultiGeometry>
</Placemark>
<Placemark>
<name>T3 F43a47 (396)</name>
<Style>
<LineStyle>
<color>ff00ff00</color>
</LineStyle>
<PolyStyle>
<fill>0</fill>
</PolyStyle>
</Style>
<MultiGeometry>
<LineString>
<coordinates>-58.21540756268464,-32.205455230810855 -58.21418995520276,-32.2050933819138</coordinates>
</LineString>
</MultiGeometry>
</Placemark>
<Placemark>
<name>397</name>
<Style>
<LineStyle>
<color>ff00ff00</color>
</LineStyle>
<PolyStyle>
<fill>0</fill>
</PolyStyle>
</Style>
<MultiGeometry>
<LineString>
<coordinates>-58.21418995520276,-32.2050933819138 -58.214700303751904,-32.20523317143865</coordinates>
</LineString>
</MultiGeometry>
</Placemark>
<Placemark>
<name>398</name>
<Style>
<LineStyle>
<color>ff00ff00</color>
</LineStyle>
<PolyStyle>
<fill>0</fill>
</PolyStyle>
</Style>
<MultiGeometry>
<LineString>
<coordinates>-58.21418995520276,-32.2050933819138 -58.21406132573802,-32.20535921927003</coordinates>
</LineString>
</MultiGeometry>
</Placemark>
<Placemark>
<name>399</name>
<Style>
<LineStyle>
<color>ff00ff00</color>
</LineStyle>
<PolyStyle>
<fill>0</fill>
</PolyStyle>
</Style>
<MultiGeometry>
<LineString>
<coordinates>-58.21418995520276,-32.2050933819138 -58.21367179316238,-32.204944106640234</coordinates>
</LineString>
</MultiGeometry>
</Placemark>
<Placemark>
<name>T3 F43a45 (400)</name>
<Style>
<LineStyle>
<color>ff00ff00</color>
</LineStyle>
<PolyStyle>
<fill>0</fill>
</PolyStyle>
</Style>
<MultiGeometry>
<LineString>
<coordinates>-58.21418995520276,-32.2050933819138 -58.21270389599763,-32.20461853296634</coordinates>
</LineString>
</MultiGeometry>
</Placemark>
<Placemark>
<name>T3 F43 (401)</name>
<Style>
<LineStyle>
<color>ff00ff00</color>
</LineStyle>
<PolyStyle>
<fill>0</fill>
</PolyStyle>
</Style>
<MultiGeometry>
<LineString>
<coordinates>-58.21270389599763,-32.20461853296634 -58.21237701504386,-32.20538574474402</coordinates>
</LineString>
</MultiGeometry>
</Placemark>
<Placemark>
<name>402</name>
<Style>
<LineStyle>
<color>ff00ff00</color>
</LineStyle>
<PolyStyle>
<fill>0</fill>
</PolyStyle>
</Style>
<MultiGeometry>
<LineString>
<coordinates>-58.21237701504386,-32.20538574474402 -58.21253331200292,-32.2050251012465</coordinates>
</LineString>
</MultiGeometry>
</Placemark>
<Placemark>
<name>403</name>
<Style>
<LineStyle>
<color>ff00ff00</color>
</LineStyle>
<PolyStyle>
<fill>0</fill>
</PolyStyle>
</Style>
<MultiGeometry>
<LineString>
<coordinates>-58.21237701504386,-32.20538574474402 -58.21226850214658,-32.205666457417585</coordinates>
</LineString>
</MultiGeometry>
</Placemark>
<Placemark>
<name>T3 F43 + S43 C7a8 (404)</name>
<Style>
<LineStyle>
<color>ff00ff00</color>
</LineStyle>
<PolyStyle>
<fill>0</fill>
</PolyStyle>
</Style>
<MultiGeometry>
<LineString>
<coordinates>-58.21237701504386,-32.20538574474402 -58.21117293633179,-32.20500417931683</coordinates>
</LineString>
</MultiGeometry>
</Placemark>
<Placemark>
<name>405</name>
<Style>
<LineStyle>
<color>ff00ff00</color>
</LineStyle>
<PolyStyle>
<fill>0</fill>
</PolyStyle>
</Style>
<MultiGeometry>
<LineString>
<coordinates>-58.21117293633179,-32.20500417931683 -58.211939319274215,-32.20524453754847</coordinates>
</LineString>
</MultiGeometry>
</Placemark>
<Placemark>
<name>406</name>
<Style>
<LineStyle>
<color>ff00ff00</color>
</LineStyle>
<PolyStyle>
<fill>0</fill>
</PolyStyle>
</Style>
<MultiGeometry>
<LineString>
<coordinates>-58.21117293633179,-32.20500417931683 -58.210709876144115,-32.20485885814615</coordinates>
</LineString>
</MultiGeometry>
</Placemark>
<Placemark>
<name>407</name>
<Style>
<LineStyle>
<color>ff00ff00</color>
</LineStyle>
<PolyStyle>
<fill>0</fill>
</PolyStyle>
</Style>
<MultiGeometry>
<LineString>
<coordinates>-58.21117293633179,-32.20500417931683 -58.2108383890412,-32.205754472825774</coordinates>
</LineString>
</MultiGeometry>
</Placemark>
<Placemark>
<name>408</name>
<Style>
<LineStyle>
<color>ff00ff00</color>
</LineStyle>
<PolyStyle>
<fill>0</fill>
</PolyStyle>
</Style>
<MultiGeometry>
<LineString>
<coordinates>-58.2108383890412,-32.205754472825774 -58.210947747342175,-32.20552773306141</coordinates>
</LineString>
</MultiGeometry>
</Placemark>
<Placemark>
<name>409</name>
<Style>
<LineStyle>
<color>ff00ff00</color>
</LineStyle>
<PolyStyle>
<fill>0</fill>
</PolyStyle>
</Style>
<MultiGeometry>
<LineString>
<coordinates>-58.2108383890412,-32.205754472825774 -58.20961748823866,-32.205355674401126</coordinates>
</LineString>
</MultiGeometry>
</Placemark>
<Placemark>
<name>410</name>
<Style>
<LineStyle>
<color>ff00ff00</color>
</LineStyle>
<PolyStyle>
<fill>0</fill>
</PolyStyle>
</Style>
<MultiGeometry>
<LineString>
<coordinates>-58.2108383890412,-32.205754472825774 -58.211578795296546,-32.20600568054832</coordinates>
</LineString>
</MultiGeometry>
</Placemark>
<Placemark>
<name>T3 F44a45 (411)</name>
<Style>
<LineStyle>
<color>ff00ff00</color>
</LineStyle>
<PolyStyle>
<fill>0</fill>
</PolyStyle>
</Style>
<MultiGeometry>
<LineString>
<coordinates>-58.21270389599763,-32.20461853296634 -58.21147101123579,-32.20423267432768</coordinates>
</LineString>
</MultiGeometry>
</Placemark>
<Placemark>
<name>412</name>
<Style>
<LineStyle>
<color>ff00ff00</color>
</LineStyle>
<PolyStyle>
<fill>0</fill>
</PolyStyle>
</Style>
<MultiGeometry>
<LineString>
<coordinates>-58.21147101123579,-32.20423267432768 -58.2117253559775,-32.20376574730108</coordinates>
</LineString>
</MultiGeometry>
</Placemark>
<Placemark>
<name>413</name>
<Style>
<LineStyle>
<color>ff00ff00</color>
</LineStyle>
<PolyStyle>
<fill>0</fill>
</PolyStyle>
</Style>
<MultiGeometry>
<LineString>
<coordinates>-58.21147101123579,-32.20423267432768 -58.21151165409051,-32.20415894758243 -58.212072964611174,-32.20431235600248</coordinates>
</LineString>
</MultiGeometry>
</Placemark>
<Placemark>
<name>414</name>
<Style>
<LineStyle>
<color>ff00ff00</color>
</LineStyle>
<PolyStyle>
<fill>0</fill>
</PolyStyle>
</Style>
<MultiGeometry>
<LineString>
<coordinates>-58.21147101123579,-32.20423267432768 -58.21137786275654,-32.20447005620544</coordinates>
</LineString>
</MultiGeometry>
</Placemark>
<Placemark>
<name>T3 F44+S45 C1a5 (415)</name>
<Style>
<LineStyle>
<color>ff00ff00</color>
</LineStyle>
<PolyStyle>
<fill>0</fill>
</PolyStyle>
</Style>
<MultiGeometry>
<LineString>
<coordinates>-58.21147101123579,-32.20423267432768 -58.21010751767121,-32.20380829939462</coordinates>
</LineString>
</MultiGeometry>
</Placemark>
<Placemark>
<name>416</name>
<Style>
<LineStyle>
<color>ff00ff00</color>
</LineStyle>
<PolyStyle>
<fill>0</fill>
</PolyStyle>
</Style>
<MultiGeometry>
<LineString>
<coordinates>-58.21010751767121,-32.20380829939462 -58.21058640854829,-32.20396532577607</coordinates>
</LineString>
</MultiGeometry>
</Placemark>
<Placemark>
<name>417</name>
<Style>
<LineStyle>
<color>ff00ff00</color>
</LineStyle>
<PolyStyle>
<fill>0</fill>
</PolyStyle>
</Style>
<MultiGeometry>
<LineString>
<coordinates>-58.21010751767121,-32.20380829939462 -58.21001448575938,-32.20403589541372</coordinates>
</LineString>
</MultiGeometry>
</Placemark>
<Placemark>
<name>418</name>
<Style>
<LineStyle>
<color>ff00ff00</color>
</LineStyle>
<PolyStyle>
<fill>0</fill>
</PolyStyle>
</Style>
<MultiGeometry>
<LineString>
<coordinates>-58.21010751767121,-32.20380829939462 -58.21029366863186,-32.203394458239096</coordinates>
</LineString>
</MultiGeometry>
</Placemark>
<Placemark>
<name>419</name>
<Style>
<LineStyle>
<color>ff00ff00</color>
</LineStyle>
<PolyStyle>
<fill>0</fill>
</PolyStyle>
</Style>
<MultiGeometry>
<LineString>
<coordinates>-58.21010751767121,-32.20380829939462 -58.20941708198475,-32.203617372525976</coordinates>
</LineString>
</MultiGeometry>
</Placemark>
<Placemark>
<name>420</name>
<Style>
<LineStyle>
<color>ff00ff00</color>
</LineStyle>
<PolyStyle>
<fill>0</fill>
</PolyStyle>
</Style>
<MultiGeometry>
<LineString>
<coordinates>-58.20941708198475,-32.203617372525976 -58.208855888032446,-32.20344055846755 -58.20870775426775,-32.20376305152913</coordinates>
</LineString>
</MultiGeometry>
</Placemark>
<Placemark>
<name>421</name>
<Style>
<LineStyle>
<color>ff00ff00</color>
</LineStyle>
<PolyStyle>
<fill>0</fill>
</PolyStyle>
</Style>
<MultiGeometry>
<LineString>
<coordinates>-58.21293290344088,-32.207633147280184 -58.21306578935445,-32.20731924955635</coordinates>
</LineString>
</MultiGeometry>
</Placemark>
<Placemark>
<name>T1 F8a9 (422)</name>
<Style>
<LineStyle>
<color>ff00ff00</color>
</LineStyle>
<PolyStyle>
<fill>0</fill>
</PolyStyle>
</Style>
<MultiGeometry>
<LineString>
<coordinates>-58.21293290344088,-32.207633147280184 -58.2117481547544,-32.207244661636416</coordinates>
</LineString>
</MultiGeometry>
</Placemark>
<Placemark>
<name>423</name>
<Style>
<LineStyle>
<color>ff00ff00</color>
</LineStyle>
<PolyStyle>
<fill>0</fill>
</PolyStyle>
</Style>
<MultiGeometry>
<LineString>
<coordinates>-58.2117481547544,-32.207244661636416 -58.21227380885941,-32.207413220438056</coordinates>
</LineString>
</MultiGeometry>
</Placemark>
<Placemark>
<name>424</name>
<Style>
<LineStyle>
<color>ff00ff00</color>
</LineStyle>
<PolyStyle>
<fill>0</fill>
</PolyStyle>
</Style>
<MultiGeometry>
<LineString>
<coordinates>-58.21227380885941,-32.207413220438056 -58.21343934524313,-32.207781301124854</coordinates>
</LineString>
</MultiGeometry>
</Placemark>
<Placemark>
<name>425</name>
<Style>
<LineStyle>
<color>ff00ff00</color>
</LineStyle>
<PolyStyle>
<fill>0</fill>
</PolyStyle>
</Style>
<MultiGeometry>
<LineString>
<coordinates>-58.2117481547544,-32.207244661636416 -58.211593198900054,-32.20756104175728</coordinates>
</LineString>
</MultiGeometry>
</Placemark>
<Placemark>
<name>426</name>
<Style>
<LineStyle>
<color>ff00ff00</color>
</LineStyle>
<PolyStyle>
<fill>0</fill>
</PolyStyle>
</Style>
<MultiGeometry>
<LineString>
<coordinates>-58.211593198900054,-32.20756104175728 -58.21123305405575,-32.208365355694795</coordinates>
</LineString>
</MultiGeometry>
</Placemark>
<Placemark>
<name>427</name>
<Style>
<LineStyle>
<color>ff00ff00</color>
</LineStyle>
<PolyStyle>
<fill>0</fill>
</PolyStyle>
</Style>
<MultiGeometry>
<LineString>
<coordinates>-58.2117481547544,-32.207244661636416 -58.21116952644286,-32.20706444999323</coordinates>
</LineString>
</MultiGeometry>
</Placemark>
<Placemark>
<name>428</name>
<Style>
<LineStyle>
<color>ff00ff00</color>
</LineStyle>
<PolyStyle>
<fill>0</fill>
</PolyStyle>
</Style>
<MultiGeometry>
<LineString>
<coordinates>-58.21116952644286,-32.20706444999323 -58.209056674575315,-32.206404990742044</coordinates>
</LineString>
</MultiGeometry>
</Placemark>
<Placemark>
<name>429</name>
<Style>
<LineStyle>
<color>ff00ff00</color>
</LineStyle>
<PolyStyle>
<fill>0</fill>
</PolyStyle>
</Style>
<MultiGeometry>
<LineString>
<coordinates>-58.209056674575315,-32.206404990742044 -58.20921807338755,-32.206072321867246</coordinates>
</LineString>
</MultiGeometry>
</Placemark>
<Placemark>
<name>T1 F6a8 (430)</name>
<Style>
<LineStyle>
<color>ff00ff00</color>
</LineStyle>
<PolyStyle>
<fill>0</fill>
</PolyStyle>
</Style>
<MultiGeometry>
<LineString>
<coordinates>-58.2117481547544,-32.207244661636416 -58.21213115607978,-32.20633471333543</coordinates>
</LineString>
</MultiGeometry>
</Placemark>
<Placemark>
<name>431</name>
<Style>
<LineStyle>
<color>ff00ff00</color>
</LineStyle>
<PolyStyle>
<fill>0</fill>
</PolyStyle>
</Style>
<MultiGeometry>
<LineString>
<coordinates>-58.21213115607978,-32.20633471333543 -58.21202727876447,-32.2065891107667</coordinates>
</LineString>
</MultiGeometry>
</Placemark>
<Placemark>
<name>432</name>
<Style>
<LineStyle>
<color>ff00ff00</color>
</LineStyle>
<PolyStyle>
<fill>0</fill>
</PolyStyle>
</Style>
<MultiGeometry>
<LineString>
<coordinates>-58.21213115607978,-32.20633471333543 -58.21271342857024,-32.20651599032513</coordinates>
</LineString>
</MultiGeometry>
</Placemark>
<Placemark>
<name>433</name>
<Style>
<LineStyle>
<color>ff00ff00</color>
</LineStyle>
<PolyStyle>
<fill>0</fill>
</PolyStyle>
</Style>
<MultiGeometry>
<LineString>
<coordinates>-58.21271342857024,-32.20651599032513 -58.213754854503854,-32.20683052890771</coordinates>
</LineString>
</MultiGeometry>
</Placemark>
<Placemark>
<name>434</name>
<Style>
<LineStyle>
<color>ff00ff00</color>
</LineStyle>
<PolyStyle>
<fill>0</fill>
</PolyStyle>
</Style>
<MultiGeometry>
<LineString>
<coordinates>-58.213754854503854,-32.20683052890771 -58.214662169987115,-32.20711343580672 -58.21453683499937,-32.207398468992174</coordinates>
</LineString>
</MultiGeometry>
</Placemark>
<Placemark>
<name>T1 F1a7 (435)</name>
<Style>
<LineStyle>
<color>ff00ff00</color>
</LineStyle>
<PolyStyle>
<fill>0</fill>
</PolyStyle>
</Style>
<MultiGeometry>
<LineString>
<coordinates>-58.21293290344088,-32.207633147280184 -58.212587336473,-32.20839541367408</coordinates>
</LineString>
</MultiGeometry>
</Placemark>
<Placemark>
<name>436</name>
<Style>
<LineStyle>
<color>ff00ff00</color>
</LineStyle>
<PolyStyle>
<fill>0</fill>
</PolyStyle>
</Style>
<MultiGeometry>
<LineString>
<coordinates>-58.212587336473,-32.20839541367408 -58.21276777331307,-32.20796984372394</coordinates>
</LineString>
</MultiGeometry>
</Placemark>
<Placemark>
<name>437</name>
<Style>
<LineStyle>
<color>ff00ff00</color>
</LineStyle>
<PolyStyle>
<fill>0</fill>
</PolyStyle>
</Style>
<MultiGeometry>
<LineString>
<coordinates>-58.212587336473,-32.20839541367408 -58.211816317948774,-32.20815501779292</coordinates>
</LineString>
</MultiGeometry>
</Placemark>
<Placemark>
<name>438</name>
<Style>
<LineStyle>
<color>ff00ff00</color>
</LineStyle>
<PolyStyle>
<fill>0</fill>
</PolyStyle>
</Style>
<MultiGeometry>
<LineString>
<coordinates>-58.212587336473,-32.20839541367408 -58.21236958184211,-32.208871243288</coordinates>
</LineString>
</MultiGeometry>
</Placemark>
<Placemark>
<name>439</name>
<Style>
<LineStyle>
<color>ff00ff00</color>
</LineStyle>
<PolyStyle>
<fill>0</fill>
</PolyStyle>
</Style>
<MultiGeometry>
<LineString>
<coordinates>-58.21236958184211,-32.208871243288 -58.21212453885041,-32.209507016007194</coordinates>
</LineString>
</MultiGeometry>
</Placemark>
<Placemark>
<name>440</name>
<Style>
<LineStyle>
<color>ff00ff00</color>
</LineStyle>
<PolyStyle>
<fill>0</fill>
</PolyStyle>
</Style>
<MultiGeometry>
<LineString>
<coordinates>-58.212587336473,-32.20839541367408 -58.213406022490894,-32.20864257167237</coordinates>
</LineString>
</MultiGeometry>
</Placemark>
<Placemark>
<name>441</name>
<Style>
<LineStyle>
<color>ff00ff00</color>
</LineStyle>
<PolyStyle>
<fill>0</fill>
</PolyStyle>
</Style>
<MultiGeometry>
<LineString>
<coordinates>-58.213406022490894,-32.20864257167237 -58.21406377596818,-32.20884207066043</coordinates>
</LineString>
</MultiGeometry>
</Placemark>
<Placemark>
<name>442</name>
<Style>
<LineStyle>
<color>ff00ff00</color>
</LineStyle>
<PolyStyle>
<fill>0</fill>
</PolyStyle>
</Style>
<MultiGeometry>
<LineString>
<coordinates>-58.21406377596818,-32.20884207066043 -58.21403293056451,-32.20896008179353</coordinates>
</LineString>
</MultiGeometry>
</Placemark>
<Placemark>
<name>T1 F1a6 (443)</name>
<Style>
<LineStyle>
<color>ff00ff00</color>
</LineStyle>
<PolyStyle>
<fill>0</fill>
</PolyStyle>
</Style>
<MultiGeometry>
<LineString>
<coordinates>-58.212587336473,-32.20839541367408 -58.209943377790545,-32.207590898984826</coordinates>
</LineString>
</MultiGeometry>
</Placemark>
<Placemark>
<name>444</name>
<Style>
<LineStyle>
<color>ff00ff00</color>
</LineStyle>
<PolyStyle>
<fill>0</fill>
</PolyStyle>
</Style>
<MultiGeometry>
<LineString>
<coordinates>-58.209943377790545,-32.207590898984826 -58.2098413372802,-32.20785940639987</coordinates>
</LineString>
</MultiGeometry>
</Placemark>
<Placemark>
<name>445</name>
<Style>
<LineStyle>
<color>ff00ff00</color>
</LineStyle>
<PolyStyle>
<fill>0</fill>
</PolyStyle>
</Style>
<MultiGeometry>
<LineString>
<coordinates>-58.209943377790545,-32.207590898984826 -58.21027113242112,-32.207677837237085</coordinates>
</LineString>
</MultiGeometry>
</Placemark>
<Placemark>
<name>446</name>
<Style>
<LineStyle>
<color>ff00ff00</color>
</LineStyle>
<PolyStyle>
<fill>0</fill>
</PolyStyle>
</Style>
<MultiGeometry>
<LineString>
<coordinates>-58.209943377790545,-32.207590898984826 -58.21015710910761,-32.20714203808469</coordinates>
</LineString>
</MultiGeometry>
</Placemark>
<Placemark>
<name>447</name>
<Style>
<LineStyle>
<color>ff00ff00</color>
</LineStyle>
<PolyStyle>
<fill>0</fill>
</PolyStyle>
</Style>
<MultiGeometry>
<LineString>
<coordinates>-58.21015710910761,-32.20714203808469 -58.21039215209956,-32.20665423796225</coordinates>
</LineString>
</MultiGeometry>
</Placemark>
<Placemark>
<name>448</name>
<Style>
<LineStyle>
<color>ff00ff00</color>
</LineStyle>
<PolyStyle>
<fill>0</fill>
</PolyStyle>
</Style>
<MultiGeometry>
<LineString>
<coordinates>-58.209943377790545,-32.207590898984826 -58.20958002560547,-32.20747280805737</coordinates>
</LineString>
</MultiGeometry>
</Placemark>
<Placemark>
<name>449</name>
<Style>
<LineStyle>
<color>ff00ff00</color>
</LineStyle>
<PolyStyle>
<fill>0</fill>
</PolyStyle>
</Style>
<MultiGeometry>
<LineString>
<coordinates>-58.20958002560547,-32.20747280805737 -58.20914033318264,-32.207359482993866 -58.20936483661536,-32.206893166604004</coordinates>
</LineString>
</MultiGeometry>
</Placemark>
<Placemark>
<name>T1 F1a5 + S6 C1a2 (450)</name>
<Style>
<LineStyle>
<color>ff00ff00</color>
</LineStyle>
<PolyStyle>
<fill>0</fill>
</PolyStyle>
</Style>
<MultiGeometry>
<LineString>
<coordinates>-58.209943377790545,-32.207590898984826 -58.20808043763199,-32.207038985081674</coordinates>
</LineString>
</MultiGeometry>
</Placemark>
<Placemark>
<name>451</name>
<Style>
<LineStyle>
<color>ff00ff00</color>
</LineStyle>
<PolyStyle>
<fill>0</fill>
</PolyStyle>
</Style>
<MultiGeometry>
<LineString>
<coordinates>-58.20808043763199,-32.207038985081674 -58.208680173911546,-32.20721572501638 -58.20861084504089,-32.207285860624545</coordinates>
</LineString>
</MultiGeometry>
</Placemark>
<Placemark>
<name>452</name>
<Style>
<LineStyle>
<color>ff00ff00</color>
</LineStyle>
<PolyStyle>
<fill>0</fill>
</PolyStyle>
</Style>
<MultiGeometry>
<LineString>
<coordinates>-58.20808043763199,-32.207038985081674 -58.20796046706239,-32.2073235189974</coordinates>
</LineString>
</MultiGeometry>
</Placemark>
<Placemark>
<name>453</name>
<Style>
<LineStyle>
<color>ff00ff00</color>
</LineStyle>
<PolyStyle>
<fill>0</fill>
</PolyStyle>
</Style>
<MultiGeometry>
<LineString>
<coordinates>-58.20796046706239,-32.2073235189974 -58.20783244986535,-32.20762216836244 -58.208066530885354,-32.20768479159787</coordinates>
</LineString>
</MultiGeometry>
</Placemark>
<Placemark>
<name>454</name>
<Style>
<LineStyle>
<color>ff00ff00</color>
</LineStyle>
<PolyStyle>
<fill>0</fill>
</PolyStyle>
</Style>
<MultiGeometry>
<LineString>
<coordinates>-58.20808043763199,-32.207038985081674 -58.20815469408148,-32.20681773314828 -58.20747816514079,-32.206636858739586</coordinates>
</LineString>
</MultiGeometry>
</Placemark>
<Placemark>
<name>455</name>
<Style>
<LineStyle>
<color>ff00ff00</color>
</LineStyle>
<PolyStyle>
<fill>0</fill>
</PolyStyle>
</Style>
<MultiGeometry>
<LineString>
<coordinates>-58.20747816514079,-32.206636858739586 -58.207371605616466,-32.20685380861802</coordinates>
</LineString>
</MultiGeometry>
</Placemark>
<Placemark>
<name>456</name>
<Style>
<LineStyle>
<color>ff00ff00</color>
</LineStyle>
<PolyStyle>
<fill>0</fill>
</PolyStyle>
</Style>
<MultiGeometry>
<LineString>
<coordinates>-58.20808043763199,-32.207038985081674 -58.20815469408148,-32.20681773314828</coordinates>
</LineString>
</MultiGeometry>
</Placemark>
<Placemark>
<name>457</name>
<Style>
<LineStyle>
<color>ff00ff00</color>
</LineStyle>
<PolyStyle>
<fill>0</fill>
</PolyStyle>
</Style>
<MultiGeometry>
<LineString>
<coordinates>-58.20815469408148,-32.20681773314828 -58.208438279400724,-32.20623140062925</coordinates>
</LineString>
</MultiGeometry>
</Placemark>
<Placemark>
<name>458</name>
<Style>
<LineStyle>
<color>ff00ff00</color>
</LineStyle>
<PolyStyle>
<fill>0</fill>
</PolyStyle>
</Style>
<MultiGeometry>
<LineString>
<coordinates>-58.20808043763199,-32.207038985081674 -58.20756746573411,-32.20812921969712</coordinates>
</LineString>
</MultiGeometry>
</Placemark>
<Placemark>
<name>459</name>
<Style>
<LineStyle>
<color>ff00ff00</color>
</LineStyle>
<PolyStyle>
<fill>0</fill>
</PolyStyle>
</Style>
<MultiGeometry>
<LineString>
<coordinates>-58.20756746573411,-32.20812921969712 -58.20812072962713,-32.208334818557155</coordinates>
</LineString>
</MultiGeometry>
</Placemark>
<Placemark>
<name>460</name>
<Style>
<LineStyle>
<color>ff00ff00</color>
</LineStyle>
<PolyStyle>
<fill>0</fill>
</PolyStyle>
</Style>
<MultiGeometry>
<LineString>
<coordinates>-58.20812072962713,-32.208334818557155 -58.20894757883965,-32.20862892558755</coordinates>
</LineString>
</MultiGeometry>
</Placemark>
<Placemark>
<name>T3 F46 + S47 C1a5 (461)</name>
<Style>
<LineStyle>
<color>ff00ff00</color>
</LineStyle>
<PolyStyle>
<fill>0</fill>
</PolyStyle>
</Style>
<MultiGeometry>
<LineString>
<coordinates>-58.21418995520276,-32.2050933819138 -58.21380896611176,-32.20595075006976 -58.21368631333337,-32.20591947332941 -58.2134055267898,-32.206588482794054</coordinates>
</LineString>
</MultiGeometry>
</Placemark>
<Placemark>
<name>462</name>
<Style>
<LineStyle>
<color>ff00ff00</color>
</LineStyle>
<PolyStyle>
<fill>0</fill>
</PolyStyle>
</Style>
<MultiGeometry>
<LineString>
<coordinates>-58.2134055267898,-32.206588482794054 -58.213980977190786,-32.20676025562599</coordinates>
</LineString>
</MultiGeometry>
</Placemark>
<Placemark>
<name>463</name>
<Style>
<LineStyle>
<color>ff00ff00</color>
</LineStyle>
<PolyStyle>
<fill>0</fill>
</PolyStyle>
</Style>
<MultiGeometry>
<LineString>
<coordinates>-58.2134055267898,-32.206588482794054 -58.2127678898805,-32.206354936491685</coordinates>
</LineString>
</MultiGeometry>
</Placemark>
<Placemark>
<name>464</name>
<Style>
<LineStyle>
<color>ff00ff00</color>
</LineStyle>
<PolyStyle>
<fill>0</fill>
</PolyStyle>
</Style>
<MultiGeometry>
<LineString>
<coordinates>-58.2134055267898,-32.206588482794054 -58.21354293171793,-32.20621153178285</coordinates>
</LineString>
</MultiGeometry>
</Placemark>
<Placemark>
<name>465</name>
<Style>
<LineStyle>
<color>ff00ff00</color>
</LineStyle>
<PolyStyle>
<fill>0</fill>
</PolyStyle>
</Style>
<MultiGeometry>
<LineString>
<coordinates>-58.21354293171793,-32.20621153178285 -58.21368631333337,-32.20591947332941 -58.213024536542385,-32.20570408158145</coordinates>
</LineString>
</MultiGeometry>
</Placemark>
<Placemark>
<name>466</name>
<Style>
<LineStyle>
<color>ff00ff00</color>
</LineStyle>
<PolyStyle>
<fill>0</fill>
</PolyStyle>
</Style>
<MultiGeometry>
<LineString>
<coordinates>-58.21540756268464,-32.205455230810855 -58.21506205226531,-32.206237726047036</coordinates>
</LineString>
</MultiGeometry>
</Placemark>
<Placemark>
<name>467</name>
<Style>
<LineStyle>
<color>ff00ff00</color>
</LineStyle>
<PolyStyle>
<fill>0</fill>
</PolyStyle>
</Style>
<MultiGeometry>
<LineString>
<coordinates>-58.21506205226531,-32.206237726047036 -58.21520834922364,-32.20589842660833</coordinates>
</LineString>
</MultiGeometry>
</Placemark>
<Placemark>
<name>468</name>
<Style>
<LineStyle>
<color>ff00ff00</color>
</LineStyle>
<PolyStyle>
<fill>0</fill>
</PolyStyle>
</Style>
<MultiGeometry>
<LineString>
<coordinates>-58.21506205226531,-32.206237726047036 -58.21568053457865,-32.20644467008853</coordinates>
</LineString>
</MultiGeometry>
</Placemark>
<Placemark>
<name>469</name>
<Style>
<LineStyle>
<color>ff00ff00</color>
</LineStyle>
<PolyStyle>
<fill>0</fill>
</PolyStyle>
</Style>
<MultiGeometry>
<LineString>
<coordinates>-58.21506205226531,-32.206237726047036 -58.21456389022429,-32.20607623602357</coordinates>
</LineString>
</MultiGeometry>
</Placemark>
<Placemark>
<name>470</name>
<Style>
<LineStyle>
<color>ff00ff00</color>
</LineStyle>
<PolyStyle>
<fill>0</fill>
</PolyStyle>
</Style>
<MultiGeometry>
<LineString>
<coordinates>-58.21506205226531,-32.206237726047036 -58.214940857158574,-32.20650913821985</coordinates>
</LineString>
</MultiGeometry>
</Placemark>
<Placemark>
<name>T2 F29 (471)</name>
<Style>
<LineStyle>
<color>ff00ff00</color>
</LineStyle>
<PolyStyle>
<fill>0</fill>
</PolyStyle>
</Style>
<MultiGeometry>
<LineString>
<coordinates>-58.2189480785843,-32.21484909673325 -58.21867449326478,-32.21558888436355 -58.21855781717263,-32.21555371054804</coordinates>
</LineString>
</MultiGeometry>
</Placemark>
<Placemark>
<name>472</name>
<Style>
<LineStyle>
<color>ff00ff00</color>
</LineStyle>
<PolyStyle>
<fill>0</fill>
</PolyStyle>
</Style>
<MultiGeometry>
<LineString>
<coordinates>-58.21855781717263,-32.21555371054804 -58.218022833042454,-32.21539301505585</coordinates>
</LineString>
</MultiGeometry>
</Placemark>
<Placemark>
<name>473</name>
<Style>
<LineStyle>
<color>ff00ff00</color>
</LineStyle>
<PolyStyle>
<fill>0</fill>
</PolyStyle>
</Style>
<MultiGeometry>
<LineString>
<coordinates>-58.21855781717263,-32.21555371054804 -58.21831178277969,-32.21612237487862</coordinates>
</LineString>
</MultiGeometry>
</Placemark>
<Placemark>
<name>475</name>
<Style>
<LineStyle>
<color>ff00ff00</color>
</LineStyle>
<PolyStyle>
<fill>0</fill>
</PolyStyle>
</Style>
<MultiGeometry>
<LineString>
<coordinates>-58.21855781717263,-32.21555371054804 -58.220260990466436,-32.216129234422546 -58.22022953279389,-32.2162111395986</coordinates>
</LineString>
</MultiGeometry>
</Placemark>
<Placemark>
<name>476</name>
<Style>
<LineStyle>
<color>ff00ff00</color>
</LineStyle>
<PolyStyle>
<fill>0</fill>
</PolyStyle>
</Style>
<MultiGeometry>
<LineString>
<coordinates>-58.22022953279389,-32.2162111395986 -58.220341573304175,-32.21624015749547</coordinates>
</LineString>
</MultiGeometry>
</Placemark>
<Placemark>
<name>477</name>
<Style>
<LineStyle>
<color>ff00ff00</color>
</LineStyle>
<PolyStyle>
<fill>0</fill>
</PolyStyle>
</Style>
<MultiGeometry>
<LineString>
<coordinates>-58.22022953279389,-32.2162111395986 -58.220260990466436,-32.216129234422546 -58.21965618176423,-32.21591565980524 -58.219451196478545,-32.21633532244535</coordinates>
</LineString>
</MultiGeometry>
</Placemark>
<Placemark>
<name>478</name>
<Style>
<LineStyle>
<color>ff00ff00</color>
</LineStyle>
<PolyStyle>
<fill>0</fill>
</PolyStyle>
</Style>
<MultiGeometry>
<LineString>
<coordinates>-58.22022953279389,-32.2162111395986 -58.22008346897013,-32.21654047854041</coordinates>
</LineString>
</MultiGeometry>
</Placemark>
<Placemark>
<name>479</name>
<Style>
<LineStyle>
<color>ff00ff00</color>
</LineStyle>
<PolyStyle>
<fill>0</fill>
</PolyStyle>
</Style>
<MultiGeometry>
<LineString>
<coordinates>-58.21855781717263,-32.21555371054804 -58.21753003541933,-32.215219626524856</coordinates>
</LineString>
</MultiGeometry>
</Placemark>
<Placemark>
<name>480</name>
<Style>
<LineStyle>
<color>ff00ff00</color>
</LineStyle>
<PolyStyle>
<fill>0</fill>
</PolyStyle>
</Style>
<MultiGeometry>
<LineString>
<coordinates>-58.21753003541933,-32.215219626524856 -58.217353738460076,-32.215629443732865</coordinates>
</LineString>
</MultiGeometry>
</Placemark>
<Placemark>
<name>481</name>
<Style>
<LineStyle>
<color>ff00ff00</color>
</LineStyle>
<PolyStyle>
<fill>0</fill>
</PolyStyle>
</Style>
<MultiGeometry>
<LineString>
<coordinates>-58.21753003541933,-32.215219626524856 -58.21700578012411,-32.21504758407645</coordinates>
</LineString>
</MultiGeometry>
</Placemark>
<Placemark>
<name>482</name>
<Style>
<LineStyle>
<color>ff00ff00</color>
</LineStyle>
<PolyStyle>
<fill>0</fill>
</PolyStyle>
</Style>
<MultiGeometry>
<LineString>
<coordinates>-58.21213115607978,-32.20633471333543 -58.211653839442484,-32.20621372008186</coordinates>
</LineString>
</MultiGeometry>
</Placemark>
<Placemark>
<name>483</name>
<Style>
<LineStyle>
<color>ff00ff00</color>
</LineStyle>
<PolyStyle>
<fill>0</fill>
</PolyStyle>
</Style>
<MultiGeometry>
<LineString>
<coordinates>-58.211653839442484,-32.20621372008186 -58.21024909075425,-32.205743007944996</coordinates>
</LineString>
</MultiGeometry>
</Placemark>
<Placemark>
<name>484</name>
<Style>
<LineStyle>
<color>ff00ff00</color>
</LineStyle>
<PolyStyle>
<fill>0</fill>
</PolyStyle>
</Style>
<MultiGeometry>
<LineString>
<coordinates>-58.21024909075425,-32.205743007944996 -58.208867373977576,-32.20532190971124</coordinates>
</LineString>
</MultiGeometry>
</Placemark>
<Placemark>
<name>485</name>
<Style>
<LineStyle>
<color>ff00ff00</color>
</LineStyle>
<PolyStyle>
<fill>0</fill>
</PolyStyle>
</Style>
<MultiGeometry>
<LineString>
<coordinates>-58.208867373977576,-32.20532190971124 -58.2074518964542,-32.20484515723827</coordinates>
</LineString>
</MultiGeometry>
</Placemark>
<Placemark>
<name>T1 F25a28 (486)</name>
<Style>
<LineStyle>
<color>ff00ff00</color>
</LineStyle>
<PolyStyle>
<fill>0</fill>
</PolyStyle>
</Style>
<MultiGeometry>
<LineString>
<coordinates>-58.22474433226548,-32.19809049615625 -58.22666747612916,-32.19359395082978 -58.22960192935853,-32.19447393286221</coordinates>
</LineString>
</MultiGeometry>
</Placemark>
<Placemark>
<name>487</name>
<Style>
<LineStyle>
<color>ff00ff00</color>
</LineStyle>
<PolyStyle>
<fill>0</fill>
</PolyStyle>
</Style>
<MultiGeometry>
<LineString>
<coordinates>-58.22960192935853,-32.19447393286221 -58.22925811090418,-32.195265031304636</coordinates>
</LineString>
</MultiGeometry>
</Placemark>
<Placemark>
<name>488</name>
<Style>
<LineStyle>
<color>ff00ff00</color>
</LineStyle>
<PolyStyle>
<fill>0</fill>
</PolyStyle>
</Style>
<MultiGeometry>
<LineString>
<coordinates>-58.22960192935853,-32.19447393286221 -58.2294832998939,-32.19444407206582 -58.229412950191175,-32.19450330111578</coordinates>
</LineString>
</MultiGeometry>
</Placemark>
<Placemark>
<name>489</name>
<Style>
<LineStyle>
<color>ff00ff00</color>
</LineStyle>
<PolyStyle>
<fill>0</fill>
</PolyStyle>
</Style>
<MultiGeometry>
<LineString>
<coordinates>-58.22960192935853,-32.19447393286221 -58.23082524980475,-32.19488278575488</coordinates>
</LineString>
</MultiGeometry>
</Placemark>
<Placemark>
<name>490</name>
<Style>
<LineStyle>
<color>ff00ff00</color>
</LineStyle>
<PolyStyle>
<fill>0</fill>
</PolyStyle>
</Style>
<MultiGeometry>
<LineString>
<coordinates>-58.23082524980475,-32.19488278575488 -58.23075624120668,-32.19508614621905</coordinates>
</LineString>
</MultiGeometry>
</Placemark>
<Placemark>
<name>491</name>
<Style>
<LineStyle>
<color>ff00ff00</color>
</LineStyle>
<PolyStyle>
<fill>0</fill>
</PolyStyle>
</Style>
<MultiGeometry>
<LineString>
<coordinates>-58.22960192935853,-32.19447393286221 -58.22976723491657,-32.19408424268843</coordinates>
</LineString>
</MultiGeometry>
</Placemark>
<Placemark>
<name>T4 F1a6 + S6 C7a8 (492)</name>
<Style>
<LineStyle>
<color>ff00ff00</color>
</LineStyle>
<PolyStyle>
<fill>0</fill>
</PolyStyle>
</Style>
<MultiGeometry>
<LineString>
<coordinates>-58.22960192935853,-32.19447393286221 -58.23003618465455,-32.19345912081225</coordinates>
</LineString>
</MultiGeometry>
</Placemark>
<Placemark>
<name>493</name>
<Style>
<LineStyle>
<color>ff00ff00</color>
</LineStyle>
<PolyStyle>
<fill>0</fill>
</PolyStyle>
</Style>
<MultiGeometry>
<LineString>
<coordinates>-58.23003618465455,-32.19345912081225 -58.230655162668995,-32.19366134970132</coordinates>
</LineString>
</MultiGeometry>
</Placemark>
<Placemark>
<name>494</name>
<Style>
<LineStyle>
<color>ff00ff00</color>
</LineStyle>
<PolyStyle>
<fill>0</fill>
</PolyStyle>
</Style>
<MultiGeometry>
<LineString>
<coordinates>-58.230655162668995,-32.19366134970132 -58.23127279957847,-32.19386698284869 -58.23161148674994,-32.193153335876794</coordinates>
</LineString>
</MultiGeometry>
</Placemark>
<Placemark>
<name>495</name>
<Style>
<LineStyle>
<color>ff00ff00</color>
</LineStyle>
<PolyStyle>
<fill>0</fill>
</PolyStyle>
</Style>
<MultiGeometry>
<LineString>
<coordinates>-58.23003618465455,-32.19345912081225 -58.230251219734036,-32.193013573112026</coordinates>
</LineString>
</MultiGeometry>
</Placemark>
<Placemark>
<name>496</name>
<Style>
<LineStyle>
<color>ff00ff00</color>
</LineStyle>
<PolyStyle>
<fill>0</fill>
</PolyStyle>
</Style>
<MultiGeometry>
<LineString>
<coordinates>-58.23003618465455,-32.19345912081225 -58.22888402197247,-32.19307166833009</coordinates>
</LineString>
</MultiGeometry>
</Placemark>
<Placemark>
<name>497</name>
<Style>
<LineStyle>
<color>ff00ff00</color>
</LineStyle>
<PolyStyle>
<fill>0</fill>
</PolyStyle>
</Style>
<MultiGeometry>
<LineString>
<coordinates>-58.22888402197247,-32.19307166833009 -58.22870979495322,-32.19339668338009</coordinates>
</LineString>
</MultiGeometry>
</Placemark>
<Placemark>
<name>498</name>
<Style>
<LineStyle>
<color>ff00ff00</color>
</LineStyle>
<PolyStyle>
<fill>0</fill>
</PolyStyle>
</Style>
<MultiGeometry>
<LineString>
<coordinates>-58.22888402197247,-32.19307166833009 -58.22922136803943,-32.193188779281435</coordinates>
</LineString>
</MultiGeometry>
</Placemark>
<Placemark>
<name>499</name>
<Style>
<LineStyle>
<color>ff00ff00</color>
</LineStyle>
<PolyStyle>
<fill>0</fill>
</PolyStyle>
</Style>
<MultiGeometry>
<LineString>
<coordinates>-58.22888402197247,-32.19307166833009 -58.22900556678069,-32.19279766009647</coordinates>
</LineString>
</MultiGeometry>
</Placemark>
<Placemark>
<name>T4 F1a7 + S7 C7a8 (500)</name>
<Style>
<LineStyle>
<color>ff00ff00</color>
</LineStyle>
<PolyStyle>
<fill>0</fill>
</PolyStyle>
</Style>
<MultiGeometry>
<LineString>
<coordinates>-58.23003618465455,-32.19345912081225 -58.230422501976925,-32.19251754792148</coordinates>
</LineString>
</MultiGeometry>
</Placemark>
<Placemark>
<name>501</name>
<Style>
<LineStyle>
<color>ff00ff00</color>
</LineStyle>
<PolyStyle>
<fill>0</fill>
</PolyStyle>
</Style>
<MultiGeometry>
<LineString>
<coordinates>-58.230422501976925,-32.19251754792148 -58.22984789697936,-32.19230212591809</coordinates>
</LineString>
</MultiGeometry>
</Placemark>
<Placemark>
<name>502</name>
<Style>
<LineStyle>
<color>ff00ff00</color>
</LineStyle>
<PolyStyle>
<fill>0</fill>
</PolyStyle>
</Style>
<MultiGeometry>
<LineString>
<coordinates>-58.230422501976925,-32.19251754792148 -58.23105293766276,-32.192714318749246</coordinates>
</LineString>
</MultiGeometry>
</Placemark>
<Placemark>
<name>503</name>
<Style>
<LineStyle>
<color>ff00ff00</color>
</LineStyle>
<PolyStyle>
<fill>0</fill>
</PolyStyle>
</Style>
<MultiGeometry>
<LineString>
<coordinates>-58.230422501976925,-32.19251754792148 -58.230819818613575,-32.19166536535966</coordinates>
</LineString>
</MultiGeometry>
</Placemark>
<Placemark>
<name>504</name>
<Style>
<LineStyle>
<color>ff00ff00</color>
</LineStyle>
<PolyStyle>
<fill>0</fill>
</PolyStyle>
</Style>
<MultiGeometry>
<LineString>
<coordinates>-58.230819818613575,-32.19166536535966 -58.230712588537195,-32.1916224521654</coordinates>
</LineString>
</MultiGeometry>
</Placemark>
<Placemark>
<name>T4 F8 + S9 C4a6 (505)</name>
<Style>
<LineStyle>
<color>ff00ff00</color>
</LineStyle>
<PolyStyle>
<fill>0</fill>
</PolyStyle>
</Style>
<MultiGeometry>
<LineString>
<coordinates>-58.230422501976925,-32.19251754792148 -58.22767140093129,-32.191628404003104</coordinates>
</LineString>
</MultiGeometry>
</Placemark>
<Placemark>
<name>506</name>
<Style>
<LineStyle>
<color>ff00ff00</color>
</LineStyle>
<PolyStyle>
<fill>0</fill>
</PolyStyle>
</Style>
<MultiGeometry>
<LineString>
<coordinates>-58.22767140093129,-32.191628404003104 -58.22767140093129,-32.191628404003104</coordinates>
</LineString>
</MultiGeometry>
</Placemark>
<Placemark>
<name>507</name>
<Style>
<LineStyle>
<color>ff00ff00</color>
</LineStyle>
<PolyStyle>
<fill>0</fill>
</PolyStyle>
</Style>
<MultiGeometry>
<LineString>
<coordinates>-58.22767140093129,-32.191628404003104 -58.22771504511128,-32.19154576794202</coordinates>
</LineString>
</MultiGeometry>
</Placemark>
<Placemark>
<name>508</name>
<Style>
<LineStyle>
<color>ff00ff00</color>
</LineStyle>
<PolyStyle>
<fill>0</fill>
</PolyStyle>
</Style>
<MultiGeometry>
<LineString>
<coordinates>-58.22767140093129,-32.191628404003104 -58.2271256879638,-32.19145518723517</coordinates>
</LineString>
</MultiGeometry>
</Placemark>
<Placemark>
<name>T4 F1a9 (509)</name>
<Style>
<LineStyle>
<color>ff00ff00</color>
</LineStyle>
<PolyStyle>
<fill>0</fill>
</PolyStyle>
</Style>
<MultiGeometry>
<LineString>
<coordinates>-58.230422501976925,-32.19251754792148 -58.2313141321924,-32.19057511285397</coordinates>
</LineString>
</MultiGeometry>
</Placemark>
<Placemark>
<name>510</name>
<Style>
<LineStyle>
<color>ff00ff00</color>
</LineStyle>
<PolyStyle>
<fill>0</fill>
</PolyStyle>
</Style>
<MultiGeometry>
<LineString>
<coordinates>-58.2313141321924,-32.19057511285397 -58.2313141321924,-32.19057511285397</coordinates>
</LineString>
</MultiGeometry>
</Placemark>
<Placemark>
<name>T4 F10a15 + S16 C1a5 (511)</name>
<Style>
<LineStyle>
<color>ff00ff00</color>
</LineStyle>
<PolyStyle>
<fill>0</fill>
</PolyStyle>
</Style>
<MultiGeometry>
<LineString>
<coordinates>-58.2313141321924,-32.19057511285397 -58.229812823979714,-32.190103186570305</coordinates>
</LineString>
</MultiGeometry>
</Placemark>
<Placemark>
<name>512</name>
<Style>
<LineStyle>
<color>ff00ff00</color>
</LineStyle>
<PolyStyle>
<fill>0</fill>
</PolyStyle>
</Style>
<MultiGeometry>
<LineString>
<coordinates>-58.229812823979714,-32.190103186570305 -58.22948632331623,-32.19080593678701</coordinates>
</LineString>
</MultiGeometry>
</Placemark>
<Placemark>
<name>513</name>
<Style>
<LineStyle>
<color>ff00ff00</color>
</LineStyle>
<PolyStyle>
<fill>0</fill>
</PolyStyle>
</Style>
<MultiGeometry>
<LineString>
<coordinates>-58.22948632331623,-32.19080593678701 -58.22941195029964,-32.19109102285513 -58.22961216843154,-32.19113805380833 -58.22952170216156,-32.191331208577715</coordinates>
</LineString>
</MultiGeometry>
</Placemark>
<Placemark>
<name>514</name>
<Style>
<LineStyle>
<color>ff00ff00</color>
</LineStyle>
<PolyStyle>
<fill>0</fill>
</PolyStyle>
</Style>
<MultiGeometry>
<LineString>
<coordinates>-58.229812823979714,-32.190103186570305 -58.228323483568396,-32.1896233199496</coordinates>
</LineString>
</MultiGeometry>
</Placemark>
<Placemark>
<name>515</name>
<Style>
<LineStyle>
<color>ff00ff00</color>
</LineStyle>
<PolyStyle>
<fill>0</fill>
</PolyStyle>
</Style>
<MultiGeometry>
<LineString>
<coordinates>-58.228323483568396,-32.1896233199496 -58.22802380499438,-32.19038509151957 -58.22705759748018,-32.19017306957215 -58.226959084582504,-32.19032650311047</coordinates>
</LineString>
</MultiGeometry>
</Placemark>
<Placemark>
<name>T4 F1a16 + S16 C7a8 (516)</name>
<Style>
<LineStyle>
<color>ff00ff00</color>
</LineStyle>
<PolyStyle>
<fill>0</fill>
</PolyStyle>
</Style>
<MultiGeometry>
<LineString>
<coordinates>-58.2313141321924,-32.19057511285397 -58.23171000558443,-32.18967184682213</coordinates>
</LineString>
</MultiGeometry>
</Placemark>
<Placemark>
<name>517</name>
<Style>
<LineStyle>
<color>ff00ff00</color>
</LineStyle>
<PolyStyle>
<fill>0</fill>
</PolyStyle>
</Style>
<MultiGeometry>
<LineString>
<coordinates>-58.23171000558443,-32.18967184682213 -58.23226863389516,-32.189829821101796</coordinates>
</LineString>
</MultiGeometry>
</Placemark>
<Placemark>
<name>518</name>
<Style>
<LineStyle>
<color>ff00ff00</color>
</LineStyle>
<PolyStyle>
<fill>0</fill>
</PolyStyle>
</Style>
<MultiGeometry>
<LineString>
<coordinates>-58.23226863389516,-32.189829821101796 -58.232972101492976,-32.190062608062924 -58.23331078866492,-32.189294453278954</coordinates>
</LineString>
</MultiGeometry>
</Placemark>
<Placemark>
<name>519</name>
<Style>
<LineStyle>
<color>ff00ff00</color>
</LineStyle>
<PolyStyle>
<fill>0</fill>
</PolyStyle>
</Style>
<MultiGeometry>
<LineString>
<coordinates>-58.23331078866492,-32.189294453278954 -58.2335368230583,-32.18882592541445</coordinates>
</LineString>
</MultiGeometry>
</Placemark>
<Placemark>
<name>520</name>
<Style>
<LineStyle>
<color>ff00ff00</color>
</LineStyle>
<PolyStyle>
<fill>0</fill>
</PolyStyle>
</Style>
<MultiGeometry>
<LineString>
<coordinates>-58.2335368230583,-32.18882592541445 -58.233886239065995,-32.187971501626</coordinates>
</LineString>
</MultiGeometry>
</Placemark>
<Placemark>
<name>521</name>
<Style>
<LineStyle>
<color>ff00ff00</color>
</LineStyle>
<PolyStyle>
<fill>0</fill>
</PolyStyle>
</Style>
<MultiGeometry>
<LineString>
<coordinates>-58.23171000558443,-32.18967184682213 -58.23085708661042,-32.18942034538341</coordinates>
</LineString>
</MultiGeometry>
</Placemark>
<Placemark>
<name>522</name>
<Style>
<LineStyle>
<color>ff00ff00</color>
</LineStyle>
<PolyStyle>
<fill>0</fill>
</PolyStyle>
</Style>
<MultiGeometry>
<LineString>
<coordinates>-58.23085708661042,-32.18942034538341 -58.2303428313152,-32.18924691019949 -58.230488399437874,-32.18886795520975</coordinates>
</LineString>
</MultiGeometry>
</Placemark>
<Placemark>
<name>523</name>
<Style>
<LineStyle>
<color>ff00ff00</color>
</LineStyle>
<PolyStyle>
<fill>0</fill>
</PolyStyle>
</Style>
<MultiGeometry>
<LineString>
<coordinates>-58.23171000558443,-32.18967184682213 -58.23185787678228,-32.18932233678861</coordinates>
</LineString>
</MultiGeometry>
</Placemark>
<Placemark>
<name>524</name>
<Style>
<LineStyle>
<color>ff00ff00</color>
</LineStyle>
<PolyStyle>
<fill>0</fill>
</PolyStyle>
</Style>
<MultiGeometry>
<LineString>
<coordinates>-58.23185787678228,-32.18932233678861 -58.232266301388336,-32.188386199205034</coordinates>
</LineString>
</MultiGeometry>
</Placemark>
<Placemark>
<name>T4 F1a17 (525)</name>
<Style>
<LineStyle>
<color>ff00ff00</color>
</LineStyle>
<PolyStyle>
<fill>0</fill>
</PolyStyle>
</Style>
<MultiGeometry>
<LineString>
<coordinates>-58.23171000558443,-32.18967184682213 -58.23205781792088,-32.18887558834344 -58.23194589397843,-32.18884005146209</coordinates>
</LineString>
</MultiGeometry>
</Placemark>
<Placemark>
<name>T4 F18a19 (526)</name>
<Style>
<LineStyle>
<color>ff00ff00</color>
</LineStyle>
<PolyStyle>
<fill>0</fill>
</PolyStyle>
</Style>
<MultiGeometry>
<LineString>
<coordinates>-58.23194589397843,-32.18884005146209 -58.23275340838395,-32.18702326687788</coordinates>
</LineString>
</MultiGeometry>
</Placemark>
<Placemark>
<name>527</name>
<Style>
<LineStyle>
<color>ff00ff00</color>
</LineStyle>
<PolyStyle>
<fill>0</fill>
</PolyStyle>
</Style>
<MultiGeometry>
<LineString>
<coordinates>-58.23275340838395,-32.18702326687788 -58.233402736100345,-32.18720656976372</coordinates>
</LineString>
</MultiGeometry>
</Placemark>
<Placemark>
<name>528</name>
<Style>
<LineStyle>
<color>ff00ff00</color>
</LineStyle>
<PolyStyle>
<fill>0</fill>
</PolyStyle>
</Style>
<MultiGeometry>
<LineString>
<coordinates>-58.23275340838395,-32.18702326687788 -58.2325449249169,-32.187524013384994</coordinates>
</LineString>
</MultiGeometry>
</Placemark>
<Placemark>
<name>529</name>
<Style>
<LineStyle>
<color>ff00ff00</color>
</LineStyle>
<PolyStyle>
<fill>0</fill>
</PolyStyle>
</Style>
<MultiGeometry>
<LineString>
<coordinates>-58.2325449249169,-32.187524013384994 -58.23242227213837,-32.18782016918789 -58.23281192128122,-32.18794296239296</coordinates>
</LineString>
</MultiGeometry>
</Placemark>
<Placemark>
<name>530</name>
<Style>
<LineStyle>
<color>ff00ff00</color>
</LineStyle>
<PolyStyle>
<fill>0</fill>
</PolyStyle>
</Style>
<MultiGeometry>
<LineString>
<coordinates>-58.23275340838395,-32.18702326687788 -58.231657346867365,-32.18666766142586</coordinates>
</LineString>
</MultiGeometry>
</Placemark>
<Placemark>
<name>531</name>
<Style>
<LineStyle>
<color>ff00ff00</color>
</LineStyle>
<PolyStyle>
<fill>0</fill>
</PolyStyle>
</Style>
<MultiGeometry>
<LineString>
<coordinates>-58.231657346867365,-32.18666766142586 -58.23205772484628,-32.18677570133446 -58.232439327362165,-32.18597119891081</coordinates>
</LineString>
</MultiGeometry>
</Placemark>
<Placemark>
<name>T4 F1a19 (532)</name>
<Style>
<LineStyle>
<color>ff00ff00</color>
</LineStyle>
<PolyStyle>
<fill>0</fill>
</PolyStyle>
</Style>
<MultiGeometry>
<LineString>
<coordinates>-58.23194589397843,-32.18884005146209 -58.229093481258,-32.187962008004</coordinates>
</LineString>
</MultiGeometry>
</Placemark>
<Placemark>
<name>533</name>
<Style>
<LineStyle>
<color>ff00ff00</color>
</LineStyle>
<PolyStyle>
<fill>0</fill>
</PolyStyle>
</Style>
<MultiGeometry>
<LineString>
<coordinates>-58.229093481258,-32.187962008004 -58.22930991827767,-32.18740945828668</coordinates>
</LineString>
</MultiGeometry>
</Placemark>
<Placemark>
<name>534</name>
<Style>
<LineStyle>
<color>ff00ff00</color>
</LineStyle>
<PolyStyle>
<fill>0</fill>
</PolyStyle>
</Style>
<MultiGeometry>
<LineString>
<coordinates>-58.229093481258,-32.187962008004 -58.229134443229285,-32.18784140505855 -58.228212492163934,-32.18756354815274</coordinates>
</LineString>
</MultiGeometry>
</Placemark>
<Placemark>
<name>535</name>
<Style>
<LineStyle>
<color>ff00ff00</color>
</LineStyle>
<PolyStyle>
<fill>0</fill>
</PolyStyle>
</Style>
<MultiGeometry>
<LineString>
<coordinates>-58.229093481258,-32.187962008004 -58.228768438266144,-32.18872711888852 -58.22885030392476,-32.188755708002866</coordinates>
</LineString>
</MultiGeometry>
</Placemark>
<Placemark>
<name>536</name>
<Style>
<LineStyle>
<color>ff00ff00</color>
</LineStyle>
<PolyStyle>
<fill>0</fill>
</PolyStyle>
</Style>
<MultiGeometry>
<LineString>
<coordinates>-58.22885030392476,-32.188755708002866 -58.227762055901024,-32.188446074421144</coordinates>
</LineString>
</MultiGeometry>
</Placemark>
<Placemark>
<name>T4 F1a20 (537)</name>
<Style>
<LineStyle>
<color>ff00ff00</color>
</LineStyle>
<PolyStyle>
<fill>0</fill>
</PolyStyle>
</Style>
<MultiGeometry>
<LineString>
<coordinates>-58.229093481258,-32.187962008004 -58.22955741034343,-32.18691822099767</coordinates>
</LineString>
</MultiGeometry>
</Placemark>
<Placemark>
<name>538</name>
<Style>
<LineStyle>
<color>ff00ff00</color>
</LineStyle>
<PolyStyle>
<fill>0</fill>
</PolyStyle>
</Style>
<MultiGeometry>
<LineString>
<coordinates>-58.22955741034343,-32.18691822099767 -58.22952192935735,-32.18699277821523 -58.228587908351365,-32.18670129882088</coordinates>
</LineString>
</MultiGeometry>
</Placemark>
<Placemark>
<name>539</name>
<Style>
<LineStyle>
<color>ff00ff00</color>
</LineStyle>
<PolyStyle>
<fill>0</fill>
</PolyStyle>
</Style>
<MultiGeometry>
<LineString>
<coordinates>-58.22955741034343,-32.18691822099767 -58.229922044770625,-32.18611182419431</coordinates>
</LineString>
</MultiGeometry>
</Placemark>
<Placemark>
<name>540</name>
<Style>
<LineStyle>
<color>ff00ff00</color>
</LineStyle>
<PolyStyle>
<fill>0</fill>
</PolyStyle>
</Style>
<MultiGeometry>
<LineString>
<coordinates>-58.229922044770625,-32.18611182419431 -58.229083242185396,-32.185810126982645</coordinates>
</LineString>
</MultiGeometry>
</Placemark>
<Placemark>
<name>541</name>
<Style>
<LineStyle>
<color>ff00ff00</color>
</LineStyle>
<PolyStyle>
<fill>0</fill>
</PolyStyle>
</Style>
<MultiGeometry>
<LineString>
<coordinates>-58.229922044770625,-32.18611182419431 -58.229726855780775,-32.18652588566884</coordinates>
</LineString>
</MultiGeometry>
</Placemark>
<Placemark>
<name>542</name>
<Style>
<LineStyle>
<color>ff00ff00</color>
</LineStyle>
<PolyStyle>
<fill>0</fill>
</PolyStyle>
</Style>
<MultiGeometry>
<LineString>
<coordinates>-58.229922044770625,-32.18611182419431 -58.23069597863902,-32.186342660408044</coordinates>
</LineString>
</MultiGeometry>
</Placemark>
<Placemark>
<name>544</name>
<Style>
<LineStyle>
<color>ff00ff00</color>
</LineStyle>
<PolyStyle>
<fill>0</fill>
</PolyStyle>
</Style>
<MultiGeometry>
<LineString>
<coordinates>-58.22955741034343,-32.18691822099767 -58.22952192935735,-32.18699277821523 -58.23097848541933,-32.18745855520653</coordinates>
</LineString>
</MultiGeometry>
</Placemark>
<Placemark>
<name>545</name>
<Style>
<LineStyle>
<color>ff00ff00</color>
</LineStyle>
<PolyStyle>
<fill>0</fill>
</PolyStyle>
</Style>
<MultiGeometry>
<LineString>
<coordinates>-58.23097848541933,-32.18745855520653 -58.230392539316554,-32.187273591314565</coordinates>
</LineString>
</MultiGeometry>
</Placemark>
<Placemark>
<name>546</name>
<Style>
<LineStyle>
<color>ff00ff00</color>
</LineStyle>
<PolyStyle>
<fill>0</fill>
</PolyStyle>
</Style>
<MultiGeometry>
<LineString>
<coordinates>-58.23097848541933,-32.18745855520653 -58.230855336939534,-32.18779838602194</coordinates>
</LineString>
</MultiGeometry>
</Placemark>
<Placemark>
<name>547</name>
<Style>
<LineStyle>
<color>ff00ff00</color>
</LineStyle>
<PolyStyle>
<fill>0</fill>
</PolyStyle>
</Style>
<MultiGeometry>
<LineString>
<coordinates>-58.23097848541933,-32.18745855520653 -58.23113087563216,-32.18750647934333</coordinates>
</LineString>
</MultiGeometry>
</Placemark>
<Placemark>
<name>548</name>
<Style>
<LineStyle>
<color>ff00ff00</color>
</LineStyle>
<PolyStyle>
<fill>0</fill>
</PolyStyle>
</Style>
<MultiGeometry>
<LineString>
<coordinates>-58.23097848541933,-32.18745855520653 -58.231201837603294,-32.18706341088115</coordinates>
</LineString>
</MultiGeometry>
</Placemark>
<Placemark>
<name>T4 F1a21 (549)</name>
<Style>
<LineStyle>
<color>ff00ff00</color>
</LineStyle>
<PolyStyle>
<fill>0</fill>
</PolyStyle>
</Style>
<MultiGeometry>
<LineString>
<coordinates>-58.22955741034343,-32.18691822099767 -58.23122728915936,-32.18351288946105 -58.230051023938614,-32.18316079439975</coordinates>
</LineString>
</MultiGeometry>
</Placemark>
<Placemark>
<name>T5 F1a48 (550)</name>
<Style>
<LineStyle>
<color>ff00ff00</color>
</LineStyle>
<PolyStyle>
<fill>0</fill>
</PolyStyle>
</Style>
<MultiGeometry>
<LineString>
<coordinates>-58.230051023938614,-32.18316079439975 -58.23101807685572,-32.18094635634745 -58.2308632375692,-32.180883007985685 -58.23159486836162,-32.1791351114082 -58.23145209901577,-32.179022385364426</coordinates>
</LineString>
</MultiGeometry>
</Placemark>
<Placemark>
<name>551</name>
<Style>
<LineStyle>
<color>ff00ff00</color>
</LineStyle>
<PolyStyle>
<fill>0</fill>
</PolyStyle>
</Style>
<MultiGeometry>
<LineString>
<coordinates>-58.23145209901577,-32.179022385364426 -58.23159486836162,-32.1791351114082 -58.2308632375692,-32.180883007985685 -58.23101807685572,-32.18094635634745 -58.230271693913906,-32.18281785402816</coordinates>
</LineString>
</MultiGeometry>
</Placemark>
<Placemark>
<name>T5 F48 + S48 C7a8 (552)</name>
<Style>
<LineStyle>
<color>ff00ff00</color>
</LineStyle>
<PolyStyle>
<fill>0</fill>
</PolyStyle>
</Style>
<MultiGeometry>
<LineString>
<coordinates>-58.23145209901577,-32.179022385364426 -58.23059183875828,-32.17876720447742</coordinates>
</LineString>
</MultiGeometry>
</Placemark>
<Placemark>
<name>553</name>
<Style>
<LineStyle>
<color>ff00ff00</color>
</LineStyle>
<PolyStyle>
<fill>0</fill>
</PolyStyle>
</Style>
<MultiGeometry>
<LineString>
<coordinates>-58.23059183875828,-32.17876720447742 -58.23019560065985,-32.17974019434216</coordinates>
</LineString>
</MultiGeometry>
</Placemark>
<Placemark>
<name>554</name>
<Style>
<LineStyle>
<color>ff00ff00</color>
</LineStyle>
<PolyStyle>
<fill>0</fill>
</PolyStyle>
</Style>
<MultiGeometry>
<LineString>
<coordinates>-58.23059183875828,-32.17876720447742 -58.23077836885229,-32.17830224467971</coordinates>
</LineString>
</MultiGeometry>
</Placemark>
<Placemark>
<name>555</name>
<Style>
<LineStyle>
<color>ff00ff00</color>
</LineStyle>
<PolyStyle>
<fill>0</fill>
</PolyStyle>
</Style>
<MultiGeometry>
<LineString>
<coordinates>-58.23077836885229,-32.17830224467971 -58.23077836885229,-32.17830224467971</coordinates>
</LineString>
</MultiGeometry>
</Placemark>
<Placemark>
<name>556</name>
<Style>
<LineStyle>
<color>ff00ff00</color>
</LineStyle>
<PolyStyle>
<fill>0</fill>
</PolyStyle>
</Style>
<MultiGeometry>
<LineString>
<coordinates>-58.23077836885229,-32.17830224467971 -58.230704782955335,-32.17826063260955 -58.230861079913915,-32.17787264197219</coordinates>
</LineString>
</MultiGeometry>
</Placemark>
<Placemark>
<name>557</name>
<Style>
<LineStyle>
<color>ff00ff00</color>
</LineStyle>
<PolyStyle>
<fill>0</fill>
</PolyStyle>
</Style>
<MultiGeometry>
<LineString>
<coordinates>-58.23077836885229,-32.17830224467971 -58.230038807999954,-32.17806295335385</coordinates>
</LineString>
</MultiGeometry>
</Placemark>
<Placemark>
<name>558</name>
<Style>
<LineStyle>
<color>ff00ff00</color>
</LineStyle>
<PolyStyle>
<fill>0</fill>
</PolyStyle>
</Style>
<MultiGeometry>
<LineString>
<coordinates>-58.23145209901577,-32.179022385364426 -58.231854226085574,-32.1780482359315</coordinates>
</LineString>
</MultiGeometry>
</Placemark>
<Placemark>
<name>T5 F1a47 (559)</name>
<Style>
<LineStyle>
<color>ff00ff00</color>
</LineStyle>
<PolyStyle>
<fill>0</fill>
</PolyStyle>
</Style>
<MultiGeometry>
<LineString>
<coordinates>-58.23145209901577,-32.179022385364426 -58.232651570999465,-32.176306910142436 -58.23179667515931,-32.17604264088707 -58.23175582975533,-32.176133667606706 -58.23050871913024,-32.175754965414995</coordinates>
</LineString>
</MultiGeometry>
</Placemark>
<Placemark>
<name>560</name>
<Style>
<LineStyle>
<color>ff00ff00</color>
</LineStyle>
<PolyStyle>
<fill>0</fill>
</PolyStyle>
</Style>
<MultiGeometry>
<LineString>
<coordinates>-58.23050871913024,-32.175754965414995 -58.23155673401945,-32.176069181294196</coordinates>
</LineString>
</MultiGeometry>
</Placemark>
<Placemark>
<name>561</name>
<Style>
<LineStyle>
<color>ff00ff00</color>
</LineStyle>
<PolyStyle>
<fill>0</fill>
</PolyStyle>
</Style>
<MultiGeometry>
<LineString>
<coordinates>-58.23155673401945,-32.176069181294196 -58.23175582975533,-32.176133667606706 -58.23179667515931,-32.17604264088707 -58.232651570999465,-32.176306910142436</coordinates>
</LineString>
</MultiGeometry>
</Placemark>
<Placemark>
<name>562</name>
<Style>
<LineStyle>
<color>ff00ff00</color>
</LineStyle>
<PolyStyle>
<fill>0</fill>
</PolyStyle>
</Style>
<MultiGeometry>
<LineString>
<coordinates>-58.23050871913024,-32.175754965414995 -58.23013125649495,-32.176768852238624</coordinates>
</LineString>
</MultiGeometry>
</Placemark>
<Placemark>
<name>563</name>
<Style>
<LineStyle>
<color>ff00ff00</color>
</LineStyle>
<PolyStyle>
<fill>0</fill>
</PolyStyle>
</Style>
<MultiGeometry>
<LineString>
<coordinates>-58.23050871913024,-32.175754965414995 -58.22972831287432,-32.17549742058446</coordinates>
</LineString>
</MultiGeometry>
</Placemark>
<Placemark>
<name>565</name>
<Style>
<LineStyle>
<color>ff00ff00</color>
</LineStyle>
<PolyStyle>
<fill>0</fill>
</PolyStyle>
</Style>
<MultiGeometry>
<LineString>
<coordinates>-58.22972831287432,-32.17549742058446 -58.22741295422569,-32.17477909102624</coordinates>
</LineString>
</MultiGeometry>
</Placemark>
<Placemark>
<name>T5 F1a46 (566)</name>
<Style>
<LineStyle>
<color>ff00ff00</color>
</LineStyle>
<PolyStyle>
<fill>0</fill>
</PolyStyle>
</Style>
<MultiGeometry>
<LineString>
<coordinates>-58.23050871913024,-32.175754965414995 -58.22741295422569,-32.17477909102624 -58.22538056862876,-32.179310705169584 -58.22119576973878,-32.17810176672453 -58.22074052304252,-32.179216357092244</coordinates>
</LineString>
</MultiGeometry>
</Placemark>
<Placemark>
<name>567</name>
<Style>
<LineStyle>
<color>ff00ff00</color>
</LineStyle>
<PolyStyle>
<fill>0</fill>
</PolyStyle>
</Style>
<MultiGeometry>
<LineString>
<coordinates>-58.22074052304252,-32.179216357092244 -58.22078148501429,-32.179129170752226</coordinates>
</LineString>
</MultiGeometry>
</Placemark>
<Placemark>
<name>568</name>
<Style>
<LineStyle>
<color>ff00ff00</color>
</LineStyle>
<PolyStyle>
<fill>0</fill>
</PolyStyle>
</Style>
<MultiGeometry>
<LineString>
<coordinates>-58.22078148501429,-32.179129170752226 -58.22117918078425,-32.17816114651328</coordinates>
</LineString>
</MultiGeometry>
</Placemark>
<Placemark>
<name>569</name>
<Style>
<LineStyle>
<color>ff00ff00</color>
</LineStyle>
<PolyStyle>
<fill>0</fill>
</PolyStyle>
</Style>
<MultiGeometry>
<LineString>
<coordinates>-58.22074052304252,-32.179216357092244 -58.220361223602346,-32.180120749811046</coordinates>
</LineString>
</MultiGeometry>
</Placemark>
<Placemark>
<name>T5 F45a46 + S46 C6a8 (570)</name>
<Style>
<LineStyle>
<color>ff00ff00</color>
</LineStyle>
<PolyStyle>
<fill>0</fill>
</PolyStyle>
</Style>
<MultiGeometry>
<LineString>
<coordinates>-58.22074052304252,-32.179216357092244 -58.220216996583716,-32.17904787576233</coordinates>
</LineString>
</MultiGeometry>
</Placemark>
<Placemark>
<name>571</name>
<Style>
<LineStyle>
<color>ff00ff00</color>
</LineStyle>
<PolyStyle>
<fill>0</fill>
</PolyStyle>
</Style>
<MultiGeometry>
<LineString>
<coordinates>-58.220216996583716,-32.17904787576233 -58.2202445036535,-32.17899355086278</coordinates>
</LineString>
</MultiGeometry>
</Placemark>
<Placemark>
<name>572</name>
<Style>
<LineStyle>
<color>ff00ff00</color>
</LineStyle>
<PolyStyle>
<fill>0</fill>
</PolyStyle>
</Style>
<MultiGeometry>
<LineString>
<coordinates>-58.220216996583716,-32.17904787576233 -58.22010276956521,-32.179008209624946 -58.22001505821487,-32.17919176067926</coordinates>
</LineString>
</MultiGeometry>
</Placemark>
<Placemark>
<name>573</name>
<Style>
<LineStyle>
<color>ff00ff00</color>
</LineStyle>
<PolyStyle>
<fill>0</fill>
</PolyStyle>
</Style>
<MultiGeometry>
<LineString>
<coordinates>-58.22001505821487,-32.17919176067926 -58.21968978208761,-32.17993729792906 -58.21979064191788,-32.179969999599074</coordinates>
</LineString>
</MultiGeometry>
</Placemark>
<Placemark>
<name>574</name>
<Style>
<LineStyle>
<color>ff00ff00</color>
</LineStyle>
<PolyStyle>
<fill>0</fill>
</PolyStyle>
</Style>
<MultiGeometry>
<LineString>
<coordinates>-58.2202445036535,-32.17899355086278 -58.22065829267736,-32.17795287829035 -58.22053027548034,-32.17792187878032</coordinates>
</LineString>
</MultiGeometry>
</Placemark>
<Placemark>
<name>575</name>
<Style>
<LineStyle>
<color>ff00ff00</color>
</LineStyle>
<PolyStyle>
<fill>0</fill>
</PolyStyle>
</Style>
<MultiGeometry>
<LineString>
<coordinates>-58.220216996583716,-32.17904787576233 -58.21957077348874,-32.178877437688975</coordinates>
</LineString>
</MultiGeometry>
</Placemark>
<Placemark>
<name>576</name>
<Style>
<LineStyle>
<color>ff00ff00</color>
</LineStyle>
<PolyStyle>
<fill>0</fill>
</PolyStyle>
</Style>
<MultiGeometry>
<LineString>
<coordinates>-58.21957077348874,-32.178877437688975 -58.21957077348874,-32.178877437688975</coordinates>
</LineString>
</MultiGeometry>
</Placemark>
<Placemark>
<name>577</name>
<Style>
<LineStyle>
<color>ff00ff00</color>
</LineStyle>
<PolyStyle>
<fill>0</fill>
</PolyStyle>
</Style>
<MultiGeometry>
<LineString>
<coordinates>-58.21957077348874,-32.178877437688975 -58.22004510207139,-32.17775355572085</coordinates>
</LineString>
</MultiGeometry>
</Placemark>
<Placemark>
<name>578</name>
<Style>
<LineStyle>
<color>ff00ff00</color>
</LineStyle>
<PolyStyle>
<fill>0</fill>
</PolyStyle>
</Style>
<MultiGeometry>
<LineString>
<coordinates>-58.22004510207139,-32.17775355572085 -58.22024431437416,-32.17738031948124</coordinates>
</LineString>
</MultiGeometry>
</Placemark>
<Placemark>
<name>579</name>
<Style>
<LineStyle>
<color>ff00ff00</color>
</LineStyle>
<PolyStyle>
<fill>0</fill>
</PolyStyle>
</Style>
<MultiGeometry>
<LineString>
<coordinates>-58.22024431437416,-32.17738031948124 -58.2201014284607,-32.177631317757076 -58.2234602829837,-32.17865199408242</coordinates>
</LineString>
</MultiGeometry>
</Placemark>
<Placemark>
<name>580</name>
<Style>
<LineStyle>
<color>ff00ff00</color>
</LineStyle>
<PolyStyle>
<fill>0</fill>
</PolyStyle>
</Style>
<MultiGeometry>
<LineString>
<coordinates>-58.21957077348874,-32.178877437688975 -58.21949505936813,-32.179011594890824</coordinates>
</LineString>
</MultiGeometry>
</Placemark>
<Placemark>
<name>581</name>
<Style>
<LineStyle>
<color>ff00ff00</color>
</LineStyle>
<PolyStyle>
<fill>0</fill>
</PolyStyle>
</Style>
<MultiGeometry>
<LineString>
<coordinates>-58.21949505936813,-32.179011594890824 -58.21920610963045,-32.179768916083034</coordinates>
</LineString>
</MultiGeometry>
</Placemark>
<Placemark>
<name>582</name>
<Style>
<LineStyle>
<color>ff00ff00</color>
</LineStyle>
<PolyStyle>
<fill>0</fill>
</PolyStyle>
</Style>
<MultiGeometry>
<LineString>
<coordinates>-58.21957077348874,-32.178877437688975 -58.21876178162482,-32.17860062031211</coordinates>
</LineString>
</MultiGeometry>
</Placemark>
<Placemark>
<name>T5 F1a44 (584)</name>
<Style>
<LineStyle>
<color>ff00ff00</color>
</LineStyle>
<PolyStyle>
<fill>0</fill>
</PolyStyle>
</Style>
<MultiGeometry>
<LineString>
<coordinates>-58.22074052304252,-32.179216357092244 -58.217770093125566,-32.178309114971114</coordinates>
</LineString>
</MultiGeometry>
</Placemark>
<Placemark>
<name>585</name>
<Style>
<LineStyle>
<color>ff00ff00</color>
</LineStyle>
<PolyStyle>
<fill>0</fill>
</PolyStyle>
</Style>
<MultiGeometry>
<LineString>
<coordinates>-58.217770093125566,-32.178309114971114 -58.21691787949534,-32.17801306829855</coordinates>
</LineString>
</MultiGeometry>
</Placemark>
<Placemark>
<name>586</name>
<Style>
<LineStyle>
<color>ff00ff00</color>
</LineStyle>
<PolyStyle>
<fill>0</fill>
</PolyStyle>
</Style>
<MultiGeometry>
<LineString>
<coordinates>-58.217770093125566,-32.178309114971114 -58.21801563181814,-32.17773745269801</coordinates>
</LineString>
</MultiGeometry>
</Placemark>
<Placemark>
<name>587</name>
<Style>
<LineStyle>
<color>ff00ff00</color>
</LineStyle>
<PolyStyle>
<fill>0</fill>
</PolyStyle>
</Style>
<MultiGeometry>
<LineString>
<coordinates>-58.217770093125566,-32.178309114971114 -58.217512105359255,-32.178909095775964</coordinates>
</LineString>
</MultiGeometry>
</Placemark>
<Placemark>
<name>T5 F43 + S44 C1a5 (588)</name>
<Style>
<LineStyle>
<color>ff00ff00</color>
</LineStyle>
<PolyStyle>
<fill>0</fill>
</PolyStyle>
</Style>
<MultiGeometry>
<LineString>
<coordinates>-58.217770093125566,-32.178309114971114 -58.21828531039135,-32.17707838265786</coordinates>
</LineString>
</MultiGeometry>
</Placemark>
<Placemark>
<name>589</name>
<Style>
<LineStyle>
<color>ff00ff00</color>
</LineStyle>
<PolyStyle>
<fill>0</fill>
</PolyStyle>
</Style>
<MultiGeometry>
<LineString>
<coordinates>-58.21828531039135,-32.17707838265786 -58.21917653261999,-32.177344216254795</coordinates>
</LineString>
</MultiGeometry>
</Placemark>
<Placemark>
<name>590</name>
<Style>
<LineStyle>
<color>ff00ff00</color>
</LineStyle>
<PolyStyle>
<fill>0</fill>
</PolyStyle>
</Style>
<MultiGeometry>
<LineString>
<coordinates>-58.21828531039135,-32.17707838265786 -58.21849061594825,-32.17662363081165</coordinates>
</LineString>
</MultiGeometry>
</Placemark>
<Placemark>
<name>591</name>
<Style>
<LineStyle>
<color>ff00ff00</color>
</LineStyle>
<PolyStyle>
<fill>0</fill>
</PolyStyle>
</Style>
<MultiGeometry>
<LineString>
<coordinates>-58.21828531039135,-32.17707838265786 -58.2174533298953,-32.17679298039642</coordinates>
</LineString>
</MultiGeometry>
</Placemark>
<Placemark>
<name>592</name>
<Style>
<LineStyle>
<color>ff00ff00</color>
</LineStyle>
<PolyStyle>
<fill>0</fill>
</PolyStyle>
</Style>
<MultiGeometry>
<LineString>
<coordinates>-58.2174533298953,-32.17679298039642 -58.216145140731804,-32.176410659304366</coordinates>
</LineString>
</MultiGeometry>
</Placemark>
<Placemark>
<name>T5 F1a42 (593)</name>
<Style>
<LineStyle>
<color>ff00ff00</color>
</LineStyle>
<PolyStyle>
<fill>0</fill>
</PolyStyle>
</Style>
<MultiGeometry>
<LineString>
<coordinates>-58.217770093125566,-32.178309114971114 -58.217242893055165,-32.179515165122474</coordinates>
</LineString>
</MultiGeometry>
</Placemark>
<Placemark>
<name>594</name>
<Style>
<LineStyle>
<color>ff00ff00</color>
</LineStyle>
<PolyStyle>
<fill>0</fill>
</PolyStyle>
</Style>
<MultiGeometry>
<LineString>
<coordinates>-58.217242893055165,-32.179515165122474 -58.21734554583362,-32.17955170376016</coordinates>
</LineString>
</MultiGeometry>
</Placemark>
<Placemark>
<name>595</name>
<Style>
<LineStyle>
<color>ff00ff00</color>
</LineStyle>
<PolyStyle>
<fill>0</fill>
</PolyStyle>
</Style>
<MultiGeometry>
<LineString>
<coordinates>-58.21734554583362,-32.17955170376016 -58.21737175565569,-32.17945657207742</coordinates>
</LineString>
</MultiGeometry>
</Placemark>
<Placemark>
<name>T4 F42 (596)</name>
<Style>
<LineStyle>
<color>ff00ff00</color>
</LineStyle>
<PolyStyle>
<fill>0</fill>
</PolyStyle>
</Style>
<MultiGeometry>
<LineString>
<coordinates>-58.217242893055165,-32.179515165122474 -58.217267878340486,-32.17942954572906 -58.21565062287206,-32.1789146450758</coordinates>
</LineString>
</MultiGeometry>
</Placemark>
<Placemark>
<name>597</name>
<Style>
<LineStyle>
<color>ff00ff00</color>
</LineStyle>
<PolyStyle>
<fill>0</fill>
</PolyStyle>
</Style>
<MultiGeometry>
<LineString>
<coordinates>-58.21565062287206,-32.1789146450758 -58.21646126226257,-32.17917209575243</coordinates>
</LineString>
</MultiGeometry>
</Placemark>
<Placemark>
<name>598</name>
<Style>
<LineStyle>
<color>ff00ff00</color>
</LineStyle>
<PolyStyle>
<fill>0</fill>
</PolyStyle>
</Style>
<MultiGeometry>
<LineString>
<coordinates>-58.21565062287206,-32.1789146450758 -58.2158042376219,-32.17854141346773</coordinates>
</LineString>
</MultiGeometry>
</Placemark>
<Placemark>
<name>599</name>
<Style>
<LineStyle>
<color>ff00ff00</color>
</LineStyle>
<PolyStyle>
<fill>0</fill>
</PolyStyle>
</Style>
<MultiGeometry>
<LineString>
<coordinates>-58.2158042376219,-32.17854141346773 -58.21637895918724,-32.177252738089386</coordinates>
</LineString>
</MultiGeometry>
</Placemark>
<Placemark>
<name>600</name>
<Style>
<LineStyle>
<color>ff00ff00</color>
</LineStyle>
<PolyStyle>
<fill>0</fill>
</PolyStyle>
</Style>
<MultiGeometry>
<LineString>
<coordinates>-58.21637895918724,-32.177252738089386 -58.21686248564575,-32.17626199152279</coordinates>
</LineString>
</MultiGeometry>
</Placemark>
<Placemark>
<name>601</name>
<Style>
<LineStyle>
<color>ff00ff00</color>
</LineStyle>
<PolyStyle>
<fill>0</fill>
</PolyStyle>
</Style>
<MultiGeometry>
<LineString>
<coordinates>-58.21565062287206,-32.1789146450758 -58.21485692213892,-32.17864481323542</coordinates>
</LineString>
</MultiGeometry>
</Placemark>
<Placemark>
<name>602</name>
<Style>
<LineStyle>
<color>ff00ff00</color>
</LineStyle>
<PolyStyle>
<fill>0</fill>
</PolyStyle>
</Style>
<MultiGeometry>
<LineString>
<coordinates>-58.21485692213892,-32.17864481323542 -58.213047159890024,-32.178096774304464</coordinates>
</LineString>
</MultiGeometry>
</Placemark>
<Placemark>
<name>T5 F1a41 + S41 C7a8 (603)</name>
<Style>
<LineStyle>
<color>ff00ff00</color>
</LineStyle>
<PolyStyle>
<fill>0</fill>
</PolyStyle>
</Style>
<MultiGeometry>
<LineString>
<coordinates>-58.217242893055165,-32.179515165122474 -58.21734554583362,-32.17955170376016 -58.21688881203538,-32.18058397481742</coordinates>
</LineString>
</MultiGeometry>
</Placemark>
<Placemark>
<name>604</name>
<Style>
<LineStyle>
<color>ff00ff00</color>
</LineStyle>
<PolyStyle>
<fill>0</fill>
</PolyStyle>
</Style>
<MultiGeometry>
<LineString>
<coordinates>-58.21688881203538,-32.18058397481742 -58.21688881203538,-32.18058397481742</coordinates>
</LineString>
</MultiGeometry>
</Placemark>
<Placemark>
<name>605</name>
<Style>
<LineStyle>
<color>ff00ff00</color>
</LineStyle>
<PolyStyle>
<fill>0</fill>
</PolyStyle>
</Style>
<MultiGeometry>
<LineString>
<coordinates>-58.21688881203538,-32.18058397481742 -58.21850373499698,-32.18109783564353</coordinates>
</LineString>
</MultiGeometry>
</Placemark>
<Placemark>
<name>606</name>
<Style>
<LineStyle>
<color>ff00ff00</color>
</LineStyle>
<PolyStyle>
<fill>0</fill>
</PolyStyle>
</Style>
<MultiGeometry>
<LineString>
<coordinates>-58.21850373499698,-32.18109783564353 -58.218458866279796,-32.181192261959374</coordinates>
</LineString>
</MultiGeometry>
</Placemark>
<Placemark>
<name>607</name>
<Style>
<LineStyle>
<color>ff00ff00</color>
</LineStyle>
<PolyStyle>
<fill>0</fill>
</PolyStyle>
</Style>
<MultiGeometry>
<LineString>
<coordinates>-58.21688881203538,-32.18058397481742 -58.21609024258461,-32.18033396398565</coordinates>
</LineString>
</MultiGeometry>
</Placemark>
<Placemark>
<name>608</name>
<Style>
<LineStyle>
<color>ff00ff00</color>
</LineStyle>
<PolyStyle>
<fill>0</fill>
</PolyStyle>
</Style>
<MultiGeometry>
<LineString>
<coordinates>-58.21609024258461,-32.18033396398565 -58.2159978229414,-32.18030760836141 -58.215758377503214,-32.18087493045602</coordinates>
</LineString>
</MultiGeometry>
</Placemark>
<Placemark>
<name>T5 F1a41 + S41 C7a8 (609)</name>
<Style>
<LineStyle>
<color>ff00ff00</color>
</LineStyle>
<PolyStyle>
<fill>0</fill>
</PolyStyle>
</Style>
<MultiGeometry>
<LineString>
<coordinates>-58.21688881203538,-32.18058397481742 -58.21639770521954,-32.18171632006181</coordinates>
</LineString>
</MultiGeometry>
</Placemark>
<Placemark>
<name>610</name>
<Style>
<LineStyle>
<color>ff00ff00</color>
</LineStyle>
<PolyStyle>
<fill>0</fill>
</PolyStyle>
</Style>
<MultiGeometry>
<LineString>
<coordinates>-58.21639770521954,-32.18171632006181 -58.21667056170313,-32.18104074035806</coordinates>
</LineString>
</MultiGeometry>
</Placemark>
<Placemark>
<name>611</name>
<Style>
<LineStyle>
<color>ff00ff00</color>
</LineStyle>
<PolyStyle>
<fill>0</fill>
</PolyStyle>
</Style>
<MultiGeometry>
<LineString>
<coordinates>-58.21639770521954,-32.18171632006181 -58.21759738148571,-32.18208542984245</coordinates>
</LineString>
</MultiGeometry>
</Placemark>
<Placemark>
<name>612</name>
<Style>
<LineStyle>
<color>ff00ff00</color>
</LineStyle>
<PolyStyle>
<fill>0</fill>
</PolyStyle>
</Style>
<MultiGeometry>
<LineString>
<coordinates>-58.21759738148571,-32.18208542984245 -58.22350969899087,-32.18394598453679</coordinates>
</LineString>
</MultiGeometry>
</Placemark>
<Placemark>
<name>T5 F39a40 (613)</name>
<Style>
<LineStyle>
<color>ff00ff00</color>
</LineStyle>
<PolyStyle>
<fill>0</fill>
</PolyStyle>
</Style>
<MultiGeometry>
<LineString>
<coordinates>-58.21639770521954,-32.18171632006181 -58.21546050630541,-32.18357125227515</coordinates>
</LineString>
</MultiGeometry>
</Placemark>
<Placemark>
<name>614</name>
<Style>
<LineStyle>
<color>ff00ff00</color>
</LineStyle>
<PolyStyle>
<fill>0</fill>
</PolyStyle>
</Style>
<MultiGeometry>
<LineString>
<coordinates>-58.21546050630541,-32.18357125227515 -58.21560339221883,-32.18318895889863</coordinates>
</LineString>
</MultiGeometry>
</Placemark>
<Placemark>
<name>615</name>
<Style>
<LineStyle>
<color>ff00ff00</color>
</LineStyle>
<PolyStyle>
<fill>0</fill>
</PolyStyle>
</Style>
<MultiGeometry>
<LineString>
<coordinates>-58.21560339221883,-32.18318895889863 -58.21586965974754,-32.18255362240505</coordinates>
</LineString>
</MultiGeometry>
</Placemark>
<Placemark>
<name>616</name>
<Style>
<LineStyle>
<color>ff00ff00</color>
</LineStyle>
<PolyStyle>
<fill>0</fill>
</PolyStyle>
</Style>
<MultiGeometry>
<LineString>
<coordinates>-58.21586965974754,-32.18255362240505 -58.2161493383216,-32.181926152486824</coordinates>
</LineString>
</MultiGeometry>
</Placemark>
<Placemark>
<name>617</name>
<Style>
<LineStyle>
<color>ff00ff00</color>
</LineStyle>
<PolyStyle>
<fill>0</fill>
</PolyStyle>
</Style>
<MultiGeometry>
<LineString>
<coordinates>-58.21546050630541,-32.18357125227515 -58.214516601868,-32.18327069551965</coordinates>
</LineString>
</MultiGeometry>
</Placemark>
<Placemark>
<name>618</name>
<Style>
<LineStyle>
<color>ff00ff00</color>
</LineStyle>
<PolyStyle>
<fill>0</fill>
</PolyStyle>
</Style>
<MultiGeometry>
<LineString>
<coordinates>-58.214516601868,-32.18327069551965 -58.21371803241763,-32.183008715801115</coordinates>
</LineString>
</MultiGeometry>
</Placemark>
<Placemark>
<name>619</name>
<Style>
<LineStyle>
<color>ff00ff00</color>
</LineStyle>
<PolyStyle>
<fill>0</fill>
</PolyStyle>
</Style>
<MultiGeometry>
<LineString>
<coordinates>-58.21546050630541,-32.18357125227515 -58.21544243140183,-32.18366361880404 -58.216089572610656,-32.18385372031614</coordinates>
</LineString>
</MultiGeometry>
</Placemark>
<Placemark>
<name>T5 F1a38 + S38 C6a8 (620)</name>
<Style>
<LineStyle>
<color>ff00ff00</color>
</LineStyle>
<PolyStyle>
<fill>0</fill>
</PolyStyle>
</Style>
<MultiGeometry>
<LineString>
<coordinates>-58.21639770521954,-32.18171632006181 -58.214700449753515,-32.181150843017086</coordinates>
</LineString>
</MultiGeometry>
</Placemark>
<Placemark>
<name>621</name>
<Style>
<LineStyle>
<color>ff00ff00</color>
</LineStyle>
<PolyStyle>
<fill>0</fill>
</PolyStyle>
</Style>
<MultiGeometry>
<LineString>
<coordinates>-58.214700449753515,-32.181150843017086 -58.21376190973389,-32.18088272093685</coordinates>
</LineString>
</MultiGeometry>
</Placemark>
<Placemark>
<name>622</name>
<Style>
<LineStyle>
<color>ff00ff00</color>
</LineStyle>
<PolyStyle>
<fill>0</fill>
</PolyStyle>
</Style>
<MultiGeometry>
<LineString>
<coordinates>-58.214700449753515,-32.181150843017086 -58.21455902151227,-32.181416691359495</coordinates>
</LineString>
</MultiGeometry>
</Placemark>
<Placemark>
<name>626</name>
<Style>
<LineStyle>
<color>ff00ff00</color>
</LineStyle>
<PolyStyle>
<fill>0</fill>
</PolyStyle>
</Style>
<MultiGeometry>
<LineString>
<coordinates>-58.214700449753515,-32.181150843017086 -58.2154107394419,-32.181387610919664</coordinates>
</LineString>
</MultiGeometry>
</Placemark>
<Placemark>
<name>627</name>
<Style>
<LineStyle>
<color>ff00ff00</color>
</LineStyle>
<PolyStyle>
<fill>0</fill>
</PolyStyle>
</Style>
<MultiGeometry>
<LineString>
<coordinates>-58.214700449753515,-32.181150843017086 -58.21489770868394,-32.18063938396853</coordinates>
</LineString>
</MultiGeometry>
</Placemark>
<Placemark>
<name>T5 F1a37 (628)</name>
<Style>
<LineStyle>
<color>ff00ff00</color>
</LineStyle>
<PolyStyle>
<fill>0</fill>
</PolyStyle>
</Style>
<MultiGeometry>
<LineString>
<coordinates>-58.214700449753515,-32.181150843017086 -58.212940541506995,-32.180630950284666</coordinates>
</LineString>
</MultiGeometry>
</Placemark>
<Placemark>
<name>629</name>
<Style>
<LineStyle>
<color>ff00ff00</color>
</LineStyle>
<PolyStyle>
<fill>0</fill>
</PolyStyle>
</Style>
<MultiGeometry>
<LineString>
<coordinates>-58.212940541506995,-32.180630950284666 -58.21189627293976,-32.18029255911733</coordinates>
</LineString>
</MultiGeometry>
</Placemark>
<Placemark>
<name>630</name>
<Style>
<LineStyle>
<color>ff00ff00</color>
</LineStyle>
<PolyStyle>
<fill>0</fill>
</PolyStyle>
</Style>
<MultiGeometry>
<LineString>
<coordinates>-58.212940541506995,-32.180630950284666 -58.21270166448054,-32.18112705422605</coordinates>
</LineString>
</MultiGeometry>
</Placemark>
<Placemark>
<name>631</name>
<Style>
<LineStyle>
<color>ff00ff00</color>
</LineStyle>
<PolyStyle>
<fill>0</fill>
</PolyStyle>
</Style>
<MultiGeometry>
<LineString>
<coordinates>-58.21270166448054,-32.18112705422605 -58.21246099450571,-32.18168685704697</coordinates>
</LineString>
</MultiGeometry>
</Placemark>
<Placemark>
<name>632</name>
<Style>
<LineStyle>
<color>ff00ff00</color>
</LineStyle>
<PolyStyle>
<fill>0</fill>
</PolyStyle>
</Style>
<MultiGeometry>
<LineString>
<coordinates>-58.21246099450571,-32.18168685704697 -58.211229248299716,-32.1812886650314</coordinates>
</LineString>
</MultiGeometry>
</Placemark>
<Placemark>
<name>T5 F26a27 (633)</name>
<Style>
<LineStyle>
<color>ff00ff00</color>
</LineStyle>
<PolyStyle>
<fill>0</fill>
</PolyStyle>
</Style>
<MultiGeometry>
<LineString>
<coordinates>-58.212940541506995,-32.180630950284666 -58.2113077611975,-32.18434291669003</coordinates>
</LineString>
</MultiGeometry>
</Placemark>
<Placemark>
<name>634</name>
<Style>
<LineStyle>
<color>ff00ff00</color>
</LineStyle>
<PolyStyle>
<fill>0</fill>
</PolyStyle>
</Style>
<MultiGeometry>
<LineString>
<coordinates>-58.2113077611975,-32.18434291669003 -58.21286440439752,-32.18485098433875</coordinates>
</LineString>
</MultiGeometry>
</Placemark>
<Placemark>
<name>635</name>
<Style>
<LineStyle>
<color>ff00ff00</color>
</LineStyle>
<PolyStyle>
<fill>0</fill>
</PolyStyle>
</Style>
<MultiGeometry>
<LineString>
<coordinates>-58.21286440439752,-32.18485098433875 -58.21292883569818,-32.18485375334129 -58.21264256816946,-32.18559836981967</coordinates>
</LineString>
</MultiGeometry>
</Placemark>
<Placemark>
<name>636</name>
<Style>
<LineStyle>
<color>ff00ff00</color>
</LineStyle>
<PolyStyle>
<fill>0</fill>
</PolyStyle>
</Style>
<MultiGeometry>
<LineString>
<coordinates>-58.2113077611975,-32.18434291669003 -58.21115828632822,-32.184662074458664</coordinates>
</LineString>
</MultiGeometry>
</Placemark>
<Placemark>
<name>637</name>
<Style>
<LineStyle>
<color>ff00ff00</color>
</LineStyle>
<PolyStyle>
<fill>0</fill>
</PolyStyle>
</Style>
<MultiGeometry>
<LineString>
<coordinates>-58.21115828632822,-32.184662074458664 -58.210936391815814,-32.18517418439797</coordinates>
</LineString>
</MultiGeometry>
</Placemark>
<Placemark>
<name>638</name>
<Style>
<LineStyle>
<color>ff00ff00</color>
</LineStyle>
<PolyStyle>
<fill>0</fill>
</PolyStyle>
</Style>
<MultiGeometry>
<LineString>
<coordinates>-58.210936391815814,-32.18517418439797 -58.211107440924515,-32.18476996732699 -58.212241403069854,-32.18508798853219</coordinates>
</LineString>
</MultiGeometry>
</Placemark>
<Placemark>
<name>T5 F28a36 + S37 C6a8 (639)</name>
<Style>
<LineStyle>
<color>ff00ff00</color>
</LineStyle>
<PolyStyle>
<fill>0</fill>
</PolyStyle>
</Style>
<MultiGeometry>
<LineString>
<coordinates>-58.212940541506995,-32.180630950284666 -58.21328702716862,-32.179527197639054</coordinates>
</LineString>
</MultiGeometry>
</Placemark>
<Placemark>
<name>640</name>
<Style>
<LineStyle>
<color>ff00ff00</color>
</LineStyle>
<PolyStyle>
<fill>0</fill>
</PolyStyle>
</Style>
<MultiGeometry>
<LineString>
<coordinates>-58.21328702716862,-32.179527197639054 -58.21282641605449,-32.179374897341596</coordinates>
</LineString>
</MultiGeometry>
</Placemark>
<Placemark>
<name>641</name>
<Style>
<LineStyle>
<color>ff00ff00</color>
</LineStyle>
<PolyStyle>
<fill>0</fill>
</PolyStyle>
</Style>
<MultiGeometry>
<LineString>
<coordinates>-58.21328702716862,-32.179527197639054 -58.21310145904561,-32.17997147168296</coordinates>
</LineString>
</MultiGeometry>
</Placemark>
<Placemark>
<name>642</name>
<Style>
<LineStyle>
<color>ff00ff00</color>
</LineStyle>
<PolyStyle>
<fill>0</fill>
</PolyStyle>
</Style>
<MultiGeometry>
<LineString>
<coordinates>-58.21328702716862,-32.179527197639054 -58.21408241870901,-32.179789289308914</coordinates>
</LineString>
</MultiGeometry>
</Placemark>
<Placemark>
<name>T5 F28a36 (643)</name>
<Style>
<LineStyle>
<color>ff00ff00</color>
</LineStyle>
<PolyStyle>
<fill>0</fill>
</PolyStyle>
</Style>
<MultiGeometry>
<LineString>
<coordinates>-58.21328702716862,-32.179527197639054 -58.214357461701034,-32.17720998810202</coordinates>
</LineString>
</MultiGeometry>
</Placemark>
<Placemark>
<name>644</name>
<Style>
<LineStyle>
<color>ff00ff00</color>
</LineStyle>
<PolyStyle>
<fill>0</fill>
</PolyStyle>
</Style>
<MultiGeometry>
<LineString>
<coordinates>-58.214357461701034,-32.17720998810202 -58.214283088684645,-32.17733393189926 -58.215187721959076,-32.177539603724654</coordinates>
</LineString>
</MultiGeometry>
</Placemark>
<Placemark>
<name>645</name>
<Style>
<LineStyle>
<color>ff00ff00</color>
</LineStyle>
<PolyStyle>
<fill>0</fill>
</PolyStyle>
</Style>
<MultiGeometry>
<LineString>
<coordinates>-58.214357461701034,-32.17720998810202 -58.214283088684645,-32.17733393189926</coordinates>
</LineString>
</MultiGeometry>
</Placemark>
<Placemark>
<name>646</name>
<Style>
<LineStyle>
<color>ff00ff00</color>
</LineStyle>
<PolyStyle>
<fill>0</fill>
</PolyStyle>
</Style>
<MultiGeometry>
<LineString>
<coordinates>-58.214357461701034,-32.17720998810202 -58.21365690944754,-32.17700744994795</coordinates>
</LineString>
</MultiGeometry>
</Placemark>
<Placemark>
<name>647</name>
<Style>
<LineStyle>
<color>ff00ff00</color>
</LineStyle>
<PolyStyle>
<fill>0</fill>
</PolyStyle>
</Style>
<MultiGeometry>
<LineString>
<coordinates>-58.214357461701034,-32.17720998810202 -58.21458970591673,-32.17664738896108</coordinates>
</LineString>
</MultiGeometry>
</Placemark>
<Placemark>
<name>648</name>
<Style>
<LineStyle>
<color>ff00ff00</color>
</LineStyle>
<PolyStyle>
<fill>0</fill>
</PolyStyle>
</Style>
<MultiGeometry>
<LineString>
<coordinates>-58.214357461701034,-32.17720998810202 -58.215255622588735,-32.17510722791095</coordinates>
</LineString>
</MultiGeometry>
</Placemark>
<Placemark>
<name>649</name>
<Style>
<LineStyle>
<color>ff00ff00</color>
</LineStyle>
<PolyStyle>
<fill>0</fill>
</PolyStyle>
</Style>
<MultiGeometry>
<LineString>
<coordinates>-58.215255622588735,-32.17510722791095 -58.21593165582856,-32.17534944577779</coordinates>
</LineString>
</MultiGeometry>
</Placemark>
<Placemark>
<name>650</name>
<Style>
<LineStyle>
<color>ff00ff00</color>
</LineStyle>
<PolyStyle>
<fill>0</fill>
</PolyStyle>
</Style>
<MultiGeometry>
<LineString>
<coordinates>-58.215255622588735,-32.17510722791095 -58.215120899869795,-32.175479770625834</coordinates>
</LineString>
</MultiGeometry>
</Placemark>
<Placemark>
<name>651</name>
<Style>
<LineStyle>
<color>ff00ff00</color>
</LineStyle>
<PolyStyle>
<fill>0</fill>
</PolyStyle>
</Style>
<MultiGeometry>
<LineString>
<coordinates>-58.215255622588735,-32.17510722791095 -58.21444644087081,-32.17487857738537</coordinates>
</LineString>
</MultiGeometry>
</Placemark>
<Placemark>
<name>652</name>
<Style>
<LineStyle>
<color>ff00ff00</color>
</LineStyle>
<PolyStyle>
<fill>0</fill>
</PolyStyle>
</Style>
<MultiGeometry>
<LineString>
<coordinates>-58.21444644087081,-32.17487857738537 -58.21292635719561,-32.17442791323089</coordinates>
</LineString>
</MultiGeometry>
</Placemark>
<Placemark>
<name>T5 F28a35 (653)</name>
<Style>
<LineStyle>
<color>ff00ff00</color>
</LineStyle>
<PolyStyle>
<fill>0</fill>
</PolyStyle>
</Style>
<MultiGeometry>
<LineString>
<coordinates>-58.214357461701034,-32.17720998810202 -58.21257973996464,-32.17668512525521</coordinates>
</LineString>
</MultiGeometry>
</Placemark>
<Placemark>
<name>654</name>
<Style>
<LineStyle>
<color>ff00ff00</color>
</LineStyle>
<PolyStyle>
<fill>0</fill>
</PolyStyle>
</Style>
<MultiGeometry>
<LineString>
<coordinates>-58.21257973996464,-32.17668512525521 -58.21240490067753,-32.17703447898511</coordinates>
</LineString>
</MultiGeometry>
</Placemark>
<Placemark>
<name>655</name>
<Style>
<LineStyle>
<color>ff00ff00</color>
</LineStyle>
<PolyStyle>
<fill>0</fill>
</PolyStyle>
</Style>
<MultiGeometry>
<LineString>
<coordinates>-58.21257973996464,-32.17668512525521 -58.21262338414529,-32.17656672081951 -58.21177921714136,-32.176324810173405</coordinates>
</LineString>
</MultiGeometry>
</Placemark>
<Placemark>
<name>T5 F28a33 C7a8 (656)</name>
<Style>
<LineStyle>
<color>ff00ff00</color>
</LineStyle>
<PolyStyle>
<fill>0</fill>
</PolyStyle>
</Style>
<MultiGeometry>
<LineString>
<coordinates>-58.21257973996464,-32.17668512525521 -58.213132508157095,-32.175430756631606</coordinates>
</LineString>
</MultiGeometry>
</Placemark>
<Placemark>
<name>657</name>
<Style>
<LineStyle>
<color>ff00ff00</color>
</LineStyle>
<PolyStyle>
<fill>0</fill>
</PolyStyle>
</Style>
<MultiGeometry>
<LineString>
<coordinates>-58.213132508157095,-32.175430756631606 -58.21285409970246,-32.17599896066152</coordinates>
</LineString>
</MultiGeometry>
</Placemark>
<Placemark>
<name>658</name>
<Style>
<LineStyle>
<color>ff00ff00</color>
</LineStyle>
<PolyStyle>
<fill>0</fill>
</PolyStyle>
</Style>
<MultiGeometry>
<LineString>
<coordinates>-58.213132508157095,-32.175430756631606 -58.214031777013055,-32.17573632498818</coordinates>
</LineString>
</MultiGeometry>
</Placemark>
<Placemark>
<name>659</name>
<Style>
<LineStyle>
<color>ff00ff00</color>
</LineStyle>
<PolyStyle>
<fill>0</fill>
</PolyStyle>
</Style>
<MultiGeometry>
<LineString>
<coordinates>-58.213132508157095,-32.175430756631606 -58.21222603807752,-32.17516790498761</coordinates>
</LineString>
</MultiGeometry>
</Placemark>
<Placemark>
<name>660</name>
<Style>
<LineStyle>
<color>ff00ff00</color>
</LineStyle>
<PolyStyle>
<fill>0</fill>
</PolyStyle>
</Style>
<MultiGeometry>
<LineString>
<coordinates>-58.213132508157095,-32.175430756631606 -58.21327416953439,-32.17502963371441</coordinates>
</LineString>
</MultiGeometry>
</Placemark>
<Placemark>
<name>661</name>
<Style>
<LineStyle>
<color>ff00ff00</color>
</LineStyle>
<PolyStyle>
<fill>0</fill>
</PolyStyle>
</Style>
<MultiGeometry>
<LineString>
<coordinates>-58.21327416953439,-32.17502963371441 -58.21368527634933,-32.17419324444968</coordinates>
</LineString>
</MultiGeometry>
</Placemark>
<Placemark>
<name>T5 F28a32 (662)</name>
<Style>
<LineStyle>
<color>ff00ff00</color>
</LineStyle>
<PolyStyle>
<fill>0</fill>
</PolyStyle>
</Style>
<MultiGeometry>
<LineString>
<coordinates>-58.213132508157095,-32.175430756631606 -58.21129883916179,-32.17488470437329</coordinates>
</LineString>
</MultiGeometry>
</Placemark>
<Placemark>
<name>663</name>
<Style>
<LineStyle>
<color>ff00ff00</color>
</LineStyle>
<PolyStyle>
<fill>0</fill>
</PolyStyle>
</Style>
<MultiGeometry>
<LineString>
<coordinates>-58.21129883916179,-32.17488470437329 -58.21129883916179,-32.17488470437329</coordinates>
</LineString>
</MultiGeometry>
</Placemark>
<Placemark>
<name>664</name>
<Style>
<LineStyle>
<color>ff00ff00</color>
</LineStyle>
<PolyStyle>
<fill>0</fill>
</PolyStyle>
</Style>
<MultiGeometry>
<LineString>
<coordinates>-58.21129883916179,-32.17488470437329 -58.20974820150261,-32.17443529107731</coordinates>
</LineString>
</MultiGeometry>
</Placemark>
<Placemark>
<name>665</name>
<Style>
<LineStyle>
<color>ff00ff00</color>
</LineStyle>
<PolyStyle>
<fill>0</fill>
</PolyStyle>
</Style>
<MultiGeometry>
<LineString>
<coordinates>-58.21129883916179,-32.17488470437329 -58.21140886801542,-32.17491415071379 -58.21170463984269,-32.17433884606347</coordinates>
</LineString>
</MultiGeometry>
</Placemark>
<Placemark>
<name>666</name>
<Style>
<LineStyle>
<color>ff00ff00</color>
</LineStyle>
<PolyStyle>
<fill>0</fill>
</PolyStyle>
</Style>
<MultiGeometry>
<LineString>
<coordinates>-58.21170463984269,-32.17433884606347 -58.21202186934282,-32.17358645261664</coordinates>
</LineString>
</MultiGeometry>
</Placemark>
<Placemark>
<name>667</name>
<Style>
<LineStyle>
<color>ff00ff00</color>
</LineStyle>
<PolyStyle>
<fill>0</fill>
</PolyStyle>
</Style>
<MultiGeometry>
<LineString>
<coordinates>-58.21202186934282,-32.17358645261664 -58.212328370006766,-32.17295433692876</coordinates>
</LineString>
</MultiGeometry>
</Placemark>
<Placemark>
<name>668</name>
<Style>
<LineStyle>
<color>ff00ff00</color>
</LineStyle>
<PolyStyle>
<fill>0</fill>
</PolyStyle>
</Style>
<MultiGeometry>
<LineString>
<coordinates>-58.21129883916179,-32.17488470437329 -58.21140886801542,-32.17491415071379 -58.2111597722809,-32.17551730108716</coordinates>
</LineString>
</MultiGeometry>
</Placemark>
<Placemark>
<name>669</name>
<Style>
<LineStyle>
<color>ff00ff00</color>
</LineStyle>
<PolyStyle>
<fill>0</fill>
</PolyStyle>
</Style>
<MultiGeometry>
<LineString>
<coordinates>-58.2111597722809,-32.17551730108716 -58.21073134767467,-32.176474434260165</coordinates>
</LineString>
</MultiGeometry>
</Placemark>
<Placemark>
<name>T5 F1a25 (670)</name>
<Style>
<LineStyle>
<color>ff00ff00</color>
</LineStyle>
<PolyStyle>
<fill>0</fill>
</PolyStyle>
</Style>
<MultiGeometry>
<LineString>
<coordinates>-58.212940541506995,-32.180630950284666 -58.211071888379124,-32.18001725849819</coordinates>
</LineString>
</MultiGeometry>
</Placemark>
<Placemark>
<name>671</name>
<Style>
<LineStyle>
<color>ff00ff00</color>
</LineStyle>
<PolyStyle>
<fill>0</fill>
</PolyStyle>
</Style>
<MultiGeometry>
<LineString>
<coordinates>-58.211071888379124,-32.18001725849819 -58.21084194723978,-32.18053417702578</coordinates>
</LineString>
</MultiGeometry>
</Placemark>
<Placemark>
<name>672</name>
<Style>
<LineStyle>
<color>ff00ff00</color>
</LineStyle>
<PolyStyle>
<fill>0</fill>
</PolyStyle>
</Style>
<MultiGeometry>
<LineString>
<coordinates>-58.211071888379124,-32.18001725849819 -58.21028757537708,-32.179778860487474</coordinates>
</LineString>
</MultiGeometry>
</Placemark>
<Placemark>
<name>673</name>
<Style>
<LineStyle>
<color>ff00ff00</color>
</LineStyle>
<PolyStyle>
<fill>0</fill>
</PolyStyle>
</Style>
<MultiGeometry>
<LineString>
<coordinates>-58.21028757537708,-32.179778860487474 -58.208349067095305,-32.17916395148314</coordinates>
</LineString>
</MultiGeometry>
</Placemark>
<Placemark>
<name>674</name>
<Style>
<LineStyle>
<color>ff00ff00</color>
</LineStyle>
<PolyStyle>
<fill>0</fill>
</PolyStyle>
</Style>
<MultiGeometry>
<LineString>
<coordinates>-58.211071888379124,-32.18001725849819 -58.211228914174214,-32.179659244759776</coordinates>
</LineString>
</MultiGeometry>
</Placemark>
<Placemark>
<name>676</name>
<Style>
<LineStyle>
<color>ff00ff00</color>
</LineStyle>
<PolyStyle>
<fill>0</fill>
</PolyStyle>
</Style>
<MultiGeometry>
<LineString>
<coordinates>-58.211228914174214,-32.179659244759776 -58.2116319743623,-32.17883424848159</coordinates>
</LineString>
</MultiGeometry>
</Placemark>
<Placemark>
<name>T5 F2a24 (677)</name>
<Style>
<LineStyle>
<color>ff00ff00</color>
</LineStyle>
<PolyStyle>
<fill>0</fill>
</PolyStyle>
</Style>
<MultiGeometry>
<LineString>
<coordinates>-58.211071888379124,-32.18001725849819 -58.20759084734784,-32.178939282754946</coordinates>
</LineString>
</MultiGeometry>
</Placemark>
<Placemark>
<name>678</name>
<Style>
<LineStyle>
<color>ff00ff00</color>
</LineStyle>
<PolyStyle>
<fill>0</fill>
</PolyStyle>
</Style>
<MultiGeometry>
<LineString>
<coordinates>-58.20759084734784,-32.178939282754946 -58.2075116056139,-32.17891274381514 -58.20745064364271,-32.17900830773165</coordinates>
</LineString>
</MultiGeometry>
</Placemark>
<Placemark>
<name>T4 F24 + S24 C8 (679)</name>
<Style>
<LineStyle>
<color>ff00ff00</color>
</LineStyle>
<PolyStyle>
<fill>0</fill>
</PolyStyle>
</Style>
<MultiGeometry>
<LineString>
<coordinates>-58.20759084734784,-32.178939282754946 -58.208095831478865,-32.17778680999482</coordinates>
</LineString>
</MultiGeometry>
</Placemark>
<Placemark>
<name>680</name>
<Style>
<LineStyle>
<color>ff00ff00</color>
</LineStyle>
<PolyStyle>
<fill>0</fill>
</PolyStyle>
</Style>
<MultiGeometry>
<LineString>
<coordinates>-58.208095831478865,-32.17778680999482 -58.2078524792947,-32.17836007098928</coordinates>
</LineString>
</MultiGeometry>
</Placemark>
<Placemark>
<name>681</name>
<Style>
<LineStyle>
<color>ff00ff00</color>
</LineStyle>
<PolyStyle>
<fill>0</fill>
</PolyStyle>
</Style>
<MultiGeometry>
<LineString>
<coordinates>-58.208095831478865,-32.17778680999482 -58.209119210786085,-32.17809694257341</coordinates>
</LineString>
</MultiGeometry>
</Placemark>
<Placemark>
<name>682</name>
<Style>
<LineStyle>
<color>ff00ff00</color>
</LineStyle>
<PolyStyle>
<fill>0</fill>
</PolyStyle>
</Style>
<MultiGeometry>
<LineString>
<coordinates>-58.209119210786085,-32.17809694257341 -58.21000238638798,-32.17835482736133</coordinates>
</LineString>
</MultiGeometry>
</Placemark>
<Placemark>
<name>683</name>
<Style>
<LineStyle>
<color>ff00ff00</color>
</LineStyle>
<PolyStyle>
<fill>0</fill>
</PolyStyle>
</Style>
<MultiGeometry>
<LineString>
<coordinates>-58.208095831478865,-32.17778680999482 -58.2083374634258,-32.17723742751997</coordinates>
</LineString>
</MultiGeometry>
</Placemark>
<Placemark>
<name>684</name>
<Style>
<LineStyle>
<color>ff00ff00</color>
</LineStyle>
<PolyStyle>
<fill>0</fill>
</PolyStyle>
</Style>
<MultiGeometry>
<LineString>
<coordinates>-58.2083374634258,-32.17723742751997 -58.20853801683368,-32.176756352572724 -58.20932731512045,-32.17698926865992</coordinates>
</LineString>
</MultiGeometry>
</Placemark>
<Placemark>
<name>685</name>
<Style>
<LineStyle>
<color>ff00ff00</color>
</LineStyle>
<PolyStyle>
<fill>0</fill>
</PolyStyle>
</Style>
<MultiGeometry>
<LineString>
<coordinates>-58.20932731512045,-32.17698926865992 -58.21117876817634,-32.17750880145298</coordinates>
</LineString>
</MultiGeometry>
</Placemark>
<Placemark>
<name>T5 F1a23 (686)</name>
<Style>
<LineStyle>
<color>ff00ff00</color>
</LineStyle>
<PolyStyle>
<fill>0</fill>
</PolyStyle>
</Style>
<MultiGeometry>
<LineString>
<coordinates>-58.20759084734784,-32.178939282754946 -58.19694769597905,-32.17549691785813</coordinates>
</LineString>
</MultiGeometry>
</Placemark>
<Placemark>
<name>688</name>
<Style>
<LineStyle>
<color>ff00ff00</color>
</LineStyle>
<PolyStyle>
<fill>0</fill>
</PolyStyle>
</Style>
<MultiGeometry>
<LineString>
<coordinates>-58.19694769597905,-32.17549691785813 -58.19856311464203,-32.17599091822992</coordinates>
</LineString>
</MultiGeometry>
</Placemark>
<Placemark>
<name>689</name>
<Style>
<LineStyle>
<color>ff00ff00</color>
</LineStyle>
<PolyStyle>
<fill>0</fill>
</PolyStyle>
</Style>
<MultiGeometry>
<LineString>
<coordinates>-58.19856311464203,-32.17599091822992 -58.19918611596953,-32.17616480958328</coordinates>
</LineString>
</MultiGeometry>
</Placemark>
<Placemark>
<name>690</name>
<Style>
<LineStyle>
<color>ff00ff00</color>
</LineStyle>
<PolyStyle>
<fill>0</fill>
</PolyStyle>
</Style>
<MultiGeometry>
<LineString>
<coordinates>-58.19694769597905,-32.17549691785813 -58.19647250756717,-32.17651088864552</coordinates>
</LineString>
</MultiGeometry>
</Placemark>
<Placemark>
<name>691</name>
<Style>
<LineStyle>
<color>ff00ff00</color>
</LineStyle>
<PolyStyle>
<fill>0</fill>
</PolyStyle>
</Style>
<MultiGeometry>
<LineString>
<coordinates>-58.19694769597905,-32.17549691785813 -58.19681241927561,-32.17544137708766</coordinates>
</LineString>
</MultiGeometry>
</Placemark>
<Placemark>
<name>692</name>
<Style>
<LineStyle>
<color>ff00ff00</color>
</LineStyle>
<PolyStyle>
<fill>0</fill>
</PolyStyle>
</Style>
<MultiGeometry>
<LineString>
<coordinates>-58.19681241927561,-32.17544137708766 -58.19709550889451,-32.174816345377074</coordinates>
</LineString>
</MultiGeometry>
</Placemark>
<Placemark>
<name>693</name>
<Style>
<LineStyle>
<color>ff00ff00</color>
</LineStyle>
<PolyStyle>
<fill>0</fill>
</PolyStyle>
</Style>
<MultiGeometry>
<LineString>
<coordinates>-58.19709550889451,-32.174816345377074 -58.19612796027669,-32.17442947559503</coordinates>
</LineString>
</MultiGeometry>
</Placemark>
<Placemark>
<name>694</name>
<Style>
<LineStyle>
<color>ff00ff00</color>
</LineStyle>
<PolyStyle>
<fill>0</fill>
</PolyStyle>
</Style>
<MultiGeometry>
<LineString>
<coordinates>-58.19612796027669,-32.17442947559503 -58.196246706309715,-32.17410844330115</coordinates>
</LineString>
</MultiGeometry>
</Placemark>
<Placemark>
<name>T5 F1a22 + S22 C8 (695)</name>
<Style>
<LineStyle>
<color>ff00ff00</color>
</LineStyle>
<PolyStyle>
<fill>0</fill>
</PolyStyle>
</Style>
<MultiGeometry>
<LineString>
<coordinates>-58.19694769597905,-32.17549691785813 -58.19480843000956,-32.18009725674284</coordinates>
</LineString>
</MultiGeometry>
</Placemark>
<Placemark>
<name>696</name>
<Style>
<LineStyle>
<color>ff00ff00</color>
</LineStyle>
<PolyStyle>
<fill>0</fill>
</PolyStyle>
</Style>
<MultiGeometry>
<LineString>
<coordinates>-58.19480843000956,-32.18009725674284 -58.19493924598329,-32.17980462094367</coordinates>
</LineString>
</MultiGeometry>
</Placemark>
<Placemark>
<name>697</name>
<Style>
<LineStyle>
<color>ff00ff00</color>
</LineStyle>
<PolyStyle>
<fill>0</fill>
</PolyStyle>
</Style>
<MultiGeometry>
<LineString>
<coordinates>-58.19480843000956,-32.18009725674284 -58.19537790372414,-32.180295491345106</coordinates>
</LineString>
</MultiGeometry>
</Placemark>
<Placemark>
<name>698</name>
<Style>
<LineStyle>
<color>ff00ff00</color>
</LineStyle>
<PolyStyle>
<fill>0</fill>
</PolyStyle>
</Style>
<MultiGeometry>
<LineString>
<coordinates>-58.19537790372414,-32.180295491345106 -58.196635247483535,-32.18069979434642</coordinates>
</LineString>
</MultiGeometry>
</Placemark>
<Placemark>
<name>699</name>
<Style>
<LineStyle>
<color>ff00ff00</color>
</LineStyle>
<PolyStyle>
<fill>0</fill>
</PolyStyle>
</Style>
<MultiGeometry>
<LineString>
<coordinates>-58.19480843000956,-32.18009725674284 -58.194639567409375,-32.18047575306234</coordinates>
</LineString>
</MultiGeometry>
</Placemark>
<Placemark>
<name>T5 F1a10 + S22 C3a4 (700)</name>
<Style>
<LineStyle>
<color>ff00ff00</color>
</LineStyle>
<PolyStyle>
<fill>0</fill>
</PolyStyle>
</Style>
<MultiGeometry>
<LineString>
<coordinates>-58.19480843000956,-32.18009725674284 -58.194407060628684,-32.18100307430238</coordinates>
</LineString>
</MultiGeometry>
</Placemark>
<Placemark>
<name>701</name>
<Style>
<LineStyle>
<color>ff00ff00</color>
</LineStyle>
<PolyStyle>
<fill>0</fill>
</PolyStyle>
</Style>
<MultiGeometry>
<LineString>
<coordinates>-58.194407060628684,-32.18100307430238 -58.19520574664699,-32.181266625876184</coordinates>
</LineString>
</MultiGeometry>
</Placemark>
<Placemark>
<name>702</name>
<Style>
<LineStyle>
<color>ff00ff00</color>
</LineStyle>
<PolyStyle>
<fill>0</fill>
</PolyStyle>
</Style>
<MultiGeometry>
<LineString>
<coordinates>-58.19520574664699,-32.181266625876184 -58.196386647449614,-32.181642547903444</coordinates>
</LineString>
</MultiGeometry>
</Placemark>
<Placemark>
<name>T5 F1a10 + S10 C8 (703)</name>
<Style>
<LineStyle>
<color>ff00ff00</color>
</LineStyle>
<PolyStyle>
<fill>0</fill>
</PolyStyle>
</Style>
<MultiGeometry>
<LineString>
<coordinates>-58.194407060628684,-32.18100307430238 -58.19395193050054,-32.18205024994697</coordinates>
</LineString>
</MultiGeometry>
</Placemark>
<Placemark>
<name>704</name>
<Style>
<LineStyle>
<color>ff00ff00</color>
</LineStyle>
<PolyStyle>
<fill>0</fill>
</PolyStyle>
</Style>
<MultiGeometry>
<LineString>
<coordinates>-58.19395193050054,-32.18205024994697 -58.194191375939376,-32.18157033496117</coordinates>
</LineString>
</MultiGeometry>
</Placemark>
<Placemark>
<name>705</name>
<Style>
<LineStyle>
<color>ff00ff00</color>
</LineStyle>
<PolyStyle>
<fill>0</fill>
</PolyStyle>
</Style>
<MultiGeometry>
<LineString>
<coordinates>-58.19395193050054,-32.18205024994697 -58.193795137840866,-32.18241409221844</coordinates>
</LineString>
</MultiGeometry>
</Placemark>
<Placemark>
<name>T5 F1a9 + S10 C3a5 (706)</name>
<Style>
<LineStyle>
<color>ff00ff00</color>
</LineStyle>
<PolyStyle>
<fill>0</fill>
</PolyStyle>
</Style>
<MultiGeometry>
<LineString>
<coordinates>-58.19395193050054,-32.18205024994697 -58.19514367670704,-32.18242565822031</coordinates>
</LineString>
</MultiGeometry>
</Placemark>
<Placemark>
<name>707</name>
<Style>
<LineStyle>
<color>ff00ff00</color>
</LineStyle>
<PolyStyle>
<fill>0</fill>
</PolyStyle>
</Style>
<MultiGeometry>
<LineString>
<coordinates>-58.19514367670704,-32.18242565822031 -58.194582482754456,-32.18224588994335 -58.19437131707787,-32.18273304266871</coordinates>
</LineString>
</MultiGeometry>
</Placemark>
<Placemark>
<name>708</name>
<Style>
<LineStyle>
<color>ff00ff00</color>
</LineStyle>
<PolyStyle>
<fill>0</fill>
</PolyStyle>
</Style>
<MultiGeometry>
<LineString>
<coordinates>-58.19514367670704,-32.18242565822031 -58.19498493067396,-32.18283200729914</coordinates>
</LineString>
</MultiGeometry>
</Placemark>
<Placemark>
<name>709</name>
<Style>
<LineStyle>
<color>ff00ff00</color>
</LineStyle>
<PolyStyle>
<fill>0</fill>
</PolyStyle>
</Style>
<MultiGeometry>
<LineString>
<coordinates>-58.19514367670704,-32.18242565822031 -58.195762159019885,-32.18260734053332</coordinates>
</LineString>
</MultiGeometry>
</Placemark>
<Placemark>
<name>T5 F1a6 (710)</name>
<Style>
<LineStyle>
<color>ff00ff00</color>
</LineStyle>
<PolyStyle>
<fill>0</fill>
</PolyStyle>
</Style>
<MultiGeometry>
<LineString>
<coordinates>-58.19514367670704,-32.18242565822031 -58.19653268184335,-32.18286294195745</coordinates>
</LineString>
</MultiGeometry>
</Placemark>
<Placemark>
<name>711</name>
<Style>
<LineStyle>
<color>ff00ff00</color>
</LineStyle>
<PolyStyle>
<fill>0</fill>
</PolyStyle>
</Style>
<MultiGeometry>
<LineString>
<coordinates>-58.19653268184335,-32.18286294195745 -58.196355043779576,-32.18330468965823</coordinates>
</LineString>
</MultiGeometry>
</Placemark>
<Placemark>
<name>712</name>
<Style>
<LineStyle>
<color>ff00ff00</color>
</LineStyle>
<PolyStyle>
<fill>0</fill>
</PolyStyle>
</Style>
<MultiGeometry>
<LineString>
<coordinates>-58.196355043779576,-32.18330468965823 -58.19564364612259,-32.18310059730602</coordinates>
</LineString>
</MultiGeometry>
</Placemark>
<Placemark>
<name>713</name>
<Style>
<LineStyle>
<color>ff00ff00</color>
</LineStyle>
<PolyStyle>
<fill>0</fill>
</PolyStyle>
</Style>
<MultiGeometry>
<LineString>
<coordinates>-58.19653268184335,-32.18286294195745 -58.19616204129893,-32.18373303012935</coordinates>
</LineString>
</MultiGeometry>
</Placemark>
<Placemark>
<name>714</name>
<Style>
<LineStyle>
<color>ff00ff00</color>
</LineStyle>
<PolyStyle>
<fill>0</fill>
</PolyStyle>
</Style>
<MultiGeometry>
<LineString>
<coordinates>-58.19616204129893,-32.18373303012935 -58.19547344241822,-32.18352780365131</coordinates>
</LineString>
</MultiGeometry>
</Placemark>
<Placemark>
<name>715</name>
<Style>
<LineStyle>
<color>ff00ff00</color>
</LineStyle>
<PolyStyle>
<fill>0</fill>
</PolyStyle>
</Style>
<MultiGeometry>
<LineString>
<coordinates>-58.19616204129893,-32.18373303012935 -58.19664093217553,-32.183897956682</coordinates>
</LineString>
</MultiGeometry>
</Placemark>
<Placemark>
<name>716</name>
<Style>
<LineStyle>
<color>ff00ff00</color>
</LineStyle>
<PolyStyle>
<fill>0</fill>
</PolyStyle>
</Style>
<MultiGeometry>
<LineString>
<coordinates>-58.19653268184335,-32.18286294195745 -58.19674224385012,-32.18237380821768</coordinates>
</LineString>
</MultiGeometry>
</Placemark>
<Placemark>
<name>717</name>
<Style>
<LineStyle>
<color>ff00ff00</color>
</LineStyle>
<PolyStyle>
<fill>0</fill>
</PolyStyle>
</Style>
<MultiGeometry>
<LineString>
<coordinates>-58.19674224385012,-32.18237380821768 -58.19712953961908,-32.181508703356236</coordinates>
</LineString>
</MultiGeometry>
</Placemark>
<Placemark>
<name>T5 F1a5 (718)</name>
<Style>
<LineStyle>
<color>ff00ff00</color>
</LineStyle>
<PolyStyle>
<fill>0</fill>
</PolyStyle>
</Style>
<MultiGeometry>
<LineString>
<coordinates>-58.19653268184335,-32.18286294195745 -58.197583736630115,-32.18319458286253</coordinates>
</LineString>
</MultiGeometry>
</Placemark>
<Placemark>
<name>719</name>
<Style>
<LineStyle>
<color>ff00ff00</color>
</LineStyle>
<PolyStyle>
<fill>0</fill>
</PolyStyle>
</Style>
<MultiGeometry>
<LineString>
<coordinates>-58.197583736630115,-32.18319458286253 -58.197033154946034,-32.18301843561543</coordinates>
</LineString>
</MultiGeometry>
</Placemark>
<Placemark>
<name>720</name>
<Style>
<LineStyle>
<color>ff00ff00</color>
</LineStyle>
<PolyStyle>
<fill>0</fill>
</PolyStyle>
</Style>
<MultiGeometry>
<LineString>
<coordinates>-58.197033154946034,-32.18301843561543 -58.19744481574596,-32.18214477321203</coordinates>
</LineString>
</MultiGeometry>
</Placemark>
<Placemark>
<name>721</name>
<Style>
<LineStyle>
<color>ff00ff00</color>
</LineStyle>
<PolyStyle>
<fill>0</fill>
</PolyStyle>
</Style>
<MultiGeometry>
<LineString>
<coordinates>-58.19744481574596,-32.18214477321203 -58.197642570376914,-32.18170528987878</coordinates>
</LineString>
</MultiGeometry>
</Placemark>
<Placemark>
<name>722</name>
<Style>
<LineStyle>
<color>ff00ff00</color>
</LineStyle>
<PolyStyle>
<fill>0</fill>
</PolyStyle>
</Style>
<MultiGeometry>
<LineString>
<coordinates>-58.197583736630115,-32.18319458286253 -58.19780245323224,-32.182701633677</coordinates>
</LineString>
</MultiGeometry>
</Placemark>
<Placemark>
<name>723</name>
<Style>
<LineStyle>
<color>ff00ff00</color>
</LineStyle>
<PolyStyle>
<fill>0</fill>
</PolyStyle>
</Style>
<MultiGeometry>
<LineString>
<coordinates>-58.19780245323224,-32.182701633677 -58.19820014900226,-32.181851693318784</coordinates>
</LineString>
</MultiGeometry>
</Placemark>
<Placemark>
<name>724</name>
<Style>
<LineStyle>
<color>ff00ff00</color>
</LineStyle>
<PolyStyle>
<fill>0</fill>
</PolyStyle>
</Style>
<MultiGeometry>
<LineString>
<coordinates>-58.197583736630115,-32.18319458286253 -58.19740743967108,-32.183634058843595</coordinates>
</LineString>
</MultiGeometry>
</Placemark>
<Placemark>
<name>Troncal 5 (725)</name>
<Style>
<LineStyle>
<color>ff00ff00</color>
</LineStyle>
<PolyStyle>
<fill>0</fill>
</PolyStyle>
</Style>
<MultiGeometry>
<LineString>
<coordinates>-58.197583736630115,-32.18319458286253 -58.19740743967108,-32.183634058843595</coordinates>
</LineString>
</MultiGeometry>
</Placemark>
</Folder>
<Style id="gananciaIcon">
<IconStyle>
<color>ff0000ff</color>
<scale>1.1</scale>
<Icon>
<href>https://maps.google.com/mapfiles/kml/pushpin/purple-pushpin.png</href>
</Icon>
</IconStyle>
</Style>
<Schema name="ganancias" id="ganancias">
<SimpleField name="ID" type="string"></SimpleField>
</Schema><Folder><name>ganancias</name>
</Folder>
</Document>
</kml>